#pragma once
#include <stdint.h>
// S.H.A.W. (Ship Upgrade Array Works) equipment, cut from the component sheets.
// 48x34, 4-bit indexed (index 0 = transparent), each with its own 16-colour RGB565 palette.
// EQUIP[cap][art] for CapId order; 4 art steps per capability, chosen by mark.
static const int EQUIP_W = 48, EQUIP_H = 34;
struct EquipArt { uint16_t pal[16]; uint8_t px[48 * 34 / 2]; };
static const EquipArt EQUIP[9][4] PROGMEM = {
  {  // weapons
    {{0x0000, 0xDEB8, 0xCE36, 0xB574, 0xA553, 0x9CD1, 0x9C2E, 0x73CF, 0x6B2C, 0x62CA, 0x4A8A, 0x4249, 0x39C7, 0x2104, 0x0000, 0x0000},
     {
      0x00, 0x00, 0x00, 0x00, 0x00, 0x00, 0x00, 0x00, 0x00, 0x00, 0x00, 0x00, 0x00, 0x00, 0x00, 0x00, 0x00, 0x00, 0x00, 0x00, 0x00, 0x00, 0x00, 0x00,
      0x00, 0x00, 0x00, 0x00, 0x00, 0x00, 0x00, 0x00, 0x00, 0x00, 0x00, 0x00, 0x00, 0x00, 0x00, 0x00, 0x00, 0x00, 0x00, 0x00, 0x00, 0x00, 0x00, 0x00,
      0x00, 0x00, 0x00, 0x00, 0x00, 0x00, 0x00, 0x00, 0x00, 0x00, 0x00, 0x00, 0x00, 0x00, 0x00, 0x00, 0x00, 0x00, 0x00, 0x00, 0x00, 0x00, 0x00, 0x00,
      0x00, 0x00, 0x00, 0x00, 0x00, 0x00, 0x00, 0x00, 0x00, 0x00, 0x00, 0x00, 0x00, 0x00, 0x00, 0x00, 0x00, 0x0B, 0xAB, 0xD0, 0x00, 0x00, 0x00, 0x00,
      0x00, 0x00, 0x00, 0x00, 0x00, 0x00, 0x00, 0x00, 0x00, 0x00, 0x00, 0x00, 0x00, 0x00, 0x0D, 0xEB, 0xC7, 0x41, 0x11, 0x37, 0xB0, 0x00, 0x00, 0x00,
      0x00, 0x00, 0x00, 0x00, 0x00, 0x00, 0x00, 0x00, 0x00, 0x00, 0x00, 0x00, 0x0C, 0xCC, 0x56, 0x66, 0x35, 0x76, 0x21, 0x11, 0x13, 0x7C, 0x00, 0x00,
      0x00, 0x00, 0x00, 0x00, 0x00, 0x00, 0x00, 0x00, 0x00, 0x00, 0x00, 0x08, 0x64, 0x11, 0x11, 0x12, 0x36, 0x65, 0x66, 0x31, 0x11, 0x13, 0x7C, 0x00,
      0x00, 0x00, 0x00, 0x00, 0x00, 0x00, 0x00, 0x00, 0x00, 0x00, 0x0A, 0x31, 0x15, 0x11, 0x11, 0x11, 0x11, 0x36, 0x63, 0x57, 0x54, 0x43, 0x22, 0x90,
      0x00, 0x00, 0x00, 0x00, 0x00, 0x00, 0x00, 0x00, 0x00, 0x00, 0x05, 0x35, 0xCC, 0xA7, 0x21, 0x11, 0x11, 0x11, 0x36, 0x66, 0x83, 0x11, 0x11, 0x70,
      0x00, 0x00, 0x00, 0x00, 0x00, 0x00, 0x00, 0x00, 0x00, 0x00, 0xDC, 0xCC, 0xA8, 0x8A, 0xA9, 0x11, 0x33, 0x34, 0x33, 0x66, 0x76, 0x35, 0x55, 0x5C,
      0x00, 0x00, 0x00, 0x00, 0x00, 0x00, 0x00, 0x00, 0x00, 0x0C, 0x77, 0x88, 0x88, 0x77, 0x8C, 0x23, 0x11, 0x11, 0x12, 0x66, 0x77, 0x43, 0x57, 0x5B,
      0x00, 0x00, 0x00, 0x00, 0x00, 0x00, 0x00, 0x00, 0x00, 0x08, 0xCC, 0x88, 0x78, 0x8A, 0xC4, 0x11, 0x12, 0x33, 0x45, 0x66, 0x67, 0x47, 0x77, 0x5C,
      0x00, 0x00, 0x00, 0x00, 0x00, 0x00, 0x00, 0x00, 0x00, 0xD8, 0xC8, 0xC8, 0x8A, 0xBC, 0x71, 0x11, 0x44, 0x23, 0x33, 0x66, 0x67, 0x47, 0x75, 0x4C,
      0x00, 0x00, 0x00, 0x00, 0x00, 0x00, 0x00, 0x00, 0x0C, 0xCD, 0x96, 0x98, 0x8A, 0xBC, 0x12, 0x14, 0x33, 0x43, 0x43, 0x9B, 0xB8, 0x44, 0x44, 0x4C,
      0x00, 0x00, 0x00, 0x00, 0x00, 0x00, 0xCD, 0xCB, 0x87, 0x55, 0xA8, 0x88, 0x8A, 0xC6, 0x11, 0x34, 0x44, 0x44, 0x57, 0x22, 0x23, 0x75, 0x44, 0x4C,
      0x00, 0x00, 0x00, 0x00, 0xDD, 0xD8, 0x75, 0x57, 0x77, 0x88, 0xB9, 0xB8, 0x8B, 0xB1, 0x11, 0x53, 0x44, 0x45, 0x82, 0x24, 0x55, 0x49, 0x44, 0x5C,
      0x00, 0xED, 0xDB, 0x87, 0x89, 0x55, 0x57, 0x78, 0xBB, 0xCC, 0xDD, 0xDA, 0x8C, 0x51, 0x13, 0x24, 0x44, 0x48, 0x52, 0x57, 0x7A, 0x77, 0x54, 0x80,
      0xCD, 0x64, 0x33, 0x66, 0x7C, 0x8A, 0xAB, 0xBD, 0xED, 0x8D, 0xC9, 0xB9, 0xAB, 0x11, 0x24, 0x34, 0x44, 0x49, 0x24, 0x85, 0x86, 0xB8, 0x55, 0xC0,
      0xC6, 0x95, 0x86, 0x88, 0x8D, 0xDD, 0xD0, 0x00, 0x00, 0x7C, 0x96, 0xCA, 0xA7, 0x11, 0x32, 0x33, 0x44, 0x49, 0x27, 0x79, 0x66, 0x98, 0x7B, 0x00,
      0xC6, 0x97, 0x88, 0xAC, 0xCD, 0x00, 0x00, 0x00, 0x00, 0x7A, 0xDC, 0xCA, 0xA8, 0x22, 0x52, 0x77, 0x74, 0x49, 0x27, 0x79, 0x66, 0x99, 0xDC, 0x00,
      0x0C, 0xCD, 0xDC, 0x00, 0x00, 0x00, 0x00, 0x00, 0x00, 0x72, 0xAC, 0xCA, 0xA8, 0x23, 0x52, 0x77, 0x85, 0x49, 0x25, 0xB9, 0x99, 0x98, 0x00, 0x00,
      0x00, 0x00, 0x00, 0x00, 0x00, 0x00, 0x00, 0x00, 0x00, 0xB5, 0x35, 0x8C, 0xD8, 0x23, 0x52, 0x55, 0x54, 0x49, 0x25, 0x7B, 0xCC, 0x58, 0x00, 0x00,
      0x00, 0x00, 0x00, 0x00, 0x00, 0x00, 0x00, 0x00, 0x00, 0x0D, 0xC8, 0x43, 0x63, 0x23, 0x53, 0x77, 0x54, 0x49, 0x25, 0x55, 0x55, 0x5C, 0x00, 0x00,
      0x00, 0x00, 0x00, 0x00, 0x00, 0x00, 0x00, 0x00, 0x00, 0xDD, 0xCB, 0xCA, 0x52, 0x13, 0x53, 0x44, 0x59, 0xCA, 0x25, 0x57, 0x7B, 0xDD, 0x00, 0x00,
      0x00, 0x00, 0x00, 0x00, 0x00, 0x00, 0x00, 0x00, 0x00, 0xC7, 0xAC, 0xBB, 0xCB, 0x77, 0x87, 0xCC, 0xCC, 0xCB, 0xCB, 0xCC, 0xCA, 0x8B, 0xD0, 0x00,
      0x00, 0x00, 0x00, 0x00, 0x00, 0x00, 0x00, 0x00, 0x00, 0xCA, 0x87, 0x8C, 0xCB, 0xCB, 0xBB, 0xAA, 0xCC, 0xCC, 0xA8, 0x77, 0xA8, 0x8B, 0xD0, 0x00,
      0x00, 0x00, 0x00, 0x00, 0x00, 0x00, 0x00, 0x00, 0x00, 0xCA, 0xAA, 0x87, 0x8B, 0xCD, 0xCD, 0xCC, 0xA7, 0x77, 0x78, 0xAA, 0xAA, 0xAC, 0xC0, 0x00,
      0x00, 0x00, 0x00, 0x00, 0x00, 0x00, 0x00, 0x00, 0x00, 0x0D, 0xCC, 0xAA, 0xA8, 0x77, 0x77, 0x77, 0x7A, 0xAA, 0xAA, 0xBC, 0xDD, 0xD0, 0x00, 0x00,
      0x00, 0x00, 0x00, 0x00, 0x00, 0x00, 0x00, 0x00, 0x00, 0x00, 0x0D, 0xDB, 0xBA, 0xA7, 0x7A, 0xAA, 0xAA, 0xCC, 0xCD, 0xDD, 0x00, 0x00, 0x00, 0x00,
      0x00, 0x00, 0x00, 0x00, 0x00, 0x00, 0x00, 0x00, 0x00, 0x00, 0x00, 0x0D, 0xCC, 0xA7, 0x7A, 0xBC, 0xDC, 0xCD, 0xD0, 0x00, 0x00, 0x00, 0x00, 0x00,
      0x00, 0x00, 0x00, 0x00, 0x00, 0x00, 0x00, 0x00, 0x00, 0x00, 0x00, 0x00, 0x00, 0xDD, 0xDD, 0xCD, 0x00, 0x00, 0x00, 0x00, 0x00, 0x00, 0x00, 0x00,
      0x00, 0x00, 0x00, 0x00, 0x00, 0x00, 0x00, 0x00, 0x00, 0x00, 0x00, 0x00, 0x00, 0x00, 0x00, 0x00, 0x00, 0x00, 0x00, 0x00, 0x00, 0x00, 0x00, 0x00,
      0x00, 0x00, 0x00, 0x00, 0x00, 0x00, 0x00, 0x00, 0x00, 0x00, 0x00, 0x00, 0x00, 0x00, 0x00, 0x00, 0x00, 0x00, 0x00, 0x00, 0x00, 0x00, 0x00, 0x00,
      0x00, 0x00, 0x00, 0x00, 0x00, 0x00, 0x00, 0x00, 0x00, 0x00, 0x00, 0x00, 0x00, 0x00, 0x00, 0x00, 0x00, 0x00, 0x00, 0x00, 0x00, 0x00, 0x00, 0x00}},
    {{0x0000, 0xD677, 0xB594, 0xACD0, 0x8C91, 0x8B8B, 0x6B2D, 0x5AEC, 0x4AAB, 0x4229, 0x39E8, 0x31A7, 0x2966, 0x1904, 0x0000, 0x0000},
     {
      0x00, 0x00, 0x00, 0x00, 0x00, 0x00, 0x00, 0x00, 0x00, 0x00, 0x00, 0x00, 0x00, 0x00, 0x00, 0x00, 0x00, 0x00, 0x00, 0x00, 0x00, 0x00, 0x00, 0x00,
      0x00, 0x00, 0x00, 0x00, 0x00, 0x00, 0x00, 0x00, 0x00, 0x00, 0x00, 0x00, 0x00, 0x00, 0x0A, 0xCC, 0xA0, 0x00, 0x00, 0x00, 0x00, 0x00, 0x00, 0x00,
      0x00, 0x00, 0x00, 0x00, 0x00, 0x00, 0x00, 0x00, 0x00, 0x00, 0x00, 0x00, 0xBC, 0xC5, 0x52, 0x11, 0x26, 0xAB, 0xCD, 0xBB, 0xA0, 0x00, 0x00, 0x00,
      0x00, 0x00, 0x00, 0x00, 0x00, 0x00, 0x00, 0x00, 0x00, 0x00, 0xDD, 0x76, 0x35, 0x55, 0x55, 0x31, 0x11, 0x13, 0xBB, 0x88, 0x89, 0xDE, 0x00, 0x00,
      0x00, 0x00, 0x00, 0x00, 0x00, 0x00, 0x00, 0x0D, 0xD9, 0x76, 0x22, 0x11, 0x11, 0x23, 0x55, 0x55, 0x31, 0x11, 0x12, 0x89, 0x77, 0x77, 0xAC, 0xD0,
      0x00, 0x00, 0x00, 0x00, 0x00, 0x00, 0x0C, 0xB2, 0x21, 0x22, 0x42, 0x11, 0x11, 0x11, 0x13, 0x55, 0x55, 0x33, 0x33, 0x29, 0x87, 0x77, 0x76, 0x6A,
      0x00, 0x00, 0x00, 0x00, 0x00, 0x00, 0x61, 0x22, 0x11, 0x24, 0x44, 0x43, 0x11, 0x11, 0x11, 0x15, 0x55, 0x55, 0x21, 0x12, 0x96, 0x64, 0x46, 0x6C,
      0x00, 0x00, 0x00, 0x00, 0x00, 0x04, 0x42, 0x11, 0x22, 0x11, 0x12, 0x42, 0x31, 0x11, 0x34, 0x32, 0x35, 0x55, 0x33, 0x44, 0x76, 0x68, 0x99, 0x9C,
      0x00, 0x00, 0x00, 0x00, 0x00, 0x67, 0x9A, 0x73, 0x11, 0x22, 0x11, 0x11, 0x23, 0x32, 0x21, 0x12, 0x35, 0x55, 0x52, 0x11, 0x4A, 0x89, 0x99, 0x9C,
      0x00, 0x00, 0x00, 0x00, 0x06, 0x67, 0x77, 0x7A, 0xA4, 0x11, 0x22, 0x22, 0x11, 0x22, 0x24, 0x44, 0x35, 0x53, 0x52, 0x11, 0x6A, 0x89, 0x99, 0x9C,
      0x00, 0x00, 0x00, 0x00, 0x66, 0x67, 0x77, 0x67, 0x7A, 0x92, 0x12, 0x12, 0x22, 0x43, 0x32, 0x21, 0x13, 0x55, 0x53, 0x22, 0x6A, 0x9A, 0xAB, 0x9D,
      0x00, 0x00, 0x00, 0x07, 0x66, 0x77, 0x67, 0x77, 0x77, 0xA1, 0x22, 0x24, 0x42, 0x11, 0x11, 0x12, 0x23, 0x55, 0x53, 0x24, 0x7C, 0xBA, 0x87, 0x7C,
      0x00, 0x00, 0x00, 0xA4, 0x66, 0x66, 0x67, 0x76, 0x69, 0x42, 0x22, 0x42, 0x11, 0x11, 0x22, 0x22, 0x23, 0x55, 0x57, 0x9A, 0xBC, 0x99, 0x99, 0x7C,
      0x00, 0x00, 0x00, 0x7C, 0x87, 0x64, 0x66, 0x66, 0x97, 0x23, 0x23, 0x21, 0x22, 0x22, 0x22, 0x22, 0x46, 0xCC, 0x77, 0x68, 0xBC, 0x99, 0x99, 0xC0,
      0x00, 0x00, 0x00, 0x7D, 0x88, 0x87, 0x64, 0x68, 0x72, 0x22, 0x33, 0x12, 0x22, 0x22, 0x22, 0x28, 0x86, 0x67, 0x89, 0x99, 0xBC, 0x9A, 0xBD, 0xC0,
      0x00, 0x00, 0x9C, 0xA7, 0x9C, 0x98, 0x86, 0x7A, 0x23, 0x23, 0x41, 0x22, 0x22, 0x24, 0x46, 0x49, 0x79, 0x98, 0x96, 0x79, 0xBD, 0xDD, 0xCB, 0xC0,
      0x0C, 0xA6, 0x42, 0x22, 0x24, 0x7C, 0x86, 0x94, 0x22, 0x24, 0x11, 0x22, 0x46, 0x68, 0x87, 0x49, 0x78, 0x98, 0x99, 0x88, 0xBC, 0xAA, 0x9A, 0xC0,
      0xC7, 0x59, 0x32, 0x22, 0x22, 0x22, 0xB6, 0xA1, 0x42, 0x41, 0x12, 0x22, 0x68, 0x88, 0x88, 0x49, 0x88, 0x98, 0x97, 0x88, 0xAB, 0x99, 0x99, 0xC0,
      0xA9, 0x55, 0x56, 0x32, 0x21, 0x12, 0x97, 0xB1, 0x42, 0x31, 0x22, 0x26, 0x88, 0x88, 0x88, 0x49, 0x89, 0x98, 0x98, 0x77, 0xAA, 0x99, 0x99, 0xB0,
      0xAC, 0xDC, 0x53, 0x61, 0x22, 0x33, 0x97, 0xC1, 0x42, 0x41, 0x22, 0x47, 0x77, 0x88, 0x64, 0x49, 0x99, 0xA9, 0x98, 0x99, 0xAA, 0x99, 0x99, 0xB0,
      0xAC, 0xAB, 0xA5, 0x92, 0x44, 0x44, 0x98, 0xC2, 0x42, 0x41, 0x24, 0x76, 0x44, 0x44, 0x46, 0x49, 0x89, 0xAB, 0xB8, 0x77, 0xAA, 0x99, 0x9D, 0x00,
      0xAC, 0xAB, 0xC5, 0x72, 0x44, 0x44, 0x97, 0xB2, 0x42, 0x41, 0x24, 0x44, 0x47, 0x77, 0x66, 0x49, 0x99, 0xDB, 0xB9, 0x99, 0xC9, 0x99, 0xB0, 0x00,
      0xAC, 0x99, 0xC5, 0x72, 0x44, 0x44, 0x97, 0xB2, 0x42, 0x41, 0x27, 0x76, 0x44, 0x22, 0x22, 0x49, 0x99, 0xCB, 0xCB, 0xAC, 0xB9, 0x99, 0xA0, 0x00,
      0xC6, 0xC9, 0xB5, 0x72, 0x68, 0x66, 0x97, 0xB2, 0x42, 0x41, 0x24, 0x22, 0x22, 0x22, 0x24, 0x6C, 0xBC, 0xCB, 0xBD, 0xDC, 0xAA, 0xAD, 0x00, 0x00,
      0x0B, 0x9A, 0xA5, 0x72, 0x67, 0x66, 0x97, 0xB1, 0x42, 0x41, 0x27, 0x79, 0x44, 0x44, 0x46, 0x8A, 0xCC, 0xCC, 0xCB, 0xAA, 0xAA, 0xC0, 0x00, 0x00,
      0x00, 0xDC, 0xA9, 0x74, 0x44, 0x44, 0xC7, 0xB1, 0x42, 0x41, 0x47, 0x67, 0x47, 0x78, 0xBB, 0xDC, 0xB9, 0x99, 0xAB, 0xCD, 0xEC, 0x00, 0x00, 0x00,
      0x00, 0x00, 0x0D, 0xB7, 0x7A, 0xCD, 0x97, 0xA1, 0x44, 0x44, 0x67, 0x88, 0x9C, 0xCC, 0xA9, 0x99, 0x9A, 0xBD, 0xCE, 0xD0, 0x00, 0x00, 0x00, 0x00,
      0x00, 0x00, 0x00, 0x0D, 0xDC, 0xBC, 0xD8, 0xA1, 0x44, 0x48, 0xAB, 0xBD, 0xCA, 0x99, 0x99, 0xAA, 0xDD, 0xB0, 0x00, 0x00, 0x00, 0x00, 0x00, 0x00,
      0x00, 0x00, 0x00, 0x00, 0x0C, 0xCA, 0x9B, 0xCB, 0x9B, 0xBB, 0x9A, 0x99, 0x99, 0xAD, 0xDD, 0xEE, 0x00, 0x00, 0x00, 0x00, 0x00, 0x00, 0x00, 0x00,
      0x00, 0x00, 0x00, 0x00, 0x00, 0x0C, 0xCB, 0x89, 0x98, 0x88, 0x88, 0xAC, 0xCC, 0xD0, 0x00, 0x00, 0x00, 0x00, 0x00, 0x00, 0x00, 0x00, 0x00, 0x00,
      0x00, 0x00, 0x00, 0x00, 0x00, 0x00, 0x0C, 0xDC, 0x99, 0x9D, 0xDD, 0xDB, 0x00, 0x00, 0x00, 0x00, 0x00, 0x00, 0x00, 0x00, 0x00, 0x00, 0x00, 0x00,
      0x00, 0x00, 0x00, 0x00, 0x00, 0x00, 0x00, 0x0B, 0xDD, 0xD0, 0x00, 0x00, 0x00, 0x00, 0x00, 0x00, 0x00, 0x00, 0x00, 0x00, 0x00, 0x00, 0x00, 0x00,
      0x00, 0x00, 0x00, 0x00, 0x00, 0x00, 0x00, 0x00, 0x00, 0x00, 0x00, 0x00, 0x00, 0x00, 0x00, 0x00, 0x00, 0x00, 0x00, 0x00, 0x00, 0x00, 0x00, 0x00,
      0x00, 0x00, 0x00, 0x00, 0x00, 0x00, 0x00, 0x00, 0x00, 0x00, 0x00, 0x00, 0x00, 0x00, 0x00, 0x00, 0x00, 0x00, 0x00, 0x00, 0x00, 0x00, 0x00, 0x00}},
    {{0x0000, 0xDEB7, 0xC5F5, 0xBCCF, 0x8C91, 0xB3A9, 0x73AE, 0x5B2D, 0x52AB, 0x5A69, 0x4229, 0x41C7, 0x31A7, 0x2967, 0x18E4, 0x0000},
     {
      0x00, 0x00, 0x00, 0x00, 0x00, 0x00, 0x00, 0x00, 0x00, 0x00, 0x00, 0x00, 0x00, 0x00, 0x00, 0x00, 0x00, 0x00, 0x00, 0x00, 0x00, 0x00, 0x00, 0x00,
      0x00, 0x00, 0x00, 0x00, 0x00, 0x00, 0x00, 0x00, 0x00, 0x00, 0x00, 0x00, 0x00, 0x00, 0x00, 0x00, 0x00, 0x00, 0x00, 0x00, 0x00, 0x00, 0x00, 0x00,
      0x00, 0x00, 0x00, 0x00, 0x00, 0x00, 0x00, 0x00, 0x00, 0x00, 0x00, 0x00, 0x00, 0x00, 0x00, 0x00, 0x00, 0x00, 0x00, 0x00, 0x00, 0x00, 0x00, 0x00,
      0x00, 0x00, 0x00, 0x00, 0x00, 0x00, 0x00, 0x00, 0x00, 0x00, 0x00, 0x00, 0x00, 0x00, 0x00, 0x00, 0x00, 0x00, 0x00, 0x00, 0x00, 0x00, 0x00, 0x00,
      0x00, 0x00, 0x00, 0x00, 0x00, 0x00, 0x00, 0x00, 0x00, 0x00, 0x00, 0x00, 0x0E, 0xDC, 0xD0, 0x00, 0xEE, 0x00, 0x00, 0x00, 0x00, 0x00, 0x00, 0x00,
      0x00, 0x00, 0x00, 0x00, 0x00, 0x00, 0x00, 0x00, 0x00, 0x00, 0x0B, 0xB6, 0x26, 0x88, 0x8A, 0xDA, 0x77, 0x88, 0x00, 0x00, 0x00, 0x00, 0x00, 0x00,
      0x00, 0x00, 0x00, 0x00, 0x00, 0x00, 0x00, 0x00, 0xCA, 0x66, 0x35, 0x56, 0x8A, 0xAA, 0x87, 0x7A, 0xA7, 0x78, 0x80, 0x00, 0x00, 0x00, 0x00, 0x00,
      0x00, 0x00, 0x00, 0x00, 0x00, 0x00, 0xB7, 0x74, 0x21, 0x46, 0x88, 0x88, 0x77, 0x77, 0xAA, 0x87, 0x88, 0xCA, 0x7C, 0x00, 0x00, 0x00, 0x00, 0x00,
      0x00, 0x00, 0x00, 0x00, 0x09, 0x93, 0x11, 0x12, 0x4A, 0x77, 0x88, 0x77, 0x77, 0x77, 0x77, 0x8C, 0xA7, 0x78, 0xAC, 0x00, 0x00, 0x00, 0x00, 0x00,
      0x00, 0x00, 0x00, 0x00, 0x55, 0x55, 0x53, 0x11, 0x12, 0x68, 0x77, 0x88, 0x77, 0x78, 0xAB, 0x97, 0x64, 0x68, 0x77, 0xAD, 0xDA, 0xAA, 0xA0, 0x00,
      0x00, 0x00, 0x00, 0x0E, 0x9E, 0x95, 0x35, 0x53, 0x22, 0x22, 0x68, 0x76, 0x8A, 0x87, 0x45, 0x55, 0x31, 0x12, 0x68, 0x77, 0x88, 0x66, 0x76, 0x00,
      0x00, 0x00, 0x00, 0x0E, 0xBC, 0xAB, 0xB5, 0x55, 0x55, 0x21, 0x12, 0x46, 0x21, 0x21, 0x11, 0x23, 0x55, 0x31, 0x11, 0x76, 0x78, 0x66, 0x66, 0xA0,
      0x00, 0x00, 0x00, 0x0E, 0xBC, 0xDD, 0xCC, 0xB5, 0x53, 0x55, 0x31, 0x11, 0x22, 0x11, 0x11, 0x11, 0x13, 0x53, 0x11, 0x47, 0x77, 0x84, 0x48, 0x70,
      0x00, 0x00, 0x00, 0x0E, 0xBC, 0xC7, 0x9D, 0xCB, 0xB9, 0x53, 0x55, 0x31, 0x11, 0x22, 0x11, 0x11, 0x13, 0x55, 0x21, 0x17, 0x66, 0xA7, 0x78, 0x7D,
      0x00, 0x00, 0xDD, 0xCE, 0xA7, 0x6A, 0x8A, 0xCD, 0xCA, 0xB9, 0x53, 0x55, 0x21, 0x12, 0x21, 0x11, 0x12, 0x55, 0x22, 0x28, 0xAA, 0xC7, 0x77, 0xAC,
      0x0A, 0x78, 0x46, 0x47, 0x77, 0xAC, 0xAA, 0xCA, 0xAC, 0xAA, 0xB9, 0x53, 0x51, 0x11, 0x21, 0x11, 0x12, 0x66, 0x77, 0x68, 0xAA, 0xC8, 0x87, 0xAC,
      0xCD, 0x64, 0x46, 0x78, 0xD8, 0x8C, 0xCA, 0xD9, 0x89, 0xAA, 0xCC, 0xB3, 0x52, 0x11, 0x21, 0x22, 0x26, 0x77, 0x77, 0x68, 0xAA, 0xDA, 0x8A, 0xCC,
      0xDE, 0xA8, 0x8A, 0xC8, 0xCA, 0xCC, 0xDC, 0xDC, 0xAA, 0xCC, 0xDC, 0xD5, 0x54, 0x46, 0x42, 0x22, 0x47, 0x76, 0x44, 0x6B, 0xCC, 0xDC, 0xAA, 0xCC,
      0xDC, 0xAC, 0x8A, 0xDD, 0xDD, 0xDE, 0xED, 0xAC, 0xCA, 0x86, 0x7D, 0xD5, 0x54, 0x44, 0x42, 0x22, 0x77, 0x47, 0x88, 0x77, 0x8D, 0xDA, 0xAA, 0xCE,
      0x0D, 0xDE, 0xE0, 0x0B, 0xBD, 0xDD, 0xDD, 0xCC, 0x88, 0x78, 0x8C, 0xE5, 0x53, 0x22, 0x42, 0x26, 0x74, 0xA7, 0x88, 0x88, 0x8C, 0xDC, 0xCD, 0xD0,
      0x00, 0x00, 0x00, 0x0E, 0xDC, 0x86, 0xA6, 0x44, 0x6A, 0xAC, 0x8A, 0xE5, 0x54, 0x22, 0x42, 0x46, 0x4A, 0x78, 0x88, 0x88, 0x8C, 0xCA, 0xAD, 0x00,
      0x00, 0x00, 0x0C, 0xA6, 0x64, 0x44, 0x6D, 0xCC, 0xA8, 0xAC, 0x8A, 0xE5, 0x54, 0x22, 0x42, 0x64, 0x68, 0x88, 0x88, 0x88, 0x8C, 0xCE, 0xD0, 0x00,
      0x00, 0x00, 0x0C, 0xEA, 0x67, 0x78, 0x8C, 0x67, 0x8A, 0xAC, 0xAD, 0xD5, 0x54, 0x22, 0x42, 0x44, 0x68, 0x8A, 0x88, 0x88, 0xAD, 0xD0, 0x00, 0x00,
      0x00, 0x00, 0x0D, 0xDC, 0x8A, 0xAC, 0xAE, 0xED, 0xED, 0xDD, 0xDC, 0xD5, 0x54, 0x22, 0x44, 0x64, 0x68, 0x88, 0xAC, 0xDD, 0xDC, 0x00, 0x00, 0x00,
      0x00, 0x00, 0x00, 0xAA, 0xCC, 0xDE, 0xEB, 0x99, 0xBD, 0xCA, 0xAC, 0xD5, 0x54, 0x22, 0x44, 0x64, 0x7A, 0xDB, 0xA7, 0x6D, 0xDD, 0x00, 0x00, 0x00,
      0x00, 0x00, 0x00, 0x0E, 0xE0, 0x00, 0x00, 0x0B, 0x99, 0xBD, 0xCA, 0xD5, 0x53, 0x24, 0x44, 0x44, 0x69, 0x99, 0x9A, 0xE0, 0x00, 0x00, 0x00, 0x00,
      0x00, 0x00, 0x00, 0x00, 0x00, 0x00, 0x00, 0x00, 0x0B, 0x99, 0xBE, 0xE5, 0x54, 0x64, 0x64, 0x78, 0xAE, 0x00, 0x00, 0x00, 0x00, 0x00, 0x00, 0x00,
      0x00, 0x00, 0x00, 0x00, 0x00, 0x00, 0x00, 0x00, 0x00, 0x0E, 0xB9, 0x55, 0x96, 0x6A, 0xDE, 0x00, 0x00, 0x00, 0x00, 0x00, 0x00, 0x00, 0x00, 0x00,
      0x00, 0x00, 0x00, 0x00, 0x00, 0x00, 0x00, 0x00, 0x00, 0x00, 0x0D, 0xBB, 0xBD, 0xE0, 0x00, 0x00, 0x00, 0x00, 0x00, 0x00, 0x00, 0x00, 0x00, 0x00,
      0x00, 0x00, 0x00, 0x00, 0x00, 0x00, 0x00, 0x00, 0x00, 0x00, 0x00, 0x00, 0x00, 0x00, 0x00, 0x00, 0x00, 0x00, 0x00, 0x00, 0x00, 0x00, 0x00, 0x00,
      0x00, 0x00, 0x00, 0x00, 0x00, 0x00, 0x00, 0x00, 0x00, 0x00, 0x00, 0x00, 0x00, 0x00, 0x00, 0x00, 0x00, 0x00, 0x00, 0x00, 0x00, 0x00, 0x00, 0x00,
      0x00, 0x00, 0x00, 0x00, 0x00, 0x00, 0x00, 0x00, 0x00, 0x00, 0x00, 0x00, 0x00, 0x00, 0x00, 0x00, 0x00, 0x00, 0x00, 0x00, 0x00, 0x00, 0x00, 0x00,
      0x00, 0x00, 0x00, 0x00, 0x00, 0x00, 0x00, 0x00, 0x00, 0x00, 0x00, 0x00, 0x00, 0x00, 0x00, 0x00, 0x00, 0x00, 0x00, 0x00, 0x00, 0x00, 0x00, 0x00,
      0x00, 0x00, 0x00, 0x00, 0x00, 0x00, 0x00, 0x00, 0x00, 0x00, 0x00, 0x00, 0x00, 0x00, 0x00, 0x00, 0x00, 0x00, 0x00, 0x00, 0x00, 0x00, 0x00, 0x00}},
    {{0x0000, 0xD697, 0xC5F5, 0xBD10, 0x94B1, 0xA389, 0x7BAE, 0x634C, 0x5AEB, 0x6269, 0x4A8A, 0x4229, 0x39E8, 0x31C8, 0x2966, 0x0000},
     {
      0x00, 0x00, 0x00, 0x00, 0x00, 0x00, 0x00, 0x00, 0x00, 0x00, 0x00, 0x00, 0x00, 0x00, 0x00, 0x00, 0x00, 0x00, 0x00, 0x00, 0x00, 0x00, 0x00, 0x00,
      0x00, 0x00, 0x00, 0x00, 0x00, 0x00, 0x00, 0x00, 0x00, 0x00, 0x00, 0x00, 0x00, 0x00, 0x00, 0x00, 0x00, 0x00, 0x00, 0x00, 0x00, 0x00, 0x00, 0x00,
      0x00, 0x00, 0x00, 0x00, 0x00, 0x00, 0x00, 0x00, 0x00, 0x00, 0x00, 0x00, 0x00, 0x00, 0x00, 0x00, 0x00, 0x00, 0x00, 0x00, 0x00, 0x00, 0x00, 0x00,
      0x00, 0x00, 0x00, 0x00, 0x00, 0x00, 0x00, 0x00, 0x00, 0x00, 0x00, 0x00, 0x00, 0x00, 0x00, 0x00, 0x00, 0x00, 0x00, 0x00, 0x00, 0x00, 0x00, 0x00,
      0x00, 0x00, 0x00, 0x00, 0x00, 0x00, 0x00, 0x00, 0x00, 0x00, 0x00, 0x00, 0x00, 0x00, 0x00, 0x00, 0x00, 0x00, 0x00, 0x00, 0x00, 0x00, 0x00, 0x00,
      0x00, 0x00, 0x00, 0x00, 0x00, 0x00, 0x00, 0x00, 0x00, 0x00, 0x00, 0x00, 0x00, 0x00, 0x00, 0x00, 0x00, 0x00, 0x00, 0x00, 0x00, 0x00, 0x00, 0x00,
      0x00, 0x00, 0x00, 0x00, 0x00, 0x00, 0x00, 0x00, 0x00, 0x00, 0x00, 0x00, 0x00, 0x00, 0x00, 0x00, 0x00, 0x00, 0x00, 0x00, 0x00, 0x00, 0x00, 0x00,
      0x00, 0x00, 0x00, 0x00, 0x00, 0x00, 0x00, 0x00, 0x00, 0x00, 0x00, 0x00, 0x08, 0x66, 0x46, 0xB0, 0x00, 0x00, 0x87, 0x60, 0x00, 0x00, 0x00, 0x00,
      0x00, 0x00, 0x00, 0x00, 0x00, 0x00, 0x00, 0x00, 0x00, 0x00, 0x00, 0xC4, 0x22, 0x22, 0x21, 0x24, 0x46, 0x21, 0x11, 0x22, 0x40, 0x00, 0x00, 0x00,
      0x00, 0x00, 0x00, 0x00, 0x00, 0x00, 0x00, 0x00, 0x00, 0x00, 0xCA, 0x88, 0x84, 0x22, 0x22, 0x22, 0x21, 0x33, 0x32, 0x44, 0x44, 0x00, 0x00, 0x00,
      0x00, 0x00, 0x00, 0x00, 0x00, 0x00, 0x00, 0x0C, 0xC9, 0x99, 0xAB, 0x67, 0x86, 0x14, 0x67, 0x76, 0x22, 0x23, 0x52, 0x44, 0x42, 0xDD, 0xB8, 0x80,
      0x00, 0x07, 0x64, 0x43, 0x21, 0x4C, 0x99, 0x76, 0x55, 0x67, 0x87, 0x43, 0x22, 0x14, 0x8A, 0xBA, 0x22, 0x23, 0x56, 0x47, 0x8A, 0xAB, 0x86, 0x7C,
      0x00, 0x01, 0x11, 0x11, 0x11, 0x11, 0x97, 0x98, 0x9B, 0xBB, 0xBB, 0x42, 0x12, 0x12, 0x77, 0x64, 0x44, 0x35, 0x31, 0x12, 0x78, 0x7B, 0xB8, 0x8D,
      0xAE, 0xEC, 0x01, 0x11, 0x11, 0x10, 0xBA, 0xAB, 0xAA, 0xBC, 0xEA, 0x72, 0x22, 0x35, 0x55, 0x11, 0x11, 0x11, 0x33, 0x11, 0x28, 0x88, 0xDB, 0xBD,
      0xAD, 0xCC, 0x01, 0x00, 0x00, 0x0D, 0xCE, 0xAD, 0x9C, 0x69, 0x58, 0x84, 0x47, 0x8E, 0x55, 0x31, 0x11, 0x11, 0x33, 0x11, 0x2C, 0xAA, 0xEC, 0xDE,
      0x8D, 0x9B, 0xD0, 0x00, 0x00, 0x08, 0x95, 0x96, 0x55, 0x89, 0x39, 0x78, 0xBA, 0xAD, 0xC3, 0x53, 0x26, 0x24, 0x42, 0x68, 0x87, 0xBA, 0xED, 0xD0,
      0xBD, 0xB9, 0xE0, 0x00, 0x00, 0xEC, 0x75, 0x56, 0x53, 0x98, 0x39, 0x8A, 0x75, 0x7C, 0xD5, 0x52, 0x13, 0x46, 0x22, 0x6A, 0xA8, 0xCA, 0xCA, 0xA0,
      0x0C, 0x95, 0x50, 0x00, 0xED, 0xCC, 0x75, 0x58, 0x53, 0x98, 0x39, 0x8A, 0x85, 0x7C, 0xD5, 0x53, 0x26, 0x67, 0x42, 0x68, 0x8A, 0xCA, 0xD6, 0x7D,
      0x0D, 0x93, 0x3D, 0xD9, 0x55, 0x5B, 0x65, 0x58, 0x53, 0x99, 0x59, 0xAA, 0x88, 0xAD, 0xC5, 0x53, 0x29, 0x79, 0x32, 0x6A, 0x8D, 0xAA, 0xDA, 0xAD,
      0xAC, 0x95, 0x58, 0xA9, 0x99, 0xAC, 0x75, 0x58, 0x55, 0xBC, 0x9B, 0xB8, 0xBB, 0xEE, 0xE5, 0x52, 0x22, 0x74, 0x33, 0x22, 0x4D, 0xCE, 0xDB, 0xBE,
      0x7D, 0xA9, 0x9A, 0x86, 0x64, 0x8C, 0xC9, 0xCB, 0xEE, 0xCD, 0xEE, 0xA6, 0xBB, 0xDC, 0xD5, 0x53, 0x23, 0x44, 0x69, 0xAB, 0xEE, 0xED, 0xDB, 0xCE,
      0x7D, 0x9B, 0x82, 0x44, 0x43, 0x4C, 0xDD, 0xEE, 0xBB, 0xBB, 0xAA, 0xED, 0xDB, 0xCC, 0x95, 0x98, 0xAB, 0xDD, 0xED, 0xCC, 0xCB, 0xE0, 0x0E, 0xE0,
      0x7B, 0xCB, 0x72, 0x46, 0x64, 0x36, 0xCA, 0xAA, 0xBD, 0xED, 0xCA, 0x76, 0x88, 0xBB, 0xCE, 0xBB, 0xBB, 0xBB, 0xBA, 0xAA, 0xAD, 0x00, 0x00, 0x00,
      0xA6, 0xBB, 0x72, 0x44, 0x44, 0x46, 0xCD, 0xEE, 0x00, 0x09, 0x56, 0x44, 0x64, 0xBC, 0x99, 0xBB, 0xBB, 0xBC, 0xAC, 0xCE, 0xEE, 0x00, 0x00, 0x00,
      0x08, 0x66, 0x46, 0x67, 0x78, 0xAC, 0x00, 0x00, 0x00, 0x00, 0x9A, 0x7A, 0xBC, 0xAB, 0xBB, 0xCE, 0xDD, 0xEE, 0x00, 0x00, 0x00, 0x00, 0x00, 0x00,
      0x00, 0x00, 0xE0, 0x00, 0x00, 0x00, 0x00, 0x00, 0x00, 0x00, 0x00, 0x00, 0x0E, 0xCE, 0xEE, 0x00, 0x00, 0x00, 0x00, 0x00, 0x00, 0x00, 0x00, 0x00,
      0x00, 0x00, 0x00, 0x00, 0x00, 0x00, 0x00, 0x00, 0x00, 0x00, 0x00, 0x00, 0x00, 0x00, 0x00, 0x00, 0x00, 0x00, 0x00, 0x00, 0x00, 0x00, 0x00, 0x00,
      0x00, 0x00, 0x00, 0x00, 0x00, 0x00, 0x00, 0x00, 0x00, 0x00, 0x00, 0x00, 0x00, 0x00, 0x00, 0x00, 0x00, 0x00, 0x00, 0x00, 0x00, 0x00, 0x00, 0x00,
      0x00, 0x00, 0x00, 0x00, 0x00, 0x00, 0x00, 0x00, 0x00, 0x00, 0x00, 0x00, 0x00, 0x00, 0x00, 0x00, 0x00, 0x00, 0x00, 0x00, 0x00, 0x00, 0x00, 0x00,
      0x00, 0x00, 0x00, 0x00, 0x00, 0x00, 0x00, 0x00, 0x00, 0x00, 0x00, 0x00, 0x00, 0x00, 0x00, 0x00, 0x00, 0x00, 0x00, 0x00, 0x00, 0x00, 0x00, 0x00,
      0x00, 0x00, 0x00, 0x00, 0x00, 0x00, 0x00, 0x00, 0x00, 0x00, 0x00, 0x00, 0x00, 0x00, 0x00, 0x00, 0x00, 0x00, 0x00, 0x00, 0x00, 0x00, 0x00, 0x00,
      0x00, 0x00, 0x00, 0x00, 0x00, 0x00, 0x00, 0x00, 0x00, 0x00, 0x00, 0x00, 0x00, 0x00, 0x00, 0x00, 0x00, 0x00, 0x00, 0x00, 0x00, 0x00, 0x00, 0x00,
      0x00, 0x00, 0x00, 0x00, 0x00, 0x00, 0x00, 0x00, 0x00, 0x00, 0x00, 0x00, 0x00, 0x00, 0x00, 0x00, 0x00, 0x00, 0x00, 0x00, 0x00, 0x00, 0x00, 0x00,
      0x00, 0x00, 0x00, 0x00, 0x00, 0x00, 0x00, 0x00, 0x00, 0x00, 0x00, 0x00, 0x00, 0x00, 0x00, 0x00, 0x00, 0x00, 0x00, 0x00, 0x00, 0x00, 0x00, 0x00}},
  },
  {  // shields
    {{0x0000, 0xD6B8, 0xD697, 0xD676, 0xCE57, 0xB594, 0x9CD2, 0x8C71, 0x8C50, 0x7C30, 0xA3AA, 0x6B8E, 0x52AB, 0x39C7, 0x18E4, 0x0000},
     {
      0x00, 0x00, 0x00, 0x00, 0x00, 0x00, 0x00, 0x00, 0x00, 0x00, 0x00, 0x00, 0x00, 0x00, 0x00, 0x00, 0x00, 0x00, 0x00, 0x00, 0x00, 0x00, 0x00, 0x00,
      0x00, 0x00, 0x00, 0x00, 0x00, 0x00, 0x00, 0x00, 0x00, 0x00, 0x00, 0x00, 0x00, 0x00, 0x00, 0x00, 0x00, 0x00, 0x00, 0x00, 0x00, 0x00, 0x00, 0x00,
      0x00, 0x00, 0x00, 0x00, 0x00, 0x00, 0x00, 0x00, 0x00, 0x00, 0x00, 0x00, 0x00, 0x00, 0x00, 0x00, 0x00, 0x00, 0x00, 0x00, 0x00, 0x00, 0x00, 0x00,
      0x00, 0x00, 0x00, 0x00, 0x00, 0x00, 0x00, 0x00, 0x00, 0x00, 0x00, 0x00, 0x00, 0x00, 0x00, 0x00, 0x00, 0x00, 0x00, 0x00, 0x00, 0x00, 0x00, 0x00,
      0x00, 0x00, 0x00, 0x00, 0x00, 0x00, 0x00, 0x00, 0x00, 0xED, 0xDD, 0xDD, 0xDD, 0xDD, 0xDE, 0x00, 0x00, 0x00, 0x00, 0x00, 0x00, 0x00, 0x00, 0x00,
      0x00, 0x00, 0x00, 0x00, 0x00, 0x00, 0xCC, 0xEE, 0xED, 0xD1, 0x44, 0x44, 0x44, 0x44, 0x4C, 0xCE, 0xEE, 0xDD, 0x00, 0x00, 0x00, 0x00, 0x00, 0x00,
      0x00, 0x00, 0x00, 0x00, 0x0E, 0xFE, 0xCC, 0xEB, 0x54, 0x44, 0x55, 0x55, 0x55, 0x55, 0x54, 0x46, 0xCE, 0xCC, 0xEF, 0xE0, 0x00, 0x00, 0x00, 0x00,
      0x00, 0x00, 0x00, 0x0C, 0xE8, 0x66, 0x7E, 0x74, 0x66, 0x52, 0x23, 0x33, 0x33, 0x22, 0x45, 0x55, 0x49, 0xCA, 0xAA, 0xDE, 0xD0, 0x00, 0x00, 0x00,
      0x00, 0x00, 0x0E, 0xC9, 0x41, 0x5C, 0xD5, 0x26, 0x42, 0x22, 0x33, 0x33, 0x33, 0x32, 0x22, 0x25, 0x62, 0xBD, 0xBA, 0xAA, 0xDD, 0xC0, 0x00, 0x00,
      0x00, 0x0D, 0xE7, 0x54, 0x46, 0xDE, 0xC1, 0x38, 0x22, 0x33, 0x33, 0x32, 0x33, 0x23, 0x33, 0x33, 0x82, 0x2D, 0xCB, 0xA6, 0x6B, 0xDD, 0xD0, 0x00,
      0x00, 0xCB, 0x42, 0x32, 0x7D, 0xDC, 0xB1, 0x36, 0x52, 0x33, 0x32, 0x22, 0x22, 0x22, 0x33, 0x35, 0x62, 0x4B, 0xDE, 0xCB, 0xBB, 0x86, 0xBD, 0x00,
      0x0D, 0xB1, 0x33, 0x34, 0xDC, 0xBB, 0x74, 0x21, 0x67, 0x51, 0x11, 0x22, 0x22, 0x22, 0x15, 0x66, 0x14, 0x59, 0x9C, 0xED, 0x21, 0x11, 0x4C, 0x00,
      0x0D, 0x53, 0x33, 0x34, 0xDB, 0x99, 0xBD, 0x84, 0x14, 0x66, 0x54, 0x44, 0x44, 0x45, 0x65, 0x51, 0x46, 0xB9, 0x66, 0xBC, 0x13, 0x33, 0x25, 0xD0,
      0xDC, 0x13, 0x33, 0x34, 0xD7, 0x8C, 0xDC, 0xDC, 0x61, 0x11, 0x46, 0x66, 0x66, 0x64, 0x11, 0x15, 0x9C, 0xCB, 0x97, 0x7B, 0x33, 0x33, 0x32, 0xCD,
      0xD4, 0x23, 0x33, 0x32, 0x7B, 0xCC, 0xBB, 0xBC, 0xDC, 0xB4, 0x44, 0x44, 0x44, 0x44, 0x49, 0xB7, 0x55, 0x7C, 0xB9, 0xB5, 0x33, 0x33, 0x33, 0x4E,
      0xD4, 0x23, 0x33, 0x24, 0x6D, 0xDB, 0xBB, 0xBB, 0xBD, 0xC6, 0x99, 0x99, 0x99, 0x99, 0x6B, 0xB6, 0x11, 0x59, 0xBC, 0x51, 0x33, 0x33, 0x33, 0x5E,
      0xD5, 0x13, 0x33, 0x49, 0xDB, 0xBD, 0xCB, 0xBB, 0xCC, 0x77, 0x99, 0x99, 0x99, 0x99, 0x69, 0xC6, 0x11, 0x46, 0xB7, 0x12, 0x33, 0x33, 0x34, 0x6E,
      0xDB, 0x21, 0x21, 0xCD, 0xBA, 0xAA, 0xAD, 0xDC, 0xD6, 0x77, 0x99, 0x99, 0x99, 0x99, 0x64, 0xBC, 0x66, 0x54, 0x11, 0x12, 0x33, 0x33, 0x34, 0x7E,
      0xDB, 0x61, 0x6C, 0xCA, 0xAA, 0xAA, 0xAA, 0xCE, 0xD7, 0x99, 0x99, 0x99, 0x99, 0x99, 0x97, 0x9D, 0xCB, 0x51, 0x55, 0x12, 0x33, 0x32, 0x26, 0xBE,
      0x0D, 0x86, 0xDC, 0xAA, 0xAA, 0xAA, 0xAA, 0xD6, 0x4C, 0xDD, 0xDD, 0xDD, 0xDD, 0xDD, 0xDD, 0xC5, 0x14, 0x54, 0x25, 0x51, 0x12, 0x24, 0x68, 0xD0,
      0x0D, 0xB7, 0xDC, 0xAA, 0xAA, 0xAA, 0xCD, 0x51, 0x25, 0x55, 0x55, 0x55, 0x55, 0x55, 0x55, 0x54, 0x24, 0x54, 0x12, 0x66, 0x11, 0x56, 0x7B, 0xE0,
      0x0C, 0xD7, 0xDC, 0xAA, 0xAA, 0xAD, 0xC1, 0x23, 0x23, 0x21, 0x11, 0x67, 0x65, 0x22, 0x33, 0x33, 0x33, 0x55, 0x42, 0x15, 0xB6, 0x77, 0x9D, 0x00,
      0x00, 0x0C, 0xDC, 0xAA, 0xAA, 0xDC, 0x51, 0x23, 0x32, 0x22, 0x11, 0x55, 0x55, 0x22, 0x33, 0x33, 0x32, 0x14, 0x55, 0x66, 0xB7, 0x79, 0xD0, 0x00,
      0x00, 0x0C, 0xED, 0xAA, 0xAA, 0xDB, 0x53, 0x44, 0x11, 0x11, 0x11, 0x11, 0x11, 0x11, 0x11, 0x22, 0x45, 0x55, 0x99, 0x77, 0xB8, 0xCE, 0xC0, 0x00,
      0x00, 0x00, 0x00, 0xEA, 0xAA, 0xDB, 0x78, 0x87, 0x54, 0x44, 0x44, 0x44, 0x44, 0x44, 0x44, 0x46, 0x99, 0x89, 0x89, 0x99, 0xDE, 0xE0, 0x00, 0x00,
      0x00, 0x00, 0x00, 0x0E, 0xED, 0xDB, 0x77, 0x77, 0x78, 0x77, 0x88, 0x87, 0x77, 0x77, 0x77, 0x77, 0x77, 0x88, 0x9C, 0xDF, 0xE0, 0x00, 0x00, 0x00,
      0x00, 0x00, 0x00, 0x00, 0x0F, 0xFE, 0xDD, 0x89, 0x97, 0x88, 0x88, 0x88, 0x77, 0x77, 0x77, 0x78, 0x87, 0xCD, 0xDF, 0xF0, 0x00, 0x00, 0x00, 0x00,
      0x00, 0x00, 0x00, 0x00, 0x00, 0x00, 0xEE, 0xFF, 0xF9, 0x99, 0x99, 0x99, 0x88, 0x88, 0x88, 0x7E, 0xFF, 0xDD, 0xC0, 0x00, 0x00, 0x00, 0x00, 0x00,
      0x00, 0x00, 0x00, 0x00, 0x00, 0x00, 0x00, 0x00, 0x0F, 0xEE, 0xEE, 0xEE, 0xEE, 0xEE, 0xEE, 0xE0, 0x00, 0x00, 0x00, 0x00, 0x00, 0x00, 0x00, 0x00,
      0x00, 0x00, 0x00, 0x00, 0x00, 0x00, 0x00, 0x00, 0x00, 0x00, 0x00, 0x00, 0x00, 0x00, 0x00, 0x00, 0x00, 0x00, 0x00, 0x00, 0x00, 0x00, 0x00, 0x00,
      0x00, 0x00, 0x00, 0x00, 0x00, 0x00, 0x00, 0x00, 0x00, 0x00, 0x00, 0x00, 0x00, 0x00, 0x00, 0x00, 0x00, 0x00, 0x00, 0x00, 0x00, 0x00, 0x00, 0x00,
      0x00, 0x00, 0x00, 0x00, 0x00, 0x00, 0x00, 0x00, 0x00, 0x00, 0x00, 0x00, 0x00, 0x00, 0x00, 0x00, 0x00, 0x00, 0x00, 0x00, 0x00, 0x00, 0x00, 0x00,
      0x00, 0x00, 0x00, 0x00, 0x00, 0x00, 0x00, 0x00, 0x00, 0x00, 0x00, 0x00, 0x00, 0x00, 0x00, 0x00, 0x00, 0x00, 0x00, 0x00, 0x00, 0x00, 0x00, 0x00,
      0x00, 0x00, 0x00, 0x00, 0x00, 0x00, 0x00, 0x00, 0x00, 0x00, 0x00, 0x00, 0x00, 0x00, 0x00, 0x00, 0x00, 0x00, 0x00, 0x00, 0x00, 0x00, 0x00, 0x00}},
    {{0x0000, 0xC616, 0xA555, 0x9D35, 0x9D14, 0x94F4, 0x8C51, 0x73CF, 0x6B8E, 0x632D, 0x5AEC, 0x52CB, 0x4A6A, 0x3A08, 0x2966, 0x0000},
     {
      0x00, 0x00, 0x00, 0x00, 0x00, 0x00, 0x00, 0x00, 0x00, 0x00, 0x00, 0x00, 0x00, 0x0F, 0xA9, 0x9A, 0xE0, 0x00, 0x00, 0x00, 0x00, 0x00, 0x00, 0x00,
      0x00, 0x00, 0x00, 0x00, 0x00, 0x00, 0x00, 0x00, 0x00, 0x00, 0x00, 0x00, 0x0C, 0x76, 0x99, 0x72, 0x16, 0xC0, 0x00, 0x00, 0x00, 0x00, 0x00, 0x00,
      0x00, 0x00, 0x00, 0x00, 0x00, 0x00, 0x00, 0x00, 0x00, 0x00, 0x00, 0x00, 0xD6, 0xAD, 0x62, 0x6A, 0x91, 0x1B, 0x00, 0x00, 0x00, 0x00, 0x00, 0x00,
      0x00, 0x00, 0x00, 0x00, 0x00, 0x00, 0x0E, 0xEE, 0x00, 0x00, 0x00, 0x00, 0x79, 0xC4, 0x53, 0x33, 0x6A, 0x11, 0xA0, 0x00, 0x00, 0x00, 0x00, 0x00,
      0x00, 0x00, 0x00, 0x00, 0x00, 0x0C, 0x91, 0x15, 0x69, 0xE0, 0x00, 0x0C, 0x9C, 0x62, 0x53, 0x33, 0x35, 0x81, 0x1C, 0x00, 0x00, 0x00, 0x00, 0x00,
      0x00, 0x00, 0x00, 0x00, 0x0C, 0x78, 0x9C, 0xBA, 0x61, 0x19, 0x00, 0xE6, 0xCB, 0x33, 0x53, 0x33, 0x33, 0x67, 0x14, 0xE0, 0x00, 0x00, 0x00, 0x00,
      0x00, 0x00, 0x00, 0x00, 0xE6, 0xAC, 0x52, 0x45, 0x7A, 0x11, 0x7C, 0xC7, 0xD7, 0x36, 0xBE, 0xEE, 0x82, 0x3B, 0x41, 0xB0, 0x00, 0x00, 0x00, 0x00,
      0x00, 0x00, 0x00, 0x0C, 0x69, 0xC2, 0x33, 0x44, 0x35, 0x91, 0x17, 0xB7, 0xE5, 0x6D, 0xA8, 0x88, 0x9A, 0x36, 0xA1, 0x2D, 0x00, 0x00, 0x00, 0x00,
      0x00, 0x00, 0x00, 0x09, 0x8D, 0x63, 0x33, 0x44, 0x33, 0x59, 0x11, 0x97, 0xE5, 0xCA, 0xDC, 0xBC, 0x98, 0x93, 0xA4, 0x19, 0x00, 0x00, 0x00, 0x00,
      0x00, 0x00, 0x00, 0xE5, 0xBA, 0x43, 0x32, 0x33, 0x23, 0x36, 0x91, 0x1E, 0x8C, 0xAC, 0xC4, 0x37, 0xC9, 0xB9, 0x9B, 0x11, 0xEC, 0x9E, 0x00, 0x00,
      0x00, 0x00, 0x00, 0xB6, 0xD6, 0x43, 0x5A, 0xDD, 0xD5, 0x44, 0x96, 0x16, 0xAC, 0xCD, 0x84, 0x43, 0x99, 0x7E, 0x8E, 0x11, 0xDC, 0xC1, 0xA0, 0x00,
      0x00, 0x00, 0x00, 0x99, 0xD5, 0x48, 0xA9, 0x77, 0x7A, 0x64, 0x3A, 0x11, 0xE9, 0xBE, 0x63, 0x33, 0x5C, 0x89, 0x96, 0x51, 0x7A, 0x79, 0xA0, 0x00,
      0x00, 0x00, 0x0E, 0x69, 0xD4, 0x7A, 0xBD, 0xCB, 0x87, 0x87, 0x5A, 0x51, 0x7C, 0xAE, 0x53, 0x33, 0x3C, 0x88, 0xE4, 0x91, 0x6E, 0xC7, 0xC0, 0x00,
      0x00, 0x00, 0x0E, 0x5B, 0xA4, 0xAB, 0xE9, 0x56, 0xD9, 0x7B, 0x58, 0xB1, 0x1E, 0xAE, 0x53, 0x34, 0x48, 0xB8, 0xD6, 0xB1, 0x6C, 0x9D, 0x00, 0x00,
      0x00, 0x00, 0x0E, 0x6D, 0x1A, 0xCD, 0xD5, 0x55, 0x2C, 0x78, 0xC7, 0xE1, 0x1B, 0xAE, 0x53, 0x44, 0x45, 0xD8, 0xD8, 0xC1, 0x1E, 0xE0, 0x00, 0x00,
      0x00, 0x00, 0x0E, 0x6D, 0x7B, 0xDD, 0xC3, 0x44, 0x38, 0xB7, 0xB7, 0xC6, 0x16, 0xDC, 0x82, 0x33, 0x34, 0xD8, 0xDA, 0xE1, 0x1E, 0x00, 0x00, 0x00,
      0x00, 0x00, 0x0E, 0x6D, 0x4C, 0x9D, 0x63, 0x44, 0x35, 0xD7, 0x8A, 0x7D, 0x24, 0xDC, 0xB3, 0x33, 0x33, 0xD8, 0xDA, 0xC1, 0x2E, 0x00, 0x00, 0x00,
      0x00, 0x00, 0x0E, 0x87, 0xDD, 0x8D, 0x63, 0x44, 0x33, 0xC8, 0x7D, 0x4E, 0x24, 0xDA, 0xD3, 0x33, 0x34, 0xD8, 0xD3, 0xB1, 0x2E, 0x00, 0x00, 0x00,
      0x00, 0x00, 0x0D, 0x7E, 0x7C, 0x8D, 0x63, 0x44, 0x33, 0x7B, 0x8D, 0x4E, 0x21, 0xCA, 0xC8, 0x43, 0x39, 0xB9, 0xD2, 0xB2, 0x2E, 0x00, 0x00, 0x00,
      0x00, 0x00, 0xD5, 0xCC, 0x8C, 0x8D, 0xA3, 0x44, 0x33, 0x7C, 0x9E, 0x39, 0x11, 0xCB, 0xAC, 0x64, 0x3C, 0xAB, 0x82, 0xB2, 0x2E, 0x00, 0x00, 0x00,
      0x00, 0x0D, 0x6C, 0x6C, 0x9A, 0xAC, 0xD2, 0x44, 0x33, 0x7C, 0x9E, 0x39, 0x22, 0xCE, 0xAA, 0xC9, 0x9B, 0xAE, 0x52, 0xA2, 0x6E, 0x00, 0x00, 0x00,
      0x00, 0x0B, 0x77, 0x89, 0xE5, 0xDB, 0xC6, 0x44, 0x33, 0x7B, 0x9E, 0x39, 0x22, 0xC7, 0xCB, 0xAB, 0xAB, 0xD6, 0x42, 0xC2, 0x70, 0x00, 0x00, 0x00,
      0x00, 0x0D, 0x67, 0xD9, 0xE6, 0xC8, 0xAA, 0x34, 0x33, 0xD9, 0xAD, 0x39, 0x22, 0xBE, 0x57, 0xDE, 0xDA, 0x55, 0x46, 0x94, 0xC0, 0x00, 0x00, 0x00,
      0x00, 0x00, 0xEC, 0x86, 0x7D, 0xC9, 0x9B, 0x74, 0x34, 0xDA, 0xCA, 0x49, 0x22, 0xA8, 0x93, 0x22, 0x23, 0x45, 0x49, 0x77, 0xD0, 0x00, 0x00, 0x00,
      0x00, 0x00, 0x00, 0xEE, 0xA9, 0x7D, 0x8A, 0xD6, 0x38, 0xCB, 0xE6, 0x3A, 0x12, 0xE7, 0xA8, 0x33, 0x33, 0x45, 0x5C, 0x69, 0x00, 0x00, 0x00, 0x00,
      0x00, 0x00, 0x00, 0x0D, 0x6A, 0xDD, 0xEA, 0xBD, 0xDB, 0xBE, 0x64, 0x2B, 0x16, 0xD8, 0x7A, 0xA5, 0x23, 0x45, 0x87, 0x7E, 0x00, 0x00, 0x00, 0x00,
      0x00, 0x00, 0x00, 0x00, 0x75, 0xB5, 0x6D, 0xDD, 0xCD, 0xD6, 0x35, 0x68, 0x6A, 0x00, 0x96, 0x8C, 0xA8, 0x89, 0x78, 0xD0, 0x00, 0x00, 0x00, 0x00,
      0x00, 0x00, 0x00, 0x00, 0xD4, 0x8A, 0x55, 0x7C, 0xCC, 0x55, 0x55, 0x85, 0x7D, 0x00, 0x0D, 0x86, 0x9C, 0xB7, 0xAE, 0x00, 0x00, 0x00, 0x00, 0x00,
      0x00, 0x00, 0x00, 0x00, 0x08, 0x5A, 0x62, 0x33, 0x33, 0x33, 0x35, 0xB4, 0x8E, 0x00, 0x00, 0xED, 0xCB, 0xBE, 0x00, 0x00, 0x00, 0x00, 0x00, 0x00,
      0x00, 0x00, 0x00, 0x00, 0x0C, 0x66, 0xA7, 0x33, 0x33, 0x33, 0x47, 0x66, 0xD0, 0x00, 0x00, 0x00, 0x00, 0x00, 0x00, 0x00, 0x00, 0x00, 0x00, 0x00,
      0x00, 0x00, 0x00, 0x00, 0x00, 0xD6, 0x48, 0xB5, 0x33, 0x33, 0x78, 0x7C, 0x00, 0x00, 0x00, 0x00, 0x00, 0x00, 0x00, 0x00, 0x00, 0x00, 0x00, 0x00,
      0x00, 0x00, 0x00, 0x00, 0x00, 0x0D, 0x72, 0x6C, 0xD7, 0x79, 0x86, 0xC0, 0x00, 0x00, 0x00, 0x00, 0x00, 0x00, 0x00, 0x00, 0x00, 0x00, 0x00, 0x00,
      0x00, 0x00, 0x00, 0x00, 0x00, 0x00, 0x0C, 0x66, 0x6A, 0xA6, 0x8C, 0x00, 0x00, 0x00, 0x00, 0x00, 0x00, 0x00, 0x00, 0x00, 0x00, 0x00, 0x00, 0x00,
      0x00, 0x00, 0x00, 0x00, 0x00, 0x00, 0x00, 0x0E, 0xCC, 0xCD, 0x00, 0x00, 0x00, 0x00, 0x00, 0x00, 0x00, 0x00, 0x00, 0x00, 0x00, 0x00, 0x00, 0x00}},
    {{0x0000, 0xAD96, 0x9D35, 0x9D14, 0x94B3, 0x7C31, 0x7BAE, 0x6B8E, 0x5B4E, 0x5AEC, 0x52CB, 0x4A6A, 0x3A08, 0x2987, 0x1905, 0x0000},
     {
      0x00, 0x00, 0x00, 0x00, 0x00, 0x00, 0x00, 0xBA, 0xB0, 0x00, 0x00, 0x00, 0x00, 0x00, 0x0C, 0xCC, 0x00, 0x00, 0x00, 0x00, 0x00, 0x00, 0x00, 0x00,
      0x00, 0x00, 0x00, 0x00, 0x00, 0x00, 0xC4, 0x45, 0x44, 0x00, 0x00, 0x00, 0x00, 0x00, 0x62, 0x33, 0x47, 0xC0, 0x00, 0x00, 0x00, 0x00, 0x00, 0x00,
      0x00, 0x00, 0x87, 0x00, 0x00, 0xC7, 0x13, 0x45, 0x81, 0xD0, 0x00, 0x00, 0x00, 0x09, 0x26, 0x64, 0x32, 0x4B, 0x00, 0x0B, 0x00, 0x00, 0x00, 0x00,
      0x00, 0x00, 0xED, 0xB0, 0x0A, 0x12, 0x32, 0x35, 0x71, 0xD0, 0x00, 0x00, 0x00, 0x04, 0x75, 0x52, 0x33, 0x23, 0xA0, 0xB7, 0x00, 0x00, 0x00, 0x00,
      0x00, 0x00, 0x00, 0xA7, 0xD1, 0x24, 0x22, 0x45, 0x81, 0xE0, 0xDD, 0xDD, 0xDD, 0xD1, 0x85, 0x52, 0x23, 0x33, 0x7A, 0xB0, 0x00, 0x00, 0x00, 0x00,
      0x00, 0x00, 0x00, 0x09, 0x4A, 0x43, 0x23, 0x55, 0x24, 0xDA, 0xA9, 0x99, 0x88, 0xD1, 0x85, 0x53, 0x23, 0x3A, 0x5C, 0xD0, 0x00, 0x00, 0x00, 0x00,
      0x00, 0x00, 0x00, 0x0A, 0x65, 0x85, 0x34, 0x47, 0x18, 0xDA, 0xBB, 0xAA, 0xA9, 0xD1, 0x75, 0x55, 0x23, 0x95, 0xA5, 0x70, 0x00, 0x00, 0x00, 0x00,
      0x00, 0x00, 0x00, 0x51, 0x86, 0x47, 0x85, 0x56, 0x1C, 0xDC, 0xCC, 0xBB, 0xBA, 0xD4, 0x55, 0x55, 0x68, 0x59, 0x53, 0x1C, 0xC0, 0x00, 0x00, 0x00,
      0x00, 0x00, 0x0C, 0x14, 0x49, 0x75, 0x87, 0x71, 0x7C, 0x42, 0x23, 0x23, 0x22, 0x4A, 0x37, 0x58, 0x75, 0x85, 0x23, 0x14, 0xBA, 0xD0, 0x00, 0x00,
      0x00, 0x0E, 0xE4, 0x13, 0x24, 0xB9, 0x87, 0x34, 0xC4, 0x33, 0x33, 0x33, 0x33, 0x3B, 0x45, 0x58, 0x99, 0x83, 0x31, 0x11, 0xD9, 0x59, 0xD0, 0x00,
      0x00, 0xC9, 0xC1, 0x11, 0x14, 0x87, 0x74, 0x2C, 0x75, 0x5B, 0xAA, 0xAA, 0xAA, 0xAD, 0x91, 0x65, 0x79, 0x51, 0x11, 0x11, 0xBC, 0xC7, 0x5C, 0x00,
      0x0B, 0x79, 0x71, 0x11, 0x47, 0x77, 0x32, 0xB9, 0xEC, 0xCB, 0xBB, 0xBB, 0xBB, 0xBB, 0xD5, 0x15, 0x55, 0x55, 0x21, 0x21, 0xB4, 0x9D, 0x85, 0xB0,
      0xC8, 0x7D, 0x71, 0x45, 0x75, 0x73, 0x4B, 0xCB, 0xAC, 0xCD, 0xDD, 0xDD, 0xDD, 0xDD, 0xDD, 0x51, 0x54, 0x44, 0x54, 0x41, 0xB2, 0x28, 0xD5, 0x8C,
      0xD6, 0x7E, 0x85, 0x55, 0x53, 0x37, 0xCD, 0x5A, 0xBA, 0x95, 0x54, 0x44, 0x44, 0x37, 0xB9, 0xD8, 0x14, 0x53, 0x23, 0x33, 0x94, 0x44, 0xDA, 0x7C,
      0xE9, 0x7B, 0xC4, 0x22, 0x49, 0xCB, 0xBE, 0x7B, 0xD3, 0x22, 0x23, 0x22, 0x22, 0x24, 0x5A, 0x7C, 0xA4, 0x14, 0x41, 0x1A, 0xC7, 0x33, 0xB7, 0x8C,
      0xE9, 0x87, 0xBE, 0xDE, 0xB7, 0x44, 0xA9, 0xBA, 0x95, 0x33, 0x23, 0x22, 0x22, 0x24, 0x7C, 0xED, 0xDC, 0x94, 0x46, 0xBC, 0xBD, 0xCB, 0x77, 0x8D,
      0xE9, 0x79, 0x59, 0xD7, 0x12, 0x27, 0xBB, 0x35, 0xAE, 0x33, 0x23, 0x22, 0x22, 0x24, 0xD5, 0x56, 0x5C, 0x78, 0x85, 0x17, 0xCD, 0xB5, 0x88, 0x9D,
      0x0D, 0x95, 0x87, 0x7A, 0xC9, 0x7B, 0x5B, 0xBC, 0x88, 0xA2, 0x34, 0x23, 0x32, 0x28, 0x8D, 0xBB, 0xC9, 0x83, 0x44, 0xAB, 0x97, 0x78, 0x78, 0xCE,
      0x0E, 0xDA, 0x87, 0x88, 0x77, 0xAB, 0xBC, 0x99, 0x87, 0xB2, 0x3A, 0xAA, 0xA9, 0x5B, 0x45, 0x79, 0xBC, 0xDA, 0xCB, 0x77, 0x87, 0x77, 0x9C, 0xE0,
      0xEB, 0xBE, 0xCB, 0x98, 0x77, 0x88, 0x88, 0x77, 0x8A, 0xBB, 0xB8, 0x86, 0x66, 0xBB, 0xBA, 0x97, 0x77, 0x79, 0x99, 0x77, 0x78, 0x9B, 0xEB, 0xAD,
      0xE8, 0xAE, 0x8C, 0xDC, 0xA9, 0x77, 0x77, 0x88, 0x99, 0x99, 0x98, 0x86, 0x66, 0x98, 0x89, 0x89, 0x87, 0x57, 0x77, 0xAA, 0xBC, 0xC8, 0xDA, 0x8D,
      0xE8, 0xAE, 0x22, 0x49, 0xCD, 0xDC, 0xAA, 0xA8, 0x87, 0x75, 0x57, 0x76, 0x66, 0x67, 0x77, 0x78, 0x89, 0x8A, 0xBC, 0xDD, 0xC7, 0x31, 0xD9, 0x8D,
      0xEA, 0x7A, 0x93, 0x22, 0x35, 0x59, 0xBE, 0xDD, 0xCA, 0xAA, 0x99, 0x96, 0x66, 0xAA, 0xAA, 0xAC, 0xCC, 0xED, 0x95, 0x53, 0x42, 0x29, 0xA5, 0xAD,
      0xE9, 0x85, 0x9A, 0x42, 0x43, 0x33, 0x34, 0x55, 0x59, 0x99, 0xAD, 0xDD, 0xCC, 0xDD, 0xBB, 0xA9, 0xDA, 0xD4, 0x22, 0x22, 0x43, 0x99, 0x79, 0xAE,
      0x0C, 0x88, 0x77, 0xC9, 0x53, 0x33, 0x22, 0x42, 0x22, 0x22, 0x24, 0x33, 0x33, 0x23, 0x22, 0x23, 0xC8, 0x89, 0x22, 0x24, 0x8C, 0x77, 0x98, 0xCE,
      0x0D, 0xB8, 0x89, 0x77, 0xBB, 0x74, 0x33, 0x42, 0x22, 0x22, 0x24, 0x32, 0x22, 0x23, 0x22, 0x22, 0x68, 0x48, 0x65, 0xAB, 0x77, 0x98, 0x8B, 0xD0,
      0x00, 0xEC, 0xA8, 0x7A, 0x85, 0x9B, 0xC9, 0x85, 0x33, 0x34, 0x44, 0x44, 0x44, 0x44, 0x44, 0x33, 0x4B, 0x9C, 0xBA, 0x77, 0x99, 0x7A, 0xCD, 0x00,
      0x00, 0x0E, 0xDB, 0x95, 0x7A, 0x87, 0x58, 0xAC, 0xEE, 0xE5, 0x55, 0x55, 0x55, 0x55, 0x59, 0xDE, 0xD8, 0x75, 0x57, 0x98, 0x78, 0xBD, 0xF0, 0x00,
      0x00, 0x00, 0xEE, 0xDA, 0x75, 0x78, 0xAA, 0x87, 0x77, 0x7B, 0xBB, 0xA9, 0x69, 0xAA, 0xA9, 0x77, 0x58, 0x88, 0x87, 0x57, 0x9C, 0xEE, 0x00, 0x00,
      0x00, 0x00, 0x00, 0x0E, 0xDB, 0x99, 0x75, 0x88, 0xA9, 0x98, 0x79, 0x96, 0x66, 0x99, 0x9A, 0xAA, 0x88, 0x77, 0x89, 0xAD, 0xEE, 0x00, 0x00, 0x00,
      0x00, 0x00, 0x00, 0x00, 0x0D, 0xED, 0xCA, 0xAA, 0x77, 0x75, 0x68, 0x66, 0x66, 0x65, 0x55, 0x58, 0x9A, 0xBC, 0xDE, 0xE0, 0x00, 0x00, 0x00, 0x00,
      0x00, 0x00, 0x00, 0x00, 0x00, 0x00, 0xDE, 0xED, 0xCC, 0xB9, 0xAA, 0xA6, 0x66, 0x69, 0xAA, 0xAC, 0xEE, 0xED, 0x00, 0x00, 0x00, 0x00, 0x00, 0x00,
      0x00, 0x00, 0x00, 0x00, 0x00, 0x00, 0x00, 0x00, 0x00, 0xDE, 0xEE, 0xEE, 0xED, 0xDD, 0xDD, 0xE0, 0x00, 0x00, 0x00, 0x00, 0x00, 0x00, 0x00, 0x00,
      0x00, 0x00, 0x00, 0x00, 0x00, 0x00, 0x00, 0x00, 0x00, 0x00, 0x00, 0x00, 0x00, 0x00, 0x00, 0x00, 0x00, 0x00, 0x00, 0x00, 0x00, 0x00, 0x00, 0x00}},
    {{0x0000, 0xE6F9, 0xD696, 0xDE74, 0xCE36, 0xCDB1, 0xAD53, 0xB48D, 0x8C71, 0x93AB, 0x73CF, 0x6B4C, 0x62CA, 0x4A48, 0x2946, 0x0000},
     {
      0x00, 0x00, 0x00, 0x00, 0x00, 0x00, 0x00, 0x00, 0x00, 0x00, 0x00, 0x00, 0x00, 0x00, 0x00, 0x00, 0x00, 0x00, 0x00, 0x00, 0x00, 0x00, 0x00, 0x00,
      0x00, 0x00, 0x00, 0x00, 0x00, 0x00, 0x00, 0x00, 0x00, 0x00, 0x00, 0x00, 0x00, 0x00, 0x00, 0x00, 0x00, 0x00, 0x00, 0x00, 0x00, 0x00, 0x00, 0x00,
      0x00, 0x00, 0x00, 0x00, 0x00, 0x00, 0x00, 0x00, 0x00, 0x00, 0x00, 0x00, 0x00, 0x00, 0x00, 0x00, 0x00, 0x00, 0x00, 0x00, 0x00, 0x00, 0x00, 0x00,
      0x00, 0x00, 0x00, 0x00, 0x00, 0x00, 0x00, 0x00, 0x00, 0x00, 0x00, 0x00, 0x00, 0x00, 0x00, 0x00, 0x00, 0x00, 0x00, 0x00, 0x00, 0x00, 0x00, 0x00,
      0x00, 0x00, 0x00, 0x00, 0x00, 0x00, 0x00, 0x00, 0x00, 0xEC, 0xBB, 0xBB, 0xBB, 0xBB, 0xD0, 0x00, 0x00, 0x00, 0x00, 0x00, 0x00, 0x00, 0x00, 0x00,
      0x00, 0x00, 0x00, 0x00, 0x00, 0x00, 0x00, 0xDD, 0x0D, 0xBC, 0xCC, 0xCC, 0xCC, 0xCC, 0xCC, 0xD0, 0xDD, 0x00, 0x00, 0x00, 0x00, 0x00, 0x00, 0x00,
      0x00, 0x00, 0x00, 0x00, 0x00, 0x00, 0xEA, 0xBD, 0xDC, 0xDC, 0x9C, 0xCC, 0xCC, 0xC9, 0xCD, 0xCD, 0xDA, 0xBD, 0x00, 0x00, 0x00, 0x00, 0x00, 0x00,
      0x00, 0x00, 0x00, 0x00, 0x00, 0xD8, 0x8C, 0xED, 0xDD, 0xC9, 0x9C, 0x99, 0x99, 0x99, 0x9C, 0xDB, 0xDE, 0xB8, 0x6C, 0x00, 0x00, 0x00, 0x00, 0x00,
      0x00, 0x00, 0x00, 0x00, 0x0B, 0x48, 0xCD, 0xCC, 0xEC, 0xC7, 0x75, 0x55, 0x55, 0x57, 0x7C, 0xCE, 0xC9, 0xEC, 0x64, 0x80, 0x00, 0x00, 0x00, 0x00,
      0x00, 0x00, 0x00, 0x0D, 0x88, 0xCD, 0xEC, 0x99, 0x95, 0x77, 0x77, 0x77, 0x77, 0x77, 0x77, 0x79, 0xC9, 0xCD, 0xDB, 0x68, 0xD0, 0x00, 0x00, 0x00,
      0x00, 0x00, 0x00, 0xC6, 0xAC, 0xDB, 0x8A, 0xC9, 0x57, 0x77, 0x77, 0x53, 0x35, 0x77, 0x77, 0x77, 0x99, 0xA8, 0xBC, 0xD8, 0x6C, 0x00, 0x00, 0x00,
      0x00, 0x00, 0x0B, 0x6B, 0xDD, 0x86, 0x46, 0x88, 0xC9, 0x77, 0x75, 0x53, 0x55, 0x77, 0x77, 0x99, 0xA6, 0x66, 0x6A, 0xCD, 0xA6, 0xC0, 0x00, 0x00,
      0x00, 0x00, 0xB8, 0xCD, 0xC6, 0x44, 0x21, 0x24, 0x8C, 0x7C, 0xAA, 0xAA, 0xAA, 0xAA, 0xC7, 0xA8, 0x42, 0x22, 0x56, 0x6C, 0xDB, 0x6B, 0x00, 0x00,
      0x00, 0x0C, 0x8D, 0xDC, 0x64, 0x42, 0x11, 0x16, 0x8C, 0x9A, 0x64, 0x44, 0x44, 0x46, 0xA8, 0xD8, 0x62, 0x22, 0x45, 0x46, 0xBC, 0xC6, 0xC0, 0x00,
      0x00, 0xD8, 0xDC, 0xA8, 0x64, 0x42, 0x22, 0x68, 0xCD, 0xD8, 0x21, 0x11, 0x11, 0x14, 0x6C, 0xDD, 0x84, 0x22, 0x24, 0x46, 0x8A, 0xCD, 0x8E, 0x00,
      0x00, 0xBD, 0xC8, 0x66, 0x86, 0x22, 0x22, 0x8B, 0xCC, 0xA6, 0x21, 0x11, 0x11, 0x12, 0x6C, 0x9C, 0xB8, 0x22, 0x11, 0x68, 0x66, 0xAC, 0xCB, 0x00,
      0x0C, 0xCC, 0xA6, 0x66, 0x44, 0x66, 0x46, 0x8D, 0x9C, 0x84, 0x21, 0x11, 0x11, 0x12, 0x48, 0x97, 0xC8, 0x64, 0x46, 0x46, 0x66, 0x6B, 0xCC, 0xD0,
      0xEB, 0xDD, 0x66, 0x64, 0x42, 0x24, 0x68, 0xCD, 0x9C, 0xA4, 0x41, 0x11, 0x11, 0x14, 0x48, 0xDC, 0xCB, 0x86, 0x41, 0x24, 0x66, 0x66, 0xDD, 0xBD,
      0xDD, 0xD8, 0x66, 0x44, 0x42, 0x24, 0x68, 0xD9, 0xCA, 0x86, 0x66, 0x44, 0x44, 0x46, 0x68, 0xBC, 0x9D, 0x86, 0x42, 0x24, 0x46, 0x66, 0x8D, 0xDD,
      0xEE, 0xC7, 0x66, 0x44, 0x22, 0x22, 0x8C, 0x95, 0xC8, 0x44, 0x22, 0x41, 0x11, 0x22, 0x46, 0x89, 0x39, 0xB8, 0x22, 0x24, 0x44, 0x66, 0x6D, 0xEE,
      0x0D, 0x96, 0x64, 0x44, 0x22, 0x26, 0x8D, 0x55, 0xD8, 0x22, 0x22, 0x12, 0x11, 0x22, 0x22, 0x8D, 0x35, 0xDA, 0x62, 0x22, 0x44, 0x46, 0x69, 0xD0,
      0xEC, 0x78, 0x44, 0x44, 0x22, 0x48, 0xBC, 0x57, 0xB8, 0x22, 0x22, 0x12, 0x11, 0x22, 0x22, 0x8C, 0x53, 0xCA, 0xA2, 0x22, 0x44, 0x44, 0x89, 0xC0,
      0xEA, 0xA6, 0x44, 0x42, 0x45, 0x78, 0xD7, 0x39, 0xA6, 0x22, 0x22, 0x14, 0x12, 0x22, 0x22, 0x6A, 0x93, 0x9D, 0x87, 0x52, 0x44, 0x44, 0x6B, 0xB0,
      0x0E, 0xBA, 0x84, 0x45, 0x79, 0x8A, 0xD5, 0x5C, 0xA5, 0x42, 0x22, 0x24, 0x12, 0x22, 0x22, 0x4A, 0xC3, 0x7D, 0x88, 0x97, 0x54, 0x46, 0xAB, 0xE0,
      0x00, 0xED, 0x88, 0x89, 0x97, 0x8C, 0x93, 0x3C, 0x97, 0x54, 0x22, 0x62, 0x22, 0x22, 0x23, 0x99, 0xC3, 0x39, 0xB8, 0x79, 0x98, 0xAA, 0xDE, 0x00,
      0x00, 0x00, 0xEB, 0x88, 0x99, 0xAD, 0x97, 0x9A, 0x99, 0x64, 0x42, 0x62, 0x22, 0x22, 0x25, 0x99, 0xB7, 0x79, 0xD8, 0x89, 0x88, 0xBE, 0xE0, 0x00,
      0x00, 0x00, 0x0E, 0xED, 0xA8, 0xBE, 0x07, 0xCA, 0x77, 0x95, 0x62, 0x62, 0x22, 0x25, 0x49, 0x77, 0xAD, 0x70, 0xEB, 0x8A, 0xDE, 0xE0, 0x00, 0x00,
      0x00, 0x00, 0x00, 0x00, 0xEE, 0xE0, 0x00, 0xD8, 0xAA, 0xA8, 0x66, 0x86, 0x66, 0x68, 0x8A, 0xAA, 0x8E, 0x00, 0x0E, 0xEE, 0x00, 0x00, 0x00, 0x00,
      0x00, 0x00, 0x00, 0x00, 0x00, 0x00, 0x00, 0xEE, 0xDB, 0xBA, 0xAA, 0xAA, 0xAA, 0xA8, 0x8B, 0xBD, 0xE0, 0x00, 0x00, 0x00, 0x00, 0x00, 0x00, 0x00,
      0x00, 0x00, 0x00, 0x00, 0x00, 0x00, 0x00, 0x00, 0xEE, 0xEE, 0xEE, 0xEE, 0xEE, 0xEE, 0xEE, 0xEE, 0x00, 0x00, 0x00, 0x00, 0x00, 0x00, 0x00, 0x00,
      0x00, 0x00, 0x00, 0x00, 0x00, 0x00, 0x00, 0x00, 0x00, 0x00, 0x00, 0x00, 0x00, 0x00, 0x00, 0x00, 0x00, 0x00, 0x00, 0x00, 0x00, 0x00, 0x00, 0x00,
      0x00, 0x00, 0x00, 0x00, 0x00, 0x00, 0x00, 0x00, 0x00, 0x00, 0x00, 0x00, 0x00, 0x00, 0x00, 0x00, 0x00, 0x00, 0x00, 0x00, 0x00, 0x00, 0x00, 0x00,
      0x00, 0x00, 0x00, 0x00, 0x00, 0x00, 0x00, 0x00, 0x00, 0x00, 0x00, 0x00, 0x00, 0x00, 0x00, 0x00, 0x00, 0x00, 0x00, 0x00, 0x00, 0x00, 0x00, 0x00,
      0x00, 0x00, 0x00, 0x00, 0x00, 0x00, 0x00, 0x00, 0x00, 0x00, 0x00, 0x00, 0x00, 0x00, 0x00, 0x00, 0x00, 0x00, 0x00, 0x00, 0x00, 0x00, 0x00, 0x00}},
  },
  {  // mining
    {{0x0000, 0xCE98, 0xBE16, 0xA554, 0x94B2, 0x9C0D, 0x7C10, 0x73CF, 0x6B8E, 0x5B0C, 0x4A6A, 0x39E8, 0x31A7, 0x1904, 0x0862, 0x0000},
     {
      0x00, 0x00, 0x00, 0x00, 0x00, 0x00, 0x00, 0x00, 0x00, 0x00, 0x00, 0x00, 0x00, 0x00, 0x00, 0x00, 0x00, 0x00, 0x00, 0x00, 0x00, 0x00, 0x00, 0x00,
      0x00, 0x00, 0x00, 0x00, 0x00, 0x00, 0x00, 0x00, 0x00, 0x00, 0x00, 0x00, 0x00, 0x00, 0x00, 0x00, 0x00, 0x00, 0x00, 0x00, 0x00, 0x00, 0x00, 0x00,
      0x00, 0x00, 0x00, 0x00, 0x00, 0x00, 0x00, 0x00, 0x00, 0x00, 0x00, 0x00, 0x00, 0x00, 0x00, 0x00, 0x00, 0x00, 0x00, 0x00, 0x00, 0x00, 0x00, 0x00,
      0x00, 0x00, 0x00, 0x00, 0x00, 0x00, 0x00, 0x00, 0x00, 0x00, 0x00, 0x00, 0x00, 0x00, 0x00, 0x00, 0x00, 0x00, 0x00, 0x00, 0x00, 0x00, 0x00, 0x00,
      0x00, 0x00, 0x00, 0x00, 0x00, 0x00, 0x00, 0x00, 0x00, 0x00, 0x00, 0x00, 0x00, 0x00, 0x00, 0x00, 0x00, 0x00, 0x00, 0x00, 0x00, 0x00, 0x00, 0x00,
      0x00, 0x00, 0x00, 0x00, 0x00, 0x00, 0x00, 0x00, 0x00, 0x00, 0x00, 0x00, 0xEE, 0xEE, 0xEE, 0xD0, 0x00, 0x00, 0x00, 0x00, 0x00, 0x00, 0x00, 0x00,
      0x00, 0x00, 0x00, 0x00, 0x00, 0x00, 0x00, 0x00, 0x00, 0x00, 0xCC, 0xCC, 0xB2, 0x22, 0x22, 0x6A, 0xDD, 0xCC, 0xCC, 0xCD, 0x00, 0x00, 0x00, 0x00,
      0x00, 0x00, 0x00, 0x00, 0x00, 0x00, 0x00, 0x00, 0x0C, 0xEE, 0xA3, 0x12, 0x16, 0x66, 0x67, 0x21, 0x9C, 0xA8, 0x78, 0x69, 0xAD, 0xD0, 0x00, 0x00,
      0x00, 0x00, 0x00, 0x00, 0x00, 0x00, 0x00, 0x0E, 0xDD, 0x99, 0xAA, 0x41, 0x22, 0x22, 0x22, 0x11, 0x13, 0xAC, 0xBB, 0xBA, 0x96, 0xAC, 0x00, 0x00,
      0x00, 0x00, 0x00, 0x00, 0x00, 0x00, 0xDE, 0xEA, 0x79, 0x98, 0x86, 0xB4, 0x12, 0x22, 0x21, 0x11, 0x11, 0x8B, 0x77, 0x66, 0x9C, 0x99, 0xED, 0x00,
      0x00, 0x00, 0x00, 0x00, 0x00, 0xAD, 0x63, 0x29, 0xCD, 0xD9, 0x86, 0xA9, 0x11, 0x22, 0x11, 0x11, 0x11, 0x1A, 0x87, 0x77, 0x67, 0x88, 0x9B, 0xC0,
      0x00, 0x00, 0x00, 0x00, 0x0B, 0xAA, 0x73, 0x32, 0x22, 0xAB, 0x76, 0x6B, 0x92, 0x11, 0x11, 0x11, 0x11, 0x13, 0xB8, 0x88, 0x89, 0x99, 0x88, 0xD0,
      0x00, 0x00, 0x00, 0x0B, 0xD9, 0x44, 0x47, 0x41, 0x11, 0x1A, 0xC7, 0x87, 0xD3, 0x11, 0x11, 0x11, 0x13, 0x33, 0xAB, 0x98, 0xBC, 0xCB, 0x86, 0xD9,
      0x00, 0x00, 0x00, 0xCD, 0x23, 0x37, 0x44, 0x66, 0x23, 0x24, 0xCA, 0x77, 0xAA, 0x12, 0x22, 0x24, 0x66, 0x63, 0x9D, 0xA8, 0x64, 0x66, 0xAA, 0xCB,
      0x00, 0x00, 0x0C, 0xA4, 0x62, 0x23, 0x46, 0x36, 0x94, 0x32, 0xAC, 0x87, 0x9B, 0x12, 0x86, 0x83, 0x12, 0x13, 0x8D, 0x88, 0x87, 0x78, 0x98, 0xAB,
      0x00, 0x00, 0xCB, 0xA9, 0xC8, 0x21, 0x23, 0x62, 0x77, 0x24, 0x9B, 0x98, 0x9B, 0x12, 0x23, 0x33, 0x23, 0x35, 0x8D, 0x88, 0x89, 0xCC, 0x99, 0xBB,
      0x00, 0x0D, 0x74, 0x34, 0x36, 0x31, 0x21, 0x36, 0x39, 0x94, 0x6B, 0xB8, 0x8A, 0x73, 0x55, 0x55, 0x55, 0x55, 0x9D, 0xAB, 0xBB, 0x98, 0x89, 0xBB,
      0x00, 0xC6, 0x11, 0x12, 0x24, 0x91, 0x33, 0x26, 0x96, 0x94, 0x6B, 0xB8, 0x8A, 0xA5, 0x55, 0x55, 0x55, 0x55, 0x5D, 0x98, 0x87, 0x89, 0x9C, 0xD0,
      0x0B, 0xB1, 0x39, 0x61, 0x22, 0x94, 0x44, 0x47, 0x96, 0x97, 0x6A, 0xB9, 0x9A, 0xB5, 0x55, 0x55, 0x55, 0x55, 0x5E, 0x99, 0x99, 0xAB, 0xAE, 0x00,
      0x0B, 0x24, 0x32, 0x84, 0x33, 0x37, 0x64, 0x64, 0x78, 0x67, 0x6A, 0xC9, 0x9A, 0xB5, 0x55, 0x55, 0x54, 0x44, 0x6E, 0xAA, 0xAB, 0xBB, 0xBD, 0x00,
      0xC7, 0x46, 0x43, 0x4A, 0x76, 0x67, 0x74, 0x67, 0x6A, 0x39, 0x6A, 0xC9, 0x8A, 0xC4, 0x49, 0x44, 0x44, 0x44, 0xDE, 0xAD, 0xBB, 0xAA, 0xCC, 0x00,
      0x0C, 0xA9, 0x67, 0x69, 0x97, 0x76, 0xA4, 0x77, 0x79, 0x3A, 0x6A, 0xC9, 0x9A, 0xB3, 0x44, 0x44, 0x44, 0x48, 0xDD, 0xBA, 0x9A, 0xCD, 0x00, 0x00,
      0x00, 0xCD, 0xDD, 0x96, 0xB9, 0x68, 0xA7, 0x78, 0x76, 0x69, 0xCC, 0xA9, 0x9C, 0x83, 0x46, 0x67, 0x88, 0x8A, 0xCA, 0xAC, 0xED, 0xB0, 0x00, 0x00,
      0x00, 0x00, 0xCD, 0xB9, 0x9C, 0xA7, 0x6B, 0x78, 0x88, 0xA8, 0xDC, 0xA9, 0x9B, 0x44, 0x66, 0x46, 0x66, 0x7C, 0xDD, 0xDD, 0xA9, 0x00, 0x00, 0x00,
      0x00, 0x00, 0x00, 0xDD, 0x9B, 0xB9, 0x4C, 0x99, 0x99, 0xA9, 0xDB, 0xA9, 0xB9, 0x46, 0x66, 0x66, 0x78, 0xBD, 0xDD, 0x00, 0x00, 0x00, 0x00, 0x00,
      0x00, 0x00, 0x00, 0x00, 0xCC, 0xDA, 0x9A, 0x99, 0xAB, 0xDD, 0xAA, 0xAA, 0xE6, 0x66, 0x67, 0xCC, 0xBA, 0xD0, 0x00, 0x00, 0x00, 0x00, 0x00, 0x00,
      0x00, 0x00, 0x00, 0x00, 0x00, 0x0D, 0xED, 0xA9, 0xBE, 0xDC, 0xBB, 0xBB, 0x69, 0xCC, 0xCC, 0xB0, 0x00, 0x00, 0x00, 0x00, 0x00, 0x00, 0x00, 0x00,
      0x00, 0x00, 0x00, 0x00, 0x00, 0x00, 0x09, 0xDD, 0xB0, 0xEE, 0xEE, 0xED, 0xEC, 0x00, 0x00, 0x00, 0x00, 0x00, 0x00, 0x00, 0x00, 0x00, 0x00, 0x00,
      0x00, 0x00, 0x00, 0x00, 0x00, 0x00, 0x00, 0x00, 0x00, 0x00, 0x00, 0x00, 0x00, 0x00, 0x00, 0x00, 0x00, 0x00, 0x00, 0x00, 0x00, 0x00, 0x00, 0x00,
      0x00, 0x00, 0x00, 0x00, 0x00, 0x00, 0x00, 0x00, 0x00, 0x00, 0x00, 0x00, 0x00, 0x00, 0x00, 0x00, 0x00, 0x00, 0x00, 0x00, 0x00, 0x00, 0x00, 0x00,
      0x00, 0x00, 0x00, 0x00, 0x00, 0x00, 0x00, 0x00, 0x00, 0x00, 0x00, 0x00, 0x00, 0x00, 0x00, 0x00, 0x00, 0x00, 0x00, 0x00, 0x00, 0x00, 0x00, 0x00,
      0x00, 0x00, 0x00, 0x00, 0x00, 0x00, 0x00, 0x00, 0x00, 0x00, 0x00, 0x00, 0x00, 0x00, 0x00, 0x00, 0x00, 0x00, 0x00, 0x00, 0x00, 0x00, 0x00, 0x00,
      0x00, 0x00, 0x00, 0x00, 0x00, 0x00, 0x00, 0x00, 0x00, 0x00, 0x00, 0x00, 0x00, 0x00, 0x00, 0x00, 0x00, 0x00, 0x00, 0x00, 0x00, 0x00, 0x00, 0x00,
      0x00, 0x00, 0x00, 0x00, 0x00, 0x00, 0x00, 0x00, 0x00, 0x00, 0x00, 0x00, 0x00, 0x00, 0x00, 0x00, 0x00, 0x00, 0x00, 0x00, 0x00, 0x00, 0x00, 0x00}},
    {{0x0000, 0xC616, 0x9D13, 0x9491, 0x7C31, 0x83AD, 0x6B8E, 0x636E, 0x5B2D, 0x62EB, 0x52CB, 0x4A69, 0x3A08, 0x2966, 0x10C3, 0x0000},
     {
      0x00, 0x00, 0x00, 0x00, 0x00, 0x00, 0x00, 0x00, 0x00, 0x00, 0x00, 0x00, 0x00, 0x00, 0x00, 0x00, 0x00, 0x00, 0x00, 0x00, 0x00, 0x00, 0x00, 0x00,
      0x00, 0x00, 0x00, 0x00, 0x00, 0x00, 0x00, 0x00, 0x00, 0x00, 0x00, 0x00, 0x00, 0x00, 0x00, 0x00, 0x00, 0x00, 0x00, 0x00, 0x00, 0x00, 0x00, 0x00,
      0x00, 0x00, 0x00, 0x00, 0x00, 0x00, 0x00, 0x00, 0x00, 0x00, 0x00, 0x00, 0x00, 0x00, 0x00, 0x00, 0x00, 0x00, 0x00, 0x00, 0x00, 0x00, 0x00, 0x00,
      0x00, 0x00, 0x00, 0x00, 0x00, 0x00, 0x00, 0x00, 0x00, 0x00, 0x00, 0x00, 0x00, 0x00, 0x00, 0x00, 0x00, 0x00, 0x00, 0x00, 0x00, 0x00, 0x00, 0x00,
      0x00, 0x00, 0x00, 0x00, 0x00, 0x00, 0x00, 0x00, 0x00, 0x00, 0x00, 0x00, 0x00, 0x0E, 0xEE, 0xEE, 0xEE, 0x00, 0x00, 0x00, 0x00, 0x00, 0x00, 0x00,
      0x00, 0x00, 0x00, 0x00, 0x00, 0x00, 0x00, 0x00, 0x00, 0x00, 0x00, 0x00, 0xDD, 0xED, 0xA2, 0x23, 0x33, 0xCD, 0xDE, 0xE0, 0x00, 0x00, 0x00, 0x00,
      0x00, 0x00, 0x00, 0x00, 0x00, 0x00, 0x00, 0x00, 0x00, 0xEC, 0x00, 0xDD, 0x88, 0xAA, 0xCA, 0xAA, 0xAA, 0x8A, 0xDD, 0xAE, 0xEE, 0xE0, 0x00, 0x00,
      0x00, 0x00, 0x00, 0x00, 0x00, 0x00, 0x00, 0x00, 0x0E, 0x74, 0xCE, 0xBB, 0xDB, 0x64, 0xAD, 0xA8, 0xAA, 0xAA, 0x9B, 0xA6, 0xBB, 0x47, 0xD0, 0x00,
      0x00, 0x00, 0x00, 0x00, 0x00, 0x00, 0x00, 0x00, 0xDA, 0xA2, 0x2E, 0xBB, 0x29, 0xB7, 0x41, 0xD7, 0x75, 0x99, 0x53, 0x68, 0x4C, 0x63, 0x6C, 0x00,
      0x00, 0x00, 0x00, 0x00, 0x00, 0x00, 0xE0, 0x00, 0xCA, 0x8A, 0x23, 0xC9, 0xB3, 0xCB, 0x43, 0x4E, 0x99, 0x59, 0x99, 0x9D, 0x83, 0xA6, 0x4C, 0x00,
      0x00, 0x00, 0x00, 0x00, 0x00, 0x0E, 0x26, 0xDC, 0x64, 0x22, 0x82, 0xC6, 0x9C, 0x66, 0x73, 0x2D, 0x53, 0x51, 0x11, 0x39, 0xB2, 0xCB, 0x47, 0xC0,
      0x00, 0x00, 0x00, 0x00, 0x00, 0x0D, 0x62, 0x26, 0x21, 0x11, 0x42, 0x2A, 0x2C, 0xAC, 0xC6, 0x43, 0xD5, 0x55, 0x55, 0x21, 0xD4, 0x4A, 0x44, 0xD0,
      0x00, 0x00, 0x00, 0x00, 0x00, 0xDC, 0x87, 0x24, 0x21, 0x11, 0x2A, 0x2C, 0x2A, 0xD5, 0xBB, 0x63, 0xC5, 0x33, 0x31, 0x11, 0xB9, 0x26, 0xA4, 0xD0,
      0x00, 0x00, 0x00, 0xDD, 0xDC, 0x84, 0x24, 0x42, 0x81, 0x11, 0x27, 0x2B, 0x66, 0xC3, 0x5C, 0x64, 0x99, 0x33, 0x35, 0x53, 0x5C, 0x4A, 0xA6, 0x7D,
      0x00, 0x00, 0x0D, 0x44, 0x78, 0x31, 0x11, 0x82, 0x81, 0x12, 0x24, 0x82, 0xC2, 0xC5, 0x29, 0x96, 0x99, 0x55, 0x5C, 0xDD, 0xCB, 0x66, 0xB6, 0x6D,
      0x00, 0x00, 0x0E, 0xEA, 0x2A, 0x21, 0x11, 0x87, 0x43, 0x22, 0x24, 0xB2, 0xC3, 0x99, 0x15, 0xB6, 0x8D, 0x9B, 0xB4, 0x22, 0x34, 0x87, 0xC7, 0x6D,
      0x00, 0x00, 0xD6, 0x38, 0x14, 0x41, 0x11, 0x87, 0x4C, 0x22, 0x24, 0xB2, 0xC3, 0x89, 0x25, 0x96, 0xAD, 0x32, 0x24, 0x44, 0x46, 0xC7, 0xD8, 0x7D,
      0x00, 0x0E, 0x42, 0x16, 0x43, 0x72, 0x22, 0x48, 0x4C, 0x22, 0x23, 0xB2, 0xC3, 0x8C, 0x9B, 0xB6, 0xAD, 0xAA, 0xAB, 0xBB, 0xAA, 0xD7, 0xDA, 0x6D,
      0x0C, 0xD3, 0x11, 0x11, 0x74, 0x82, 0x22, 0x48, 0x4D, 0x33, 0x36, 0x6A, 0x74, 0x6C, 0x97, 0x66, 0xAD, 0x84, 0x77, 0x68, 0x86, 0xE8, 0xCA, 0x6E,
      0xE4, 0x27, 0x21, 0x21, 0x86, 0xA6, 0x33, 0x67, 0xA7, 0x44, 0x4A, 0x3B, 0x2C, 0x47, 0x66, 0x66, 0xAD, 0xBB, 0xCC, 0xCC, 0x66, 0xF8, 0xDB, 0xD0,
      0x0D, 0xA7, 0x67, 0x66, 0xA7, 0x86, 0x44, 0xA6, 0xC4, 0x64, 0x4A, 0x38, 0x3D, 0x8C, 0xBB, 0xAA, 0xAC, 0x86, 0x76, 0x67, 0xAA, 0xF8, 0xDC, 0xD0,
      0x00, 0xDD, 0xC7, 0x78, 0x68, 0x86, 0x44, 0x76, 0xC4, 0x44, 0xA4, 0xA4, 0x4D, 0xAE, 0x3B, 0x9A, 0xAC, 0xAA, 0x87, 0xCD, 0xDE, 0xBD, 0xBD, 0xD0,
      0x00, 0x00, 0xCD, 0xEA, 0x7C, 0xA7, 0x6A, 0x84, 0xC4, 0x68, 0xB4, 0xA8, 0x4D, 0xB9, 0x2B, 0x9A, 0xAE, 0xDE, 0xED, 0xDB, 0xAC, 0xAD, 0xBE, 0x00,
      0x00, 0x00, 0x00, 0xE7, 0xBD, 0xCA, 0xAA, 0x4A, 0xA8, 0x78, 0xB4, 0xB7, 0xBC, 0xD5, 0x5D, 0x9A, 0xDD, 0x88, 0x8C, 0x77, 0x8B, 0xBD, 0xE0, 0x00,
      0x00, 0x00, 0x00, 0x6E, 0xD0, 0xEE, 0xCB, 0x6C, 0xAA, 0x8B, 0xAB, 0xA7, 0xEA, 0xE5, 0xCB, 0xAA, 0xD8, 0x8A, 0xAC, 0x88, 0x8D, 0xDD, 0x00, 0x00,
      0x00, 0x00, 0x00, 0x00, 0x00, 0x0C, 0xB6, 0xAD, 0xCB, 0xCA, 0xAB, 0x47, 0xEC, 0xC9, 0xDB, 0xAC, 0xCA, 0xAA, 0xBD, 0xCC, 0xDE, 0x00, 0x00, 0x00,
      0x00, 0x00, 0x00, 0x00, 0x00, 0x00, 0xEC, 0xC0, 0xDF, 0xCA, 0xC8, 0xAD, 0xEC, 0xCD, 0xBB, 0xCC, 0xAA, 0xAA, 0xCD, 0xDD, 0xD0, 0x00, 0x00, 0x00,
      0x00, 0x00, 0x00, 0x00, 0x00, 0x00, 0x00, 0x00, 0x00, 0xDC, 0x8C, 0xDE, 0xED, 0xCC, 0xCD, 0xCA, 0xBB, 0xDD, 0xC0, 0x00, 0x00, 0x00, 0x00, 0x00,
      0x00, 0x00, 0x00, 0x00, 0x00, 0x00, 0x00, 0x00, 0x00, 0x0E, 0xDD, 0x00, 0x00, 0xDD, 0xEF, 0xFE, 0xE0, 0x00, 0x00, 0x00, 0x00, 0x00, 0x00, 0x00,
      0x00, 0x00, 0x00, 0x00, 0x00, 0x00, 0x00, 0x00, 0x00, 0x00, 0x00, 0x00, 0x00, 0x00, 0x00, 0x00, 0x00, 0x00, 0x00, 0x00, 0x00, 0x00, 0x00, 0x00,
      0x00, 0x00, 0x00, 0x00, 0x00, 0x00, 0x00, 0x00, 0x00, 0x00, 0x00, 0x00, 0x00, 0x00, 0x00, 0x00, 0x00, 0x00, 0x00, 0x00, 0x00, 0x00, 0x00, 0x00,
      0x00, 0x00, 0x00, 0x00, 0x00, 0x00, 0x00, 0x00, 0x00, 0x00, 0x00, 0x00, 0x00, 0x00, 0x00, 0x00, 0x00, 0x00, 0x00, 0x00, 0x00, 0x00, 0x00, 0x00,
      0x00, 0x00, 0x00, 0x00, 0x00, 0x00, 0x00, 0x00, 0x00, 0x00, 0x00, 0x00, 0x00, 0x00, 0x00, 0x00, 0x00, 0x00, 0x00, 0x00, 0x00, 0x00, 0x00, 0x00,
      0x00, 0x00, 0x00, 0x00, 0x00, 0x00, 0x00, 0x00, 0x00, 0x00, 0x00, 0x00, 0x00, 0x00, 0x00, 0x00, 0x00, 0x00, 0x00, 0x00, 0x00, 0x00, 0x00, 0x00}},
    {{0x0000, 0xBDF4, 0x9491, 0x8BED, 0x73CF, 0x634D, 0x5AEB, 0x5A89, 0x4A8B, 0x424A, 0x3A08, 0x31C8, 0x2986, 0x2125, 0x0000, 0x0000},
     {
      0x00, 0x00, 0x00, 0x00, 0x00, 0x00, 0x00, 0x00, 0x00, 0x00, 0x00, 0x00, 0x00, 0x00, 0x00, 0x00, 0x00, 0x00, 0x00, 0x00, 0x00, 0x00, 0x00, 0x00,
      0x00, 0x00, 0x00, 0x00, 0x00, 0x00, 0x00, 0x00, 0x00, 0x00, 0x00, 0x00, 0x00, 0x00, 0x00, 0x00, 0x00, 0x00, 0x00, 0x00, 0x00, 0x00, 0x00, 0x00,
      0x00, 0x00, 0x00, 0x00, 0x00, 0x00, 0x00, 0x00, 0x00, 0x00, 0x00, 0x00, 0x00, 0x00, 0x00, 0x00, 0x00, 0x00, 0x00, 0x00, 0x00, 0x00, 0x00, 0x00,
      0x00, 0x00, 0x00, 0x00, 0x00, 0x00, 0x00, 0x00, 0x00, 0x00, 0x00, 0x00, 0x00, 0x00, 0x00, 0x00, 0x00, 0x00, 0x00, 0x00, 0x00, 0x00, 0x00, 0x00,
      0x00, 0x00, 0x00, 0x00, 0x00, 0x00, 0x00, 0x00, 0x00, 0x00, 0x75, 0x46, 0x00, 0x00, 0x00, 0x00, 0x00, 0x00, 0x00, 0x00, 0x00, 0x00, 0x00, 0x00,
      0x00, 0x00, 0x00, 0x00, 0x00, 0x00, 0x00, 0x00, 0xA5, 0x21, 0x11, 0x11, 0x12, 0x90, 0x00, 0x0D, 0xD9, 0x9A, 0x00, 0x00, 0x00, 0x00, 0x00, 0x00,
      0x00, 0x00, 0x00, 0x00, 0x00, 0x00, 0x00, 0x0C, 0x22, 0x21, 0x11, 0x11, 0x11, 0x14, 0xC7, 0x73, 0x88, 0x55, 0x6C, 0x00, 0x00, 0xCB, 0x99, 0xB0,
      0x00, 0x00, 0x00, 0x00, 0x00, 0x00, 0x00, 0xA4, 0x9B, 0x42, 0x21, 0x11, 0x21, 0x11, 0x23, 0x33, 0x33, 0x65, 0x56, 0x9B, 0xCA, 0x84, 0x55, 0x90,
      0x00, 0x00, 0x00, 0x00, 0x00, 0x00, 0x00, 0x58, 0xB9, 0xCA, 0x52, 0x21, 0x11, 0x12, 0x13, 0x12, 0x33, 0x33, 0x65, 0x58, 0x9B, 0x66, 0x45, 0x5C,
      0x00, 0x00, 0x00, 0x00, 0x00, 0xD6, 0x48, 0x8C, 0xBC, 0xDC, 0x7A, 0x21, 0x11, 0x12, 0x14, 0x11, 0x13, 0x31, 0x56, 0x55, 0x9C, 0x86, 0x45, 0x5A,
      0x00, 0x00, 0x00, 0x00, 0x00, 0xD4, 0x44, 0x5C, 0xA6, 0x67, 0x37, 0x42, 0x11, 0x11, 0x12, 0x21, 0x13, 0x33, 0x26, 0x55, 0x4C, 0xB8, 0x68, 0x6B,
      0x00, 0x00, 0x00, 0x0C, 0xD0, 0xD9, 0xB8, 0x42, 0x68, 0x64, 0x33, 0x72, 0x11, 0x11, 0x11, 0x61, 0x11, 0x33, 0x14, 0x55, 0x59, 0xC9, 0x69, 0x8B,
      0x00, 0x00, 0x00, 0xC4, 0x48, 0x94, 0x24, 0x84, 0x52, 0x54, 0x73, 0x72, 0x11, 0x11, 0x11, 0x71, 0x11, 0x33, 0x25, 0x88, 0x8A, 0xCB, 0xBC, 0xBC,
      0x00, 0x00, 0x00, 0xB9, 0x95, 0x44, 0x11, 0x16, 0x48, 0x29, 0x56, 0x75, 0x21, 0x11, 0x11, 0x14, 0x11, 0x33, 0x16, 0x98, 0x8B, 0xBA, 0xAB, 0xBD,
      0x00, 0x0A, 0x89, 0xD6, 0x24, 0x82, 0x21, 0x25, 0x65, 0x28, 0x86, 0x6A, 0x21, 0x11, 0x11, 0x16, 0x11, 0x34, 0x88, 0x6A, 0x8B, 0xCB, 0xCB, 0xC0,
      0x00, 0x08, 0x65, 0x42, 0x11, 0x26, 0x42, 0x22, 0x84, 0x84, 0xA6, 0x7C, 0x21, 0x11, 0x11, 0x27, 0x16, 0x66, 0x88, 0x8A, 0x8A, 0xC8, 0xBB, 0xC0,
      0x00, 0xD9, 0x54, 0x52, 0x12, 0x26, 0x46, 0x22, 0x54, 0x85, 0x96, 0x73, 0x64, 0x48, 0xBC, 0x41, 0x16, 0x68, 0x88, 0x8A, 0x8B, 0xA6, 0x66, 0x90,
      0x00, 0x84, 0x11, 0x44, 0x42, 0x24, 0x58, 0x22, 0x46, 0x84, 0xA5, 0x73, 0x77, 0xA9, 0x8A, 0x21, 0x16, 0x68, 0x88, 0x8A, 0x8B, 0x86, 0x45, 0x6B,
      0x04, 0x11, 0x22, 0x26, 0x54, 0x44, 0x64, 0x65, 0x58, 0x55, 0x94, 0xA3, 0x77, 0x94, 0x65, 0x21, 0x18, 0x88, 0x88, 0x8A, 0x8B, 0xA8, 0x46, 0x6B,
      0x95, 0x45, 0x86, 0x46, 0x85, 0x54, 0x82, 0xB2, 0x69, 0x2A, 0xA5, 0xAA, 0xA7, 0xB4, 0x86, 0x41, 0x18, 0x99, 0xAB, 0xB9, 0x8A, 0xBA, 0x89, 0x6B,
      0x0C, 0xB8, 0x55, 0x58, 0x85, 0x58, 0x96, 0xB8, 0x46, 0x4A, 0x9C, 0x98, 0x86, 0xD8, 0x99, 0x41, 0x12, 0x57, 0x26, 0x99, 0x9C, 0xBA, 0x9A, 0x9C,
      0x00, 0x0C, 0xB8, 0x69, 0xA4, 0x44, 0x8A, 0x68, 0x99, 0x4C, 0x8A, 0x77, 0x62, 0x12, 0x44, 0x44, 0x22, 0x37, 0x5B, 0xCC, 0xCB, 0xBB, 0xAB, 0xBD,
      0x00, 0x00, 0xB9, 0x85, 0xB6, 0x69, 0x69, 0x44, 0x8C, 0x4D, 0x6A, 0x37, 0x24, 0x42, 0x22, 0x26, 0x47, 0xAA, 0xCC, 0xBA, 0xBD, 0xAC, 0x9A, 0xB0,
      0x00, 0x00, 0x0A, 0x6B, 0xCB, 0xC8, 0x98, 0x66, 0x99, 0x9A, 0x87, 0x33, 0x24, 0x44, 0x42, 0x4C, 0xBC, 0xDC, 0xB9, 0xBB, 0xDD, 0xCC, 0xCB, 0xB0,
      0x00, 0x00, 0x00, 0x00, 0x0A, 0x86, 0xDC, 0xCB, 0x69, 0xC9, 0xB3, 0x72, 0x22, 0x42, 0x22, 0xBB, 0xAB, 0x59, 0x96, 0xCC, 0x00, 0x00, 0x00, 0x00,
      0x00, 0x00, 0x00, 0x00, 0x00, 0xDC, 0x0C, 0x96, 0x6D, 0xBB, 0xCD, 0x62, 0x22, 0x44, 0x25, 0xB7, 0x97, 0x66, 0xAB, 0xBC, 0x00, 0x00, 0x00, 0x00,
      0x00, 0x00, 0x00, 0x00, 0x00, 0x00, 0x00, 0xBA, 0x90, 0x0C, 0xDC, 0x44, 0x22, 0x24, 0x2A, 0x9A, 0x7A, 0xC8, 0xBD, 0xD0, 0x00, 0x00, 0x00, 0x00,
      0x00, 0x00, 0x00, 0x00, 0x00, 0x00, 0x00, 0x00, 0x00, 0x0A, 0xB4, 0x44, 0x22, 0x24, 0x4B, 0x9C, 0xCD, 0xDD, 0x00, 0x00, 0x00, 0x00, 0x00, 0x00,
      0x00, 0x00, 0x00, 0x00, 0x00, 0x00, 0x00, 0x00, 0x00, 0x0A, 0x64, 0x54, 0x44, 0x44, 0xAC, 0xD0, 0x00, 0x00, 0x00, 0x00, 0x00, 0x00, 0x00, 0x00,
      0x00, 0x00, 0x00, 0x00, 0x00, 0x00, 0x00, 0x00, 0x00, 0x00, 0x0B, 0xA6, 0xAC, 0xBA, 0x00, 0x00, 0x00, 0x00, 0x00, 0x00, 0x00, 0x00, 0x00, 0x00,
      0x00, 0x00, 0x00, 0x00, 0x00, 0x00, 0x00, 0x00, 0x00, 0x00, 0x00, 0x00, 0x00, 0x00, 0x00, 0x00, 0x00, 0x00, 0x00, 0x00, 0x00, 0x00, 0x00, 0x00,
      0x00, 0x00, 0x00, 0x00, 0x00, 0x00, 0x00, 0x00, 0x00, 0x00, 0x00, 0x00, 0x00, 0x00, 0x00, 0x00, 0x00, 0x00, 0x00, 0x00, 0x00, 0x00, 0x00, 0x00,
      0x00, 0x00, 0x00, 0x00, 0x00, 0x00, 0x00, 0x00, 0x00, 0x00, 0x00, 0x00, 0x00, 0x00, 0x00, 0x00, 0x00, 0x00, 0x00, 0x00, 0x00, 0x00, 0x00, 0x00,
      0x00, 0x00, 0x00, 0x00, 0x00, 0x00, 0x00, 0x00, 0x00, 0x00, 0x00, 0x00, 0x00, 0x00, 0x00, 0x00, 0x00, 0x00, 0x00, 0x00, 0x00, 0x00, 0x00, 0x00}},
    {{0x0000, 0xC615, 0xB531, 0xA42C, 0x7BEF, 0x8B6B, 0x6B4D, 0x5B0C, 0x5A89, 0x528A, 0x4249, 0x3A08, 0x39C8, 0x2986, 0x18E4, 0x0000},
     {
      0x00, 0x00, 0x00, 0x00, 0x00, 0x00, 0x00, 0x00, 0x00, 0x00, 0x00, 0x00, 0x00, 0x00, 0x00, 0x00, 0x00, 0x00, 0x00, 0x00, 0x00, 0x00, 0x00, 0x00,
      0x00, 0x00, 0x00, 0x00, 0x00, 0x00, 0x00, 0x00, 0x00, 0x00, 0x00, 0x00, 0x00, 0x00, 0x00, 0x00, 0x00, 0x00, 0x00, 0x00, 0x00, 0x00, 0x00, 0x00,
      0x00, 0x00, 0x00, 0x00, 0x00, 0x00, 0x00, 0x00, 0x00, 0x00, 0x00, 0x00, 0x00, 0x00, 0x00, 0x00, 0x00, 0x00, 0x00, 0x00, 0x00, 0x00, 0x00, 0x00,
      0x00, 0x00, 0x00, 0x00, 0x00, 0x00, 0x00, 0x00, 0x00, 0x00, 0x00, 0x00, 0x00, 0x00, 0x00, 0x00, 0x00, 0x00, 0x00, 0x00, 0x00, 0x00, 0x00, 0x00,
      0x00, 0x00, 0x00, 0x00, 0x00, 0x00, 0x00, 0x00, 0x00, 0x00, 0x00, 0x00, 0x00, 0x00, 0x00, 0x00, 0x00, 0x00, 0x00, 0x00, 0x00, 0x00, 0x00, 0x00,
      0x00, 0x00, 0x00, 0x00, 0x00, 0x00, 0x00, 0x00, 0x00, 0x00, 0x00, 0x00, 0x00, 0x00, 0x00, 0x00, 0x00, 0x00, 0x00, 0x00, 0x00, 0x00, 0x00, 0x00,
      0x00, 0x00, 0x00, 0x00, 0x00, 0x00, 0x00, 0x00, 0x00, 0x00, 0x00, 0x00, 0x00, 0x00, 0x00, 0x00, 0x00, 0x86, 0x4C, 0x00, 0x00, 0x00, 0x00, 0x00,
      0x00, 0x00, 0x00, 0x00, 0x00, 0x00, 0x00, 0x00, 0x00, 0x00, 0x00, 0x00, 0x00, 0x00, 0x00, 0x64, 0x35, 0x32, 0x21, 0x49, 0xD0, 0x00, 0xBB, 0xB0,
      0x00, 0x00, 0x00, 0x97, 0x47, 0x58, 0x0D, 0x79, 0x4A, 0x00, 0x00, 0x00, 0x00, 0x00, 0x06, 0x41, 0x11, 0x23, 0x32, 0x11, 0x4A, 0xC9, 0x47, 0x70,
      0x00, 0x00, 0x41, 0x44, 0x44, 0x26, 0x5A, 0xA7, 0x62, 0x6B, 0x00, 0x00, 0x00, 0x00, 0xB9, 0xA8, 0x42, 0x11, 0x33, 0x11, 0x1A, 0xC9, 0x64, 0x6D,
      0x00, 0x7A, 0x21, 0x11, 0x11, 0x21, 0x43, 0xB9, 0x64, 0x14, 0x46, 0xDA, 0x99, 0x85, 0x55, 0x53, 0x56, 0x11, 0x33, 0x21, 0x16, 0x7D, 0xA7, 0x9D,
      0x06, 0xCC, 0xD6, 0x14, 0x44, 0xB4, 0x45, 0x51, 0x11, 0x22, 0x64, 0x68, 0x53, 0x33, 0x33, 0x32, 0x58, 0x21, 0x23, 0x31, 0x16, 0x6D, 0xA9, 0x9D,
      0xCA, 0xBC, 0x79, 0xBC, 0xCC, 0xE6, 0x17, 0x36, 0x46, 0x77, 0x97, 0x78, 0x33, 0x33, 0x33, 0x68, 0x8C, 0x41, 0x13, 0x31, 0x16, 0x9D, 0xCB, 0xCD,
      0xEB, 0x9C, 0xCB, 0x67, 0x94, 0x11, 0x14, 0x38, 0x97, 0xA9, 0xA9, 0x9B, 0x86, 0x88, 0x78, 0x73, 0x35, 0x41, 0x46, 0x47, 0x77, 0x9D, 0xCB, 0xBD,
      0x0C, 0xBA, 0xBC, 0x87, 0x62, 0x11, 0x12, 0x65, 0x99, 0x99, 0x97, 0x64, 0xA8, 0x55, 0x53, 0x52, 0x15, 0x44, 0x77, 0x99, 0xA7, 0x9E, 0xCD, 0xC0,
      0x00, 0xCB, 0xD5, 0x59, 0x81, 0x11, 0x21, 0x75, 0xAB, 0xBA, 0x67, 0x64, 0x68, 0x33, 0x32, 0x52, 0x25, 0x64, 0x77, 0x77, 0xA7, 0x9D, 0x9A, 0x7C,
      0xA9, 0xAB, 0x83, 0x17, 0xA2, 0x11, 0x11, 0x43, 0x82, 0x22, 0x44, 0xAC, 0x46, 0x55, 0x55, 0x78, 0x6C, 0x44, 0x77, 0x77, 0xA7, 0x9C, 0x74, 0x6C,
      0x7A, 0xBA, 0x83, 0x14, 0x79, 0x66, 0x66, 0x45, 0x57, 0x77, 0x94, 0x99, 0xD4, 0x77, 0x99, 0x9A, 0xD6, 0x16, 0x9A, 0xBB, 0x76, 0x9D, 0x97, 0x9C,
      0x97, 0xBA, 0xB3, 0x14, 0x67, 0x99, 0xB7, 0x65, 0x5A, 0x79, 0xA4, 0xDB, 0x7C, 0xAB, 0xDD, 0xAC, 0x41, 0x12, 0x55, 0x51, 0x16, 0x9D, 0xAA, 0xBD,
      0x07, 0xBA, 0x95, 0x38, 0x67, 0x9C, 0xA4, 0x65, 0x69, 0x66, 0x49, 0x49, 0xD7, 0xC7, 0xBC, 0xB4, 0x12, 0x22, 0x25, 0x54, 0x7C, 0xCD, 0xCB, 0xBD,
      0x07, 0xCB, 0x99, 0x58, 0x7A, 0x72, 0x22, 0x75, 0x87, 0x9B, 0xDB, 0xC4, 0x9D, 0x99, 0x64, 0xA1, 0x24, 0x46, 0x9C, 0xCD, 0xDD, 0xDD, 0xBB, 0xCB,
      0x00, 0x0D, 0x9A, 0xD7, 0xA4, 0x24, 0x44, 0x98, 0xCC, 0x73, 0x8C, 0xAD, 0x66, 0x67, 0x79, 0xA9, 0xAC, 0xDD, 0xCC, 0xAB, 0xBD, 0x00, 0x0D, 0x00,
      0x00, 0x7A, 0xCD, 0x7A, 0xB2, 0x44, 0x46, 0x8C, 0xCC, 0xD3, 0x15, 0xCD, 0x7A, 0xAA, 0xAB, 0xAB, 0xBA, 0xA9, 0xA8, 0x9A, 0xCD, 0x00, 0x00, 0x00,
      0x00, 0x96, 0xAD, 0xCB, 0x96, 0x77, 0x49, 0x8D, 0xD0, 0x08, 0x32, 0x38, 0x7A, 0xAA, 0xAA, 0x9A, 0xAA, 0x98, 0xAB, 0xBD, 0xD0, 0x00, 0x00, 0x00,
      0x00, 0x07, 0x49, 0x9A, 0xDD, 0xA7, 0x98, 0xC0, 0x00, 0x0D, 0xC5, 0x38, 0x7B, 0x88, 0x99, 0x9B, 0xBC, 0xCC, 0xDD, 0x00, 0x00, 0x00, 0x00, 0x00,
      0x00, 0x00, 0x96, 0x66, 0x47, 0xAB, 0xE0, 0x00, 0x00, 0x00, 0xDD, 0xDD, 0x9A, 0xAA, 0xCD, 0xDE, 0xE0, 0x00, 0x00, 0x00, 0x00, 0x00, 0x00, 0x00,
      0x00, 0x00, 0x00, 0x0C, 0x00, 0x00, 0x00, 0x00, 0x00, 0x00, 0x00, 0xCB, 0xCD, 0xE0, 0x00, 0x00, 0x00, 0x00, 0x00, 0x00, 0x00, 0x00, 0x00, 0x00,
      0x00, 0x00, 0x00, 0x00, 0x00, 0x00, 0x00, 0x00, 0x00, 0x00, 0x00, 0x00, 0x00, 0x00, 0x00, 0x00, 0x00, 0x00, 0x00, 0x00, 0x00, 0x00, 0x00, 0x00,
      0x00, 0x00, 0x00, 0x00, 0x00, 0x00, 0x00, 0x00, 0x00, 0x00, 0x00, 0x00, 0x00, 0x00, 0x00, 0x00, 0x00, 0x00, 0x00, 0x00, 0x00, 0x00, 0x00, 0x00,
      0x00, 0x00, 0x00, 0x00, 0x00, 0x00, 0x00, 0x00, 0x00, 0x00, 0x00, 0x00, 0x00, 0x00, 0x00, 0x00, 0x00, 0x00, 0x00, 0x00, 0x00, 0x00, 0x00, 0x00,
      0x00, 0x00, 0x00, 0x00, 0x00, 0x00, 0x00, 0x00, 0x00, 0x00, 0x00, 0x00, 0x00, 0x00, 0x00, 0x00, 0x00, 0x00, 0x00, 0x00, 0x00, 0x00, 0x00, 0x00,
      0x00, 0x00, 0x00, 0x00, 0x00, 0x00, 0x00, 0x00, 0x00, 0x00, 0x00, 0x00, 0x00, 0x00, 0x00, 0x00, 0x00, 0x00, 0x00, 0x00, 0x00, 0x00, 0x00, 0x00,
      0x00, 0x00, 0x00, 0x00, 0x00, 0x00, 0x00, 0x00, 0x00, 0x00, 0x00, 0x00, 0x00, 0x00, 0x00, 0x00, 0x00, 0x00, 0x00, 0x00, 0x00, 0x00, 0x00, 0x00,
      0x00, 0x00, 0x00, 0x00, 0x00, 0x00, 0x00, 0x00, 0x00, 0x00, 0x00, 0x00, 0x00, 0x00, 0x00, 0x00, 0x00, 0x00, 0x00, 0x00, 0x00, 0x00, 0x00, 0x00}},
  },
  {  // scanners
    {{0x0000, 0xCE78, 0xBE17, 0xB5B5, 0xA554, 0x9D13, 0x94F3, 0x9492, 0x8451, 0x7BCF, 0x6B6D, 0x62EB, 0x4A8A, 0x3A08, 0x2145, 0x0000},
     {
      0x00, 0x00, 0x00, 0x00, 0x00, 0x00, 0x00, 0x00, 0x00, 0x00, 0x00, 0x0D, 0xDD, 0x00, 0x00, 0x00, 0x00, 0x00, 0x00, 0x00, 0x00, 0x00, 0x00, 0x00,
      0x00, 0x00, 0x00, 0x00, 0x00, 0x00, 0x00, 0x00, 0x00, 0x00, 0xEC, 0x91, 0x21, 0x8E, 0x00, 0x00, 0x00, 0x00, 0x00, 0x00, 0x00, 0x00, 0x00, 0x00,
      0x00, 0x00, 0x00, 0x00, 0x00, 0x00, 0x00, 0x00, 0x00, 0x0A, 0x44, 0x47, 0x8A, 0x83, 0xB0, 0x00, 0x00, 0x00, 0x00, 0x00, 0x00, 0x00, 0x00, 0x00,
      0x00, 0x00, 0x00, 0x00, 0x00, 0x00, 0x00, 0x00, 0x0D, 0x65, 0x66, 0x65, 0x89, 0xA9, 0x5C, 0x00, 0x00, 0x00, 0x00, 0x00, 0x00, 0x00, 0x00, 0x00,
      0x00, 0x00, 0x00, 0x00, 0x00, 0x00, 0x00, 0x00, 0x07, 0x46, 0x66, 0x65, 0x88, 0x8A, 0x1D, 0x00, 0x00, 0x00, 0x00, 0x00, 0x00, 0x00, 0x00, 0x00,
      0x00, 0x00, 0x00, 0x00, 0x00, 0x00, 0xD0, 0x0D, 0x65, 0x65, 0x56, 0x66, 0x85, 0x8A, 0x2C, 0x00, 0x00, 0x00, 0x00, 0x00, 0x00, 0x00, 0x00, 0x00,
      0x00, 0x00, 0x00, 0x00, 0x00, 0x0B, 0xAD, 0xD9, 0x24, 0x75, 0x56, 0x66, 0x85, 0x6A, 0x3B, 0x00, 0x00, 0x00, 0x00, 0x00, 0x00, 0x00, 0x00, 0x00,
      0x00, 0x00, 0x00, 0x00, 0x00, 0xE9, 0x4E, 0xD2, 0x23, 0x47, 0x66, 0x65, 0x86, 0x6A, 0x3B, 0x00, 0x00, 0x00, 0x00, 0x00, 0x00, 0x00, 0x00, 0x00,
      0x00, 0x00, 0x00, 0x00, 0x00, 0x0D, 0xCE, 0xAC, 0x72, 0x24, 0x76, 0x66, 0x86, 0x69, 0x3B, 0x00, 0x00, 0x00, 0x00, 0x00, 0x00, 0x00, 0x00, 0x00,
      0x00, 0x00, 0x00, 0x00, 0x00, 0x00, 0xE7, 0xDA, 0xBB, 0x42, 0x86, 0x66, 0x76, 0x6A, 0x2B, 0x00, 0x00, 0x00, 0x00, 0x00, 0x00, 0x00, 0x00, 0x00,
      0x00, 0x00, 0x00, 0x00, 0x00, 0x00, 0xA1, 0x2C, 0xC8, 0xB9, 0x48, 0x58, 0x66, 0x78, 0x3D, 0x00, 0x00, 0x00, 0x00, 0x00, 0x00, 0x00, 0x00, 0x00,
      0x00, 0x00, 0x00, 0x00, 0x00, 0x00, 0x51, 0x22, 0x7D, 0x99, 0xCB, 0x98, 0x67, 0x84, 0x3E, 0x00, 0x00, 0x00, 0x00, 0x00, 0x00, 0x00, 0x00, 0x00,
      0x00, 0x00, 0x00, 0x00, 0x00, 0x0D, 0x32, 0x23, 0x25, 0xCA, 0x89, 0xBA, 0x66, 0x81, 0x7E, 0x00, 0x00, 0x00, 0x00, 0x00, 0x00, 0x00, 0x00, 0x00,
      0x00, 0x00, 0x00, 0x00, 0x00, 0x09, 0x23, 0x33, 0x33, 0x5C, 0xDA, 0x8A, 0x68, 0x52, 0xAE, 0x00, 0x00, 0x00, 0x00, 0x00, 0x00, 0x00, 0x00, 0x00,
      0x00, 0x00, 0x00, 0x00, 0x00, 0x09, 0x23, 0x34, 0x45, 0x45, 0xCD, 0xC8, 0x68, 0x16, 0xCE, 0x00, 0x00, 0x00, 0x00, 0x00, 0x00, 0x00, 0x00, 0x00,
      0x00, 0x00, 0x00, 0x00, 0x00, 0xE1, 0x45, 0x43, 0x32, 0x22, 0x88, 0x85, 0x72, 0x5A, 0xEC, 0xD0, 0x00, 0x00, 0x00, 0x00, 0x00, 0x00, 0x00, 0x00,
      0x00, 0x00, 0x00, 0x00, 0x00, 0xE1, 0x22, 0x22, 0x22, 0x26, 0x45, 0x56, 0x54, 0x9D, 0xC6, 0x8C, 0x00, 0x00, 0x00, 0x00, 0x00, 0x00, 0x00, 0x00,
      0x00, 0x00, 0x00, 0x00, 0x00, 0xE1, 0x22, 0x22, 0x22, 0x44, 0x44, 0x55, 0x38, 0xCE, 0x7D, 0xE7, 0xE0, 0x00, 0x00, 0x00, 0x00, 0x00, 0x00, 0x00,
      0x00, 0x00, 0x00, 0x00, 0x00, 0xE1, 0x22, 0x22, 0x24, 0x42, 0x44, 0x51, 0x7B, 0xEC, 0x9C, 0xD9, 0xE0, 0x00, 0x00, 0x00, 0x00, 0x00, 0x00, 0x00,
      0x00, 0x00, 0x00, 0x00, 0x00, 0xD3, 0x22, 0x23, 0x64, 0x22, 0x46, 0x16, 0xAE, 0xCD, 0x8D, 0xD8, 0xE0, 0x00, 0x00, 0x00, 0x00, 0x00, 0x00, 0x00,
      0x00, 0x00, 0x00, 0x00, 0x00, 0x09, 0x25, 0x55, 0x32, 0x21, 0x51, 0x8B, 0xED, 0xFD, 0xA8, 0x87, 0xE0, 0x00, 0x00, 0x00, 0x00, 0x00, 0x00, 0x00,
      0x00, 0x00, 0x00, 0x00, 0x00, 0x0D, 0x42, 0x22, 0x22, 0x23, 0x4C, 0xDE, 0xCC, 0xC5, 0x7D, 0xCE, 0x9E, 0x00, 0x00, 0x00, 0x00, 0x00, 0x00, 0x00,
      0x00, 0x00, 0x00, 0x00, 0x00, 0x00, 0xE9, 0x41, 0x15, 0x9C, 0xF9, 0xDD, 0xBC, 0xC4, 0xAA, 0x89, 0xDE, 0x00, 0x00, 0x00, 0x00, 0x00, 0x00, 0x00,
      0x00, 0x00, 0x00, 0x00, 0x00, 0x00, 0x00, 0xED, 0xDD, 0xEA, 0x8E, 0xBE, 0xBC, 0xC4, 0xD6, 0x49, 0xCE, 0xE0, 0x00, 0x00, 0x00, 0x00, 0x00, 0x00,
      0x00, 0x00, 0x00, 0x00, 0x00, 0x00, 0x00, 0x00, 0x00, 0xDE, 0xDC, 0xBA, 0xEE, 0xB5, 0xD9, 0xAA, 0xD8, 0x3C, 0x00, 0x00, 0x00, 0x00, 0x00, 0x00,
      0x00, 0x00, 0x00, 0x00, 0x00, 0x00, 0x00, 0x00, 0x0D, 0x93, 0x13, 0xCD, 0xB9, 0x87, 0xEA, 0xBD, 0xD2, 0x13, 0xD0, 0x00, 0x00, 0x00, 0x00, 0x00,
      0x00, 0x00, 0x00, 0x00, 0x00, 0x00, 0x00, 0x0D, 0x83, 0x56, 0x33, 0x38, 0xBC, 0xDD, 0xEB, 0xA4, 0x11, 0x35, 0xAE, 0x00, 0x00, 0x00, 0x00, 0x00,
      0x00, 0x00, 0x00, 0x00, 0x00, 0x00, 0x00, 0xD9, 0xBD, 0x93, 0x48, 0x82, 0x11, 0x22, 0x12, 0x37, 0x99, 0x87, 0x8D, 0x00, 0x00, 0x00, 0x00, 0x00,
      0x00, 0x00, 0x00, 0x00, 0x00, 0x00, 0x00, 0xE8, 0xFA, 0xCD, 0x92, 0x49, 0x11, 0x11, 0x27, 0xBB, 0xBA, 0x97, 0xAD, 0x00, 0x00, 0x00, 0x00, 0x00,
      0x00, 0x00, 0x00, 0x00, 0x00, 0x00, 0x00, 0xB7, 0xCD, 0xA9, 0xDD, 0x91, 0x45, 0x57, 0x57, 0xBB, 0xBA, 0x9B, 0xD0, 0x00, 0x00, 0x00, 0x00, 0x00,
      0x00, 0x00, 0x00, 0x00, 0x00, 0x00, 0x00, 0xED, 0x95, 0xBC, 0xCB, 0xE2, 0x45, 0x55, 0x57, 0xBB, 0xBD, 0xDD, 0x00, 0x00, 0x00, 0x00, 0x00, 0x00,
      0x00, 0x00, 0x00, 0x00, 0x00, 0x00, 0x00, 0x00, 0x0D, 0xB7, 0xAD, 0xA2, 0x45, 0x77, 0x7A, 0xEE, 0xE0, 0x00, 0x00, 0x00, 0x00, 0x00, 0x00, 0x00,
      0x00, 0x00, 0x00, 0x00, 0x00, 0x00, 0x00, 0x00, 0x00, 0x0E, 0xC9, 0x46, 0xCD, 0xEF, 0xED, 0x00, 0x00, 0x00, 0x00, 0x00, 0x00, 0x00, 0x00, 0x00,
      0x00, 0x00, 0x00, 0x00, 0x00, 0x00, 0x00, 0x00, 0x00, 0x00, 0x0E, 0xEE, 0xE0, 0x00, 0x00, 0x00, 0x00, 0x00, 0x00, 0x00, 0x00, 0x00, 0x00, 0x00}},
    {{0x0000, 0xCE77, 0xB5B5, 0xAD53, 0x9CF3, 0x8C50, 0x93CC, 0x73CF, 0x636E, 0x630B, 0x52AB, 0x426A, 0x31C7, 0x2986, 0x2104, 0x0000},
     {
      0x00, 0x00, 0x00, 0x00, 0x00, 0x00, 0x00, 0x00, 0x00, 0x00, 0x00, 0x00, 0x00, 0x00, 0x00, 0x00, 0x0D, 0x00, 0x00, 0x00, 0x00, 0x00, 0x00, 0x00,
      0x00, 0x00, 0x00, 0x00, 0x00, 0x00, 0x00, 0x00, 0x00, 0x00, 0x00, 0x00, 0x00, 0x00, 0x00, 0x00, 0xE6, 0xF0, 0x00, 0x00, 0x00, 0x00, 0x00, 0x00,
      0x00, 0x00, 0x00, 0x00, 0x00, 0x00, 0x00, 0x00, 0x00, 0x00, 0x00, 0x00, 0x00, 0x00, 0x00, 0x00, 0xE6, 0xE0, 0x00, 0x00, 0x00, 0x00, 0x00, 0x00,
      0x00, 0x00, 0x00, 0x00, 0x09, 0x89, 0x00, 0x00, 0x00, 0x00, 0x00, 0x00, 0x00, 0x00, 0x00, 0x00, 0xDA, 0xE0, 0x00, 0x00, 0x00, 0x00, 0x00, 0x00,
      0x00, 0x00, 0x00, 0x00, 0x95, 0x31, 0x90, 0x00, 0x00, 0x00, 0x00, 0x00, 0x00, 0x00, 0x00, 0x00, 0xDA, 0xE0, 0x00, 0x00, 0x00, 0x00, 0x00, 0x00,
      0x00, 0x00, 0x00, 0x00, 0x77, 0x75, 0x5C, 0x00, 0xEF, 0x00, 0x00, 0x00, 0x00, 0x00, 0x00, 0x00, 0xEA, 0xE0, 0x00, 0x00, 0x00, 0x00, 0x00, 0x00,
      0x00, 0x00, 0x00, 0x00, 0x77, 0x77, 0x7B, 0xBA, 0x21, 0x50, 0x00, 0x00, 0x00, 0x00, 0x00, 0x00, 0xEA, 0xE0, 0x00, 0x00, 0x00, 0x00, 0x00, 0x00,
      0x00, 0x00, 0x00, 0x00, 0x75, 0x75, 0x78, 0xA3, 0x55, 0x1B, 0x00, 0x00, 0x00, 0x00, 0x00, 0x00, 0xEA, 0xE0, 0x00, 0x00, 0x00, 0x00, 0x00, 0x00,
      0x00, 0x00, 0x00, 0x00, 0x91, 0x32, 0xBB, 0xD4, 0x57, 0x2C, 0x00, 0x00, 0x00, 0xBC, 0x00, 0x00, 0xE9, 0xE0, 0x00, 0x00, 0x00, 0x00, 0x00, 0x00,
      0x00, 0x00, 0x00, 0x00, 0x08, 0x55, 0xEB, 0xE4, 0x58, 0x3C, 0x00, 0x0E, 0xB5, 0x48, 0xC0, 0x00, 0xE8, 0xD0, 0x00, 0x00, 0x00, 0x00, 0x00, 0x00,
      0x00, 0x00, 0x00, 0x00, 0x00, 0xD0, 0x00, 0xE4, 0x55, 0x3C, 0x00, 0xC7, 0x5A, 0xD0, 0x00, 0x0E, 0xC7, 0xCC, 0xD0, 0x00, 0x00, 0x00, 0x00, 0x00,
      0x00, 0x00, 0x00, 0x00, 0x00, 0x00, 0x00, 0xE7, 0x24, 0x2C, 0x0E, 0x57, 0xCB, 0x00, 0xDC, 0xD5, 0xD7, 0xC1, 0x3D, 0xE0, 0x00, 0x00, 0x00, 0x00,
      0x00, 0x00, 0x00, 0x00, 0x00, 0x00, 0x00, 0xDB, 0x44, 0x7C, 0x0D, 0x78, 0xBC, 0xA9, 0x11, 0x12, 0xAC, 0x93, 0x32, 0x5B, 0x00, 0x00, 0x00, 0x00,
      0x00, 0x00, 0x00, 0x00, 0x00, 0x00, 0x00, 0xEB, 0xBE, 0x77, 0xEE, 0xA7, 0x51, 0x11, 0x11, 0x11, 0x11, 0x11, 0x21, 0x11, 0x80, 0x00, 0x00, 0x00,
      0x00, 0x00, 0x00, 0x00, 0x00, 0x00, 0x00, 0xE8, 0x7B, 0xDB, 0x96, 0x66, 0x21, 0x11, 0x11, 0x11, 0x11, 0x22, 0x43, 0x33, 0x2B, 0x00, 0x00, 0x00,
      0x00, 0x00, 0x00, 0x00, 0x00, 0x00, 0x0D, 0xBB, 0xAC, 0xC8, 0x76, 0x63, 0x35, 0x21, 0x11, 0x11, 0x23, 0x59, 0x93, 0x33, 0x34, 0xD0, 0x00, 0x00,
      0x00, 0x00, 0x00, 0x00, 0x0E, 0xDA, 0x4A, 0x75, 0x75, 0xD8, 0x88, 0x66, 0x33, 0x41, 0x33, 0x23, 0x3B, 0xCC, 0xD5, 0x33, 0x34, 0xE0, 0x00, 0x00,
      0x00, 0x00, 0x00, 0x00, 0xC7, 0x11, 0x14, 0x9C, 0xCB, 0x4A, 0x74, 0x56, 0x66, 0x63, 0x54, 0x33, 0x9C, 0x98, 0x43, 0x45, 0x55, 0xE0, 0x00, 0x00,
      0x00, 0x00, 0x00, 0x0D, 0x49, 0x41, 0x11, 0x11, 0x11, 0x12, 0x88, 0x89, 0x66, 0x64, 0x47, 0x33, 0x45, 0x23, 0x49, 0xA8, 0x7A, 0xD0, 0x00, 0x00,
      0x00, 0x00, 0x00, 0xE5, 0x9A, 0xBB, 0x21, 0x11, 0x11, 0x23, 0x78, 0x88, 0x66, 0x67, 0x24, 0x34, 0x44, 0x7D, 0xCD, 0xBB, 0xE0, 0x00, 0x00, 0x00,
      0x00, 0x00, 0x00, 0xC7, 0xCD, 0x98, 0xB9, 0x12, 0x33, 0x33, 0x88, 0x88, 0x66, 0x65, 0x54, 0x45, 0xBC, 0xEA, 0x9E, 0x9A, 0xE0, 0x00, 0x00, 0x00,
      0x00, 0x00, 0x00, 0x99, 0xCA, 0xAB, 0x8B, 0x22, 0x33, 0x33, 0x4B, 0x88, 0x96, 0x66, 0x57, 0xED, 0xBB, 0xCC, 0xAD, 0xEB, 0xC0, 0x00, 0x00, 0x00,
      0x00, 0x00, 0x00, 0x5C, 0xC4, 0x5B, 0xAC, 0x22, 0x33, 0x33, 0x3B, 0x88, 0x96, 0x65, 0x58, 0xCB, 0xBA, 0xCE, 0xD7, 0x44, 0x3A, 0x00, 0x00, 0x00,
      0x00, 0x00, 0x0D, 0x5B, 0xB8, 0x9A, 0xAB, 0x22, 0x33, 0x33, 0x38, 0x8B, 0xA6, 0x65, 0x57, 0xCB, 0xCC, 0xDB, 0x75, 0x44, 0x57, 0xE0, 0x00, 0x00,
      0x00, 0x00, 0x0E, 0x5B, 0xB7, 0x88, 0x8B, 0x12, 0x33, 0x33, 0x3B, 0x8B, 0xA6, 0x65, 0x57, 0xDD, 0xC0, 0x0C, 0x98, 0x58, 0x8A, 0xE0, 0x00, 0x00,
      0x00, 0x00, 0x0E, 0x5A, 0xBB, 0xA9, 0x8A, 0x13, 0x44, 0x79, 0x7A, 0xAB, 0xA6, 0x66, 0xCC, 0xD0, 0x00, 0x00, 0xDB, 0xBC, 0xDE, 0x00, 0x00, 0x00,
      0x00, 0x00, 0x0E, 0x3D, 0x9B, 0xC8, 0xA7, 0x17, 0xCC, 0xBA, 0xBB, 0xAB, 0xB9, 0xDE, 0x00, 0x00, 0x00, 0x00, 0x00, 0x00, 0x00, 0x00, 0x00, 0x00,
      0x00, 0x00, 0x0D, 0x84, 0x7A, 0xB8, 0xC1, 0x2C, 0x77, 0xD9, 0xAC, 0xBE, 0xEF, 0x00, 0x00, 0x00, 0x00, 0x00, 0x00, 0x00, 0x00, 0x00, 0x00, 0x00,
      0x00, 0x00, 0x00, 0x0C, 0x94, 0x5A, 0xC1, 0x4A, 0x85, 0xCC, 0xDE, 0xEE, 0x00, 0x00, 0x00, 0x00, 0x00, 0x00, 0x00, 0x00, 0x00, 0x00, 0x00, 0x00,
      0x00, 0x00, 0x00, 0x00, 0xBD, 0x74, 0x71, 0x4A, 0xDE, 0xD7, 0x44, 0x8D, 0x00, 0x00, 0x00, 0x00, 0x00, 0x00, 0x00, 0x00, 0x00, 0x00, 0x00, 0x00,
      0x00, 0x00, 0x00, 0x00, 0x00, 0x0C, 0x74, 0xAD, 0x84, 0x34, 0x57, 0x7E, 0x00, 0x00, 0x00, 0x00, 0x00, 0x00, 0x00, 0x00, 0x00, 0x00, 0x00, 0x00,
      0x00, 0x00, 0x00, 0x00, 0x00, 0x00, 0xDE, 0xB9, 0x77, 0x78, 0x8A, 0xC0, 0x00, 0x00, 0x00, 0x00, 0x00, 0x00, 0x00, 0x00, 0x00, 0x00, 0x00, 0x00,
      0x00, 0x00, 0x00, 0x00, 0x00, 0x00, 0x0C, 0xDC, 0xA8, 0xAC, 0xDD, 0x00, 0x00, 0x00, 0x00, 0x00, 0x00, 0x00, 0x00, 0x00, 0x00, 0x00, 0x00, 0x00,
      0x00, 0x00, 0x00, 0x00, 0x00, 0x00, 0x00, 0x00, 0xDE, 0xD0, 0x00, 0x00, 0x00, 0x00, 0x00, 0x00, 0x00, 0x00, 0x00, 0x00, 0x00, 0x00, 0x00, 0x00}},
    {{0x0000, 0xDEB8, 0xD676, 0xC5F5, 0xAD94, 0xA533, 0xA48F, 0x8450, 0x838B, 0x630C, 0x52AB, 0x426A, 0x31C7, 0x2966, 0x18E4, 0x0000},
     {
      0x00, 0x00, 0x00, 0x00, 0x00, 0x00, 0x00, 0x00, 0x00, 0x00, 0x00, 0x00, 0x00, 0x00, 0x0B, 0x00, 0x00, 0x00, 0x00, 0x00, 0x00, 0x00, 0x00, 0x00,
      0x00, 0x00, 0x00, 0x00, 0x00, 0x00, 0x00, 0x00, 0x00, 0x00, 0x00, 0x00, 0x00, 0x00, 0xE8, 0xD0, 0x00, 0x00, 0x00, 0x00, 0x00, 0x00, 0x00, 0x00,
      0x00, 0x00, 0x00, 0x00, 0x00, 0x00, 0x00, 0x00, 0x00, 0x00, 0x00, 0x00, 0x00, 0x00, 0xE9, 0xD0, 0x00, 0x00, 0x00, 0x00, 0x00, 0x00, 0x00, 0x00,
      0x00, 0x00, 0x00, 0x00, 0x00, 0x00, 0x00, 0x00, 0x00, 0x00, 0x00, 0x00, 0x00, 0x00, 0xE9, 0xD0, 0x00, 0x00, 0x00, 0x00, 0x00, 0x00, 0x00, 0x00,
      0x00, 0x00, 0x00, 0x00, 0x00, 0x00, 0x00, 0x00, 0x00, 0x00, 0x00, 0x00, 0x00, 0x00, 0xE9, 0xD0, 0x00, 0x00, 0x00, 0x00, 0x00, 0x00, 0x00, 0x00,
      0x00, 0x00, 0x00, 0x00, 0x00, 0x00, 0x00, 0x00, 0x00, 0x00, 0x00, 0x00, 0x00, 0x00, 0xE9, 0xD0, 0x00, 0x00, 0x00, 0x00, 0x00, 0x00, 0x00, 0x00,
      0x00, 0x00, 0x00, 0x00, 0x00, 0x00, 0x00, 0x00, 0x00, 0x00, 0x00, 0x00, 0x00, 0x00, 0xE9, 0xD0, 0x00, 0x00, 0x00, 0x00, 0x00, 0x00, 0x00, 0x00,
      0x00, 0x00, 0x00, 0x00, 0x00, 0x00, 0x00, 0x00, 0x00, 0x00, 0x00, 0x0B, 0x00, 0x00, 0xE9, 0xD0, 0x00, 0x00, 0x00, 0x00, 0x00, 0x00, 0x00, 0x00,
      0x00, 0x00, 0x00, 0x00, 0x00, 0x00, 0x0C, 0xDA, 0x00, 0x00, 0x00, 0x0B, 0xE0, 0x00, 0xE9, 0xD0, 0x00, 0x00, 0x00, 0x00, 0x00, 0x00, 0x00, 0x00,
      0x00, 0x00, 0x00, 0x00, 0x00, 0x0E, 0xAA, 0xCA, 0xD0, 0x00, 0x00, 0x0C, 0xE0, 0x00, 0xD9, 0xD0, 0x00, 0x00, 0x00, 0x00, 0x00, 0x00, 0x00, 0x00,
      0x00, 0x00, 0x00, 0x00, 0x0D, 0x9B, 0xC0, 0x0C, 0xD0, 0x0E, 0xDD, 0xDC, 0xEE, 0xE0, 0xD7, 0xC0, 0x00, 0x00, 0x00, 0x00, 0x00, 0x00, 0x00, 0x00,
      0x00, 0x00, 0x00, 0x00, 0x00, 0xE0, 0x00, 0xDB, 0xED, 0xA7, 0x75, 0x5C, 0xA5, 0x79, 0xD7, 0xCB, 0xC0, 0x00, 0x00, 0x00, 0x00, 0x00, 0x00, 0x00,
      0x00, 0x00, 0x00, 0x00, 0x00, 0x00, 0xEC, 0xDB, 0x94, 0x79, 0xAD, 0xEC, 0xDD, 0xC9, 0xD7, 0xCC, 0xCC, 0xC0, 0x00, 0x00, 0x00, 0x00, 0x00, 0x00,
      0x00, 0x00, 0x00, 0x00, 0x00, 0xC9, 0x74, 0xBA, 0xEB, 0xCC, 0xB8, 0x53, 0x47, 0xAD, 0xDC, 0xDB, 0x74, 0x79, 0xCD, 0x00, 0x00, 0x00, 0x00, 0x00,
      0x00, 0x00, 0x00, 0x00, 0xD9, 0x77, 0x54, 0xC5, 0xCA, 0x9B, 0x31, 0x11, 0x11, 0x37, 0xC9, 0xCB, 0xD7, 0x57, 0x57, 0xC0, 0x00, 0x00, 0x00, 0x00,
      0x00, 0x00, 0x00, 0xDB, 0x88, 0x77, 0x5D, 0xD9, 0xA9, 0xC4, 0x31, 0x22, 0x33, 0x55, 0x9A, 0xDB, 0xAE, 0x75, 0x88, 0x8A, 0xD0, 0x00, 0x00, 0x00,
      0x00, 0x00, 0x0E, 0xB8, 0x86, 0x65, 0x9B, 0x9B, 0x77, 0xD1, 0x15, 0x43, 0x47, 0x57, 0x9A, 0xAA, 0xA7, 0xA5, 0x66, 0x66, 0xAD, 0x00, 0x00, 0x00,
      0x00, 0x00, 0xCA, 0x62, 0x22, 0x35, 0x5A, 0x9A, 0x77, 0xCB, 0x53, 0x12, 0x54, 0x47, 0xD7, 0x9C, 0xB9, 0x84, 0x41, 0x12, 0x38, 0xD0, 0x00, 0x00,
      0x00, 0x00, 0xB5, 0x21, 0x35, 0x55, 0x37, 0x9A, 0x99, 0xA9, 0xBB, 0xA9, 0x9B, 0xC9, 0x99, 0x9C, 0x99, 0x35, 0x45, 0x42, 0x24, 0xB0, 0x00, 0x00,
      0x00, 0x0D, 0x92, 0x25, 0x41, 0x11, 0x54, 0x27, 0x9A, 0xBA, 0xAA, 0x97, 0x77, 0xAA, 0xAB, 0x97, 0x44, 0x72, 0x22, 0x35, 0x54, 0x90, 0x00, 0x00,
      0x00, 0x0D, 0x52, 0x52, 0x17, 0x97, 0x22, 0x54, 0x23, 0x57, 0x89, 0x99, 0x99, 0x95, 0x53, 0x34, 0x79, 0x71, 0x12, 0x22, 0x57, 0x7D, 0x00, 0x00,
      0x00, 0x0D, 0x35, 0x52, 0x74, 0x47, 0xA7, 0x23, 0x55, 0x55, 0x31, 0x11, 0x11, 0x15, 0x58, 0x88, 0x99, 0x94, 0x11, 0x11, 0x59, 0x7C, 0x00, 0x00,
      0x00, 0x0D, 0x37, 0x37, 0x9C, 0xA5, 0x58, 0x99, 0x51, 0x22, 0x55, 0x55, 0x55, 0x72, 0x23, 0x88, 0x89, 0x97, 0x11, 0x13, 0x55, 0x7C, 0x00, 0x00,
      0x00, 0x0D, 0x77, 0x47, 0xCB, 0x9C, 0xA5, 0x55, 0x91, 0x11, 0x41, 0x22, 0x22, 0x34, 0x22, 0x68, 0x68, 0x99, 0x41, 0x34, 0x55, 0x9D, 0x00, 0x00,
      0x00, 0x00, 0x97, 0x57, 0xCB, 0x75, 0xAE, 0x58, 0x51, 0x13, 0x22, 0x22, 0x22, 0x25, 0x22, 0x28, 0x86, 0x89, 0x94, 0x44, 0x55, 0xA0, 0x00, 0x00,
      0x00, 0x00, 0xC7, 0x59, 0xDB, 0xB9, 0xAE, 0x57, 0x11, 0x15, 0x22, 0x22, 0x22, 0x25, 0x11, 0x13, 0x88, 0x89, 0x97, 0x44, 0x57, 0xC0, 0x00, 0x00,
      0x00, 0x00, 0x0D, 0x99, 0xEA, 0xAA, 0xAD, 0x77, 0x21, 0x23, 0x11, 0x11, 0x11, 0x11, 0x31, 0x36, 0x88, 0x89, 0x99, 0x57, 0x7C, 0x00, 0x00, 0x00,
      0x00, 0x00, 0x0D, 0xDA, 0x7A, 0xC9, 0xAD, 0x75, 0x44, 0x45, 0x32, 0x22, 0x22, 0x34, 0x54, 0x45, 0x88, 0x89, 0x99, 0x57, 0xDE, 0x00, 0x00, 0x00,
      0x00, 0x00, 0x00, 0xDC, 0xB9, 0x59, 0xCD, 0x75, 0x75, 0x55, 0x44, 0x44, 0x35, 0x74, 0x53, 0x43, 0x88, 0x89, 0x9A, 0xBE, 0xE0, 0x00, 0x00, 0x00,
      0x00, 0x00, 0x00, 0x0E, 0xCC, 0xBA, 0x57, 0x77, 0x75, 0x55, 0x44, 0x44, 0x35, 0x74, 0x53, 0x43, 0x88, 0x8C, 0xDC, 0xDD, 0x00, 0x00, 0x00, 0x00,
      0x00, 0x00, 0x00, 0x00, 0x0D, 0xCC, 0xDE, 0xC9, 0x77, 0x77, 0x53, 0x33, 0x35, 0x75, 0x75, 0x59, 0xCD, 0xDC, 0xDE, 0x00, 0x00, 0x00, 0x00, 0x00,
      0x00, 0x00, 0x00, 0x00, 0x00, 0x0D, 0xDC, 0xAB, 0xCD, 0xDA, 0xAA, 0xAA, 0xAA, 0xBC, 0xCD, 0xDB, 0xAD, 0xDE, 0x00, 0x00, 0x00, 0x00, 0x00, 0x00,
      0x00, 0x00, 0x00, 0x00, 0x00, 0x00, 0x0D, 0xED, 0xCC, 0xAB, 0xBB, 0xBB, 0xBB, 0xBB, 0xAD, 0xDE, 0xEC, 0x00, 0x00, 0x00, 0x00, 0x00, 0x00, 0x00,
      0x00, 0x00, 0x00, 0x00, 0x00, 0x00, 0x00, 0x00, 0x00, 0xDD, 0xDD, 0xDD, 0xDD, 0xDD, 0xE0, 0x00, 0x00, 0x00, 0x00, 0x00, 0x00, 0x00, 0x00, 0x00}},
    {{0x0000, 0xD696, 0xC5F5, 0xB573, 0xAD11, 0xAC49, 0x8C50, 0x838B, 0x8307, 0x630C, 0x7266, 0x5269, 0x4A49, 0x31A6, 0x2105, 0x0000},
     {
      0x00, 0x00, 0x00, 0x00, 0x00, 0x00, 0x00, 0x00, 0x00, 0x00, 0xEC, 0xCC, 0xCC, 0xCF, 0x00, 0x00, 0x00, 0x00, 0x00, 0x00, 0x00, 0x00, 0x00, 0x00,
      0x00, 0x00, 0x00, 0x00, 0x00, 0x00, 0x00, 0x00, 0x00, 0xB7, 0x42, 0x22, 0x23, 0x33, 0x6B, 0xD0, 0x00, 0x00, 0x00, 0x00, 0x00, 0x00, 0x00, 0x00,
      0x00, 0x00, 0x00, 0x00, 0x00, 0x00, 0x00, 0x00, 0xC3, 0x31, 0x11, 0x11, 0x11, 0x22, 0x26, 0x39, 0xE0, 0x00, 0x00, 0x00, 0x00, 0x00, 0x00, 0x00,
      0x00, 0x00, 0x00, 0x00, 0x00, 0x00, 0x0D, 0xDC, 0x11, 0x41, 0x11, 0x11, 0x11, 0x12, 0x34, 0x33, 0x69, 0x00, 0x00, 0x00, 0x00, 0x00, 0x00, 0x00,
      0x00, 0x00, 0x00, 0x00, 0x00, 0x00, 0xBB, 0xC3, 0x33, 0x33, 0x31, 0x11, 0x11, 0x43, 0x32, 0x24, 0x23, 0x6D, 0x00, 0x00, 0x00, 0x00, 0x00, 0x00,
      0x00, 0x00, 0x00, 0x00, 0x00, 0x0B, 0x4B, 0x92, 0x14, 0x64, 0x13, 0x22, 0x22, 0x21, 0x26, 0xB6, 0x43, 0x36, 0x00, 0x00, 0x00, 0x00, 0x00, 0x00,
      0x00, 0x00, 0x00, 0x00, 0x00, 0xB4, 0xA6, 0x6B, 0x63, 0x32, 0x31, 0x11, 0x11, 0x26, 0x99, 0x9B, 0x64, 0x32, 0x90, 0x00, 0x00, 0x00, 0x00, 0x00,
      0x00, 0x00, 0x00, 0x00, 0x00, 0x77, 0x9C, 0xD9, 0x99, 0x93, 0x11, 0x23, 0x69, 0x99, 0xBB, 0xDB, 0x96, 0x34, 0x6C, 0x00, 0x00, 0x00, 0x00, 0x00,
      0x00, 0x00, 0x00, 0x00, 0x0B, 0x5B, 0xB5, 0x58, 0xCB, 0x99, 0x99, 0x9B, 0x99, 0xDD, 0x88, 0x8A, 0xBB, 0x63, 0x47, 0x00, 0x00, 0x00, 0x00, 0x00,
      0x00, 0x00, 0x00, 0x00, 0xD5, 0x8B, 0x81, 0x14, 0x58, 0xBC, 0x66, 0x9D, 0xDA, 0x85, 0x55, 0x88, 0xB9, 0xB1, 0x44, 0xE0, 0x00, 0x00, 0x00, 0x00,
      0x00, 0x00, 0x00, 0x00, 0xD7, 0xCB, 0x41, 0x15, 0x55, 0x5B, 0x6D, 0x85, 0x55, 0x53, 0x34, 0x58, 0x7C, 0xC3, 0x24, 0xB0, 0x00, 0x00, 0x00, 0x00,
      0x00, 0x00, 0x00, 0x00, 0xAB, 0xC7, 0x43, 0x55, 0x55, 0x89, 0xB8, 0x31, 0x14, 0x88, 0x85, 0x5A, 0x8C, 0xC3, 0x34, 0x9E, 0x00, 0x00, 0x00, 0x00,
      0x00, 0x00, 0x00, 0x0F, 0xBB, 0xD5, 0x55, 0x55, 0x5A, 0x89, 0xD5, 0x11, 0x15, 0x58, 0x88, 0x88, 0xDB, 0x93, 0x44, 0x96, 0x00, 0x00, 0x00, 0x00,
      0x00, 0x00, 0x00, 0x0E, 0xCC, 0x55, 0x55, 0x8A, 0xA8, 0xB9, 0xA5, 0x11, 0x35, 0x55, 0x88, 0xAA, 0xCC, 0x66, 0x34, 0x74, 0xE0, 0x00, 0x00, 0x00,
      0x00, 0x00, 0x00, 0x0E, 0x9A, 0x55, 0x5A, 0xAA, 0xA8, 0x9C, 0x85, 0x55, 0x55, 0x55, 0x58, 0x8D, 0xB9, 0x26, 0x46, 0x34, 0xD0, 0x00, 0x00, 0x00,
      0x00, 0x00, 0x00, 0x0C, 0xB5, 0x25, 0x8A, 0xAA, 0xAB, 0x6D, 0x85, 0x55, 0x55, 0x58, 0xA8, 0xDB, 0xB2, 0x33, 0x66, 0x14, 0xD0, 0x00, 0x00, 0x00,
      0x00, 0x00, 0x00, 0x0C, 0x98, 0x55, 0x8A, 0xAA, 0xA9, 0x9D, 0x88, 0x85, 0x88, 0xAA, 0x8B, 0xBB, 0x33, 0x46, 0x42, 0x34, 0xD0, 0x00, 0x00, 0x00,
      0x00, 0x00, 0x00, 0x0C, 0x66, 0xBA, 0x88, 0xA8, 0x79, 0xC9, 0xA8, 0x5A, 0xAA, 0x8A, 0xB9, 0x93, 0x66, 0x41, 0x24, 0x64, 0xD0, 0x00, 0x00, 0x00,
      0x00, 0x00, 0x00, 0x0D, 0xCC, 0x99, 0xBB, 0xA6, 0x9B, 0x8B, 0x9A, 0xAA, 0xAA, 0xBC, 0x9C, 0x36, 0x11, 0x23, 0x33, 0x66, 0xD0, 0x00, 0x00, 0x00,
      0x00, 0x00, 0x00, 0x0E, 0x6B, 0xDD, 0x96, 0x66, 0xB4, 0x28, 0xB9, 0xCC, 0xCC, 0xCC, 0xB3, 0x61, 0x12, 0x22, 0x34, 0x66, 0xD0, 0x00, 0x00, 0x00,
      0x00, 0x00, 0x00, 0x00, 0x97, 0x58, 0xDD, 0x99, 0xA3, 0x38, 0xD9, 0xDD, 0xDD, 0xD7, 0x37, 0x11, 0x32, 0x33, 0x66, 0x66, 0xD0, 0x00, 0x00, 0x00,
      0x00, 0x00, 0x00, 0x00, 0xC7, 0x55, 0x58, 0xD9, 0xD7, 0x8B, 0xC6, 0x11, 0x12, 0x23, 0x63, 0x14, 0x69, 0x44, 0x73, 0x69, 0xE0, 0x00, 0x00, 0x00,
      0x00, 0x00, 0x00, 0x00, 0x0B, 0x55, 0x58, 0xAD, 0x9D, 0xDC, 0x63, 0x23, 0x33, 0x63, 0x61, 0x32, 0x27, 0xB9, 0x94, 0x69, 0xE0, 0x00, 0x00, 0x00,
      0x00, 0x00, 0x00, 0x00, 0x0C, 0x75, 0x8A, 0xAB, 0x99, 0xC9, 0x32, 0x11, 0x23, 0x63, 0x61, 0x33, 0x49, 0x97, 0x96, 0x9E, 0x00, 0x00, 0x00, 0x00,
      0x00, 0x00, 0x00, 0x00, 0x00, 0x77, 0x8A, 0xAA, 0xC9, 0xB3, 0x12, 0x22, 0x33, 0x66, 0x32, 0x43, 0x4B, 0x99, 0x96, 0x90, 0x00, 0x00, 0x00, 0x00,
      0x00, 0x00, 0x00, 0x00, 0x00, 0xC7, 0x88, 0xAA, 0xA9, 0x63, 0x12, 0x23, 0x36, 0x69, 0x32, 0x43, 0x34, 0xB9, 0x69, 0xD0, 0x00, 0x00, 0x00, 0x00,
      0x00, 0x00, 0x00, 0x00, 0x00, 0x09, 0x67, 0x88, 0x89, 0x73, 0x13, 0x33, 0x46, 0x4B, 0x34, 0x46, 0x33, 0x69, 0x9D, 0x00, 0x00, 0x00, 0x00, 0x00,
      0x00, 0x00, 0x00, 0x00, 0x00, 0x00, 0xC9, 0x6A, 0xA7, 0x94, 0x44, 0x44, 0x66, 0x69, 0x66, 0x43, 0x46, 0x6C, 0xE0, 0x00, 0x00, 0x00, 0x00, 0x00,
      0x00, 0x00, 0x00, 0x00, 0x00, 0x00, 0x00, 0xEB, 0x66, 0x64, 0x66, 0x66, 0x69, 0x9B, 0x66, 0x66, 0x9C, 0xEE, 0x00, 0x00, 0x00, 0x00, 0x00, 0x00,
      0x00, 0x00, 0x00, 0x00, 0x00, 0x00, 0x00, 0x00, 0xED, 0xCB, 0x99, 0x99, 0x9D, 0xEE, 0xCC, 0xEE, 0xDD, 0xCE, 0x00, 0x00, 0x00, 0x00, 0x00, 0x00,
      0x00, 0x00, 0x00, 0x00, 0x00, 0x00, 0x00, 0x00, 0x00, 0x0E, 0xED, 0xCC, 0xCC, 0xCD, 0xCC, 0xBB, 0xCC, 0xE0, 0x00, 0x00, 0x00, 0x00, 0x00, 0x00,
      0x00, 0x00, 0x00, 0x00, 0x00, 0x00, 0x00, 0x00, 0x00, 0x00, 0xDB, 0x99, 0x99, 0xB9, 0x9C, 0xBB, 0xCD, 0x00, 0x00, 0x00, 0x00, 0x00, 0x00, 0x00,
      0x00, 0x00, 0x00, 0x00, 0x00, 0x00, 0x00, 0x00, 0x00, 0x00, 0x0C, 0x99, 0x99, 0xBB, 0xCC, 0xCE, 0xE0, 0x00, 0x00, 0x00, 0x00, 0x00, 0x00, 0x00,
      0x00, 0x00, 0x00, 0x00, 0x00, 0x00, 0x00, 0x00, 0x00, 0x00, 0x0E, 0xED, 0xEE, 0xEE, 0xEE, 0xE0, 0x00, 0x00, 0x00, 0x00, 0x00, 0x00, 0x00, 0x00}},
  },
  {  // trailer
    {{0x0000, 0xB5D5, 0xAD74, 0xA533, 0x9CF2, 0x9CD1, 0x8C91, 0x8430, 0x8BAC, 0x73AE, 0x634D, 0x72C9, 0x52AB, 0x39E7, 0x2104, 0x0000},
     {
      0x00, 0x00, 0x00, 0x00, 0x00, 0x00, 0x00, 0x00, 0x00, 0x00, 0x00, 0x00, 0x00, 0x0D, 0xCD, 0x00, 0x00, 0x00, 0x00, 0x00, 0x00, 0x00, 0x00, 0x00,
      0x00, 0x00, 0x00, 0x00, 0x00, 0x00, 0x00, 0x00, 0x00, 0x00, 0x00, 0x00, 0x0D, 0xA7, 0x55, 0x7A, 0xC0, 0x00, 0x00, 0x00, 0x00, 0x00, 0x00, 0x00,
      0x00, 0x00, 0x00, 0x00, 0x00, 0x00, 0x00, 0x00, 0x00, 0x00, 0x0F, 0xC9, 0x14, 0x67, 0x64, 0x74, 0x2A, 0xD0, 0x00, 0x00, 0x00, 0x00, 0x00, 0x00,
      0x00, 0x00, 0x00, 0x00, 0x00, 0x00, 0x00, 0x00, 0x00, 0xDC, 0x93, 0x45, 0x63, 0x34, 0x22, 0x35, 0x64, 0x49, 0xD0, 0x00, 0x00, 0x00, 0x00, 0x00,
      0x00, 0x00, 0x00, 0x00, 0x00, 0x00, 0x00, 0xDE, 0x96, 0x36, 0x54, 0x42, 0x13, 0x41, 0x34, 0x21, 0x44, 0x65, 0x19, 0xD0, 0x00, 0x00, 0x00, 0x00,
      0x00, 0x00, 0x00, 0x00, 0x00, 0x0E, 0xE9, 0x62, 0x67, 0x72, 0x44, 0x22, 0x52, 0x14, 0x41, 0x45, 0x12, 0x65, 0x64, 0x29, 0xD0, 0x00, 0x00, 0x00,
      0x00, 0x00, 0x00, 0x00, 0xDC, 0x75, 0x26, 0x62, 0x42, 0x13, 0x31, 0x24, 0x22, 0x43, 0x13, 0x32, 0x34, 0x32, 0x47, 0x66, 0x5B, 0xD0, 0x00, 0x00,
      0x00, 0x00, 0xCD, 0xB6, 0x45, 0x75, 0x61, 0x14, 0x21, 0x44, 0x13, 0x42, 0x25, 0x31, 0x43, 0x12, 0x52, 0x46, 0x52, 0x11, 0x48, 0xD0, 0x00, 0x00,
      0x00, 0x00, 0xD8, 0x54, 0x93, 0x43, 0x13, 0x41, 0x24, 0x21, 0x43, 0x13, 0x42, 0x24, 0x22, 0x46, 0x36, 0x21, 0x13, 0x37, 0x98, 0xD0, 0x00, 0x00,
      0x00, 0x00, 0xD8, 0x93, 0x13, 0x45, 0x53, 0x23, 0x42, 0x23, 0x32, 0x43, 0x23, 0x33, 0x46, 0x31, 0x12, 0x24, 0x79, 0x9A, 0xA9, 0xE0, 0x00, 0x00,
      0x00, 0x00, 0xEC, 0xCA, 0x94, 0x11, 0x66, 0x44, 0x22, 0x53, 0x14, 0x41, 0x46, 0x53, 0x11, 0x13, 0x67, 0x9C, 0xA9, 0x69, 0xA9, 0xE0, 0x00, 0x00,
      0x00, 0x00, 0xEC, 0x67, 0xCA, 0xA4, 0x11, 0x45, 0x44, 0x22, 0x44, 0x36, 0x31, 0x11, 0x37, 0x7A, 0xAA, 0x99, 0x49, 0x47, 0xA7, 0xE0, 0x00, 0x00,
      0x00, 0x00, 0xE9, 0x77, 0x66, 0xCD, 0xC4, 0x11, 0x55, 0x46, 0x42, 0x11, 0x23, 0x79, 0xAA, 0xA6, 0x96, 0x79, 0x39, 0x47, 0xA7, 0xE0, 0x00, 0x00,
      0x00, 0x00, 0xEC, 0x77, 0x77, 0x9A, 0xCC, 0xA2, 0x55, 0x85, 0x11, 0x47, 0x7A, 0xA9, 0x77, 0x73, 0x93, 0x69, 0x39, 0x67, 0xA7, 0xE0, 0x00, 0x00,
      0x00, 0x00, 0xEA, 0x97, 0x76, 0x9A, 0xC7, 0xAC, 0xB8, 0x8B, 0x8A, 0xAA, 0xA9, 0x69, 0x37, 0x73, 0x92, 0x47, 0x39, 0x67, 0xA7, 0xE0, 0x00, 0x00,
      0x00, 0x00, 0xEA, 0x69, 0xA7, 0x9A, 0xC9, 0x76, 0xDB, 0x8A, 0xC7, 0x94, 0x77, 0x39, 0x37, 0x71, 0x99, 0x77, 0x29, 0x47, 0xA7, 0xE0, 0x00, 0x00,
      0x00, 0x00, 0xEA, 0x43, 0x67, 0x9A, 0xCA, 0x9A, 0x6B, 0x5A, 0x74, 0x93, 0x77, 0x39, 0x27, 0xA9, 0xDC, 0x97, 0x29, 0x47, 0xA7, 0xE0, 0x00, 0x00,
      0x00, 0x00, 0xEA, 0x67, 0x46, 0x9A, 0xC9, 0xB7, 0x6C, 0x7A, 0x73, 0x93, 0x77, 0x2A, 0xAC, 0xC9, 0xA2, 0x37, 0x39, 0x67, 0xA7, 0xE0, 0x00, 0x00,
      0x00, 0x00, 0xEA, 0x66, 0x76, 0x9A, 0xC9, 0xA7, 0x6C, 0x3A, 0x63, 0x93, 0x77, 0x6C, 0xAA, 0x41, 0x7A, 0x77, 0x29, 0x47, 0xA7, 0xE0, 0x00, 0x00,
      0x00, 0x00, 0xEA, 0x99, 0x77, 0x9A, 0xA3, 0x49, 0xCC, 0x4A, 0x73, 0x93, 0x77, 0x9C, 0x67, 0xC7, 0xA7, 0x47, 0x29, 0x47, 0xA7, 0xE0, 0x00, 0x00,
      0x00, 0x00, 0xEA, 0x46, 0x97, 0x9A, 0xC7, 0x62, 0xAD, 0x4A, 0x63, 0x93, 0x77, 0x9C, 0x27, 0x79, 0xC7, 0x67, 0x29, 0x47, 0xA7, 0xE0, 0x00, 0x00,
      0x00, 0x00, 0xEA, 0x63, 0x27, 0x9A, 0xC7, 0x77, 0x6C, 0x3A, 0x63, 0x93, 0x77, 0x7C, 0x9A, 0xA3, 0x73, 0x69, 0x29, 0x48, 0xB7, 0xE0, 0x00, 0x00,
      0x00, 0x00, 0xEA, 0x77, 0x7A, 0x9A, 0xCA, 0x97, 0x6C, 0x3A, 0x63, 0x93, 0x77, 0x7A, 0x36, 0x63, 0x94, 0x68, 0x5B, 0x88, 0xB7, 0xE0, 0x00, 0x00,
      0x00, 0x00, 0xEA, 0xAC, 0xAC, 0x9A, 0xA4, 0x9A, 0x6C, 0x3A, 0x63, 0x93, 0x77, 0x29, 0x37, 0x73, 0x85, 0x8B, 0x8B, 0x88, 0xB8, 0xE0, 0x00, 0x00,
      0x00, 0x00, 0xEC, 0x77, 0xCD, 0x9A, 0xC5, 0x23, 0x6C, 0x3A, 0x63, 0x93, 0x77, 0x29, 0x38, 0x88, 0xB8, 0xBB, 0x8B, 0x88, 0xB8, 0xD0, 0x00, 0x00,
      0x00, 0x00, 0xED, 0x74, 0x36, 0x9A, 0xC8, 0x56, 0x6C, 0x3A, 0x63, 0x94, 0x77, 0x4B, 0x88, 0x88, 0xB8, 0x8B, 0x8B, 0xC9, 0x78, 0xD0, 0x00, 0x00,
      0x00, 0x00, 0xEB, 0xC9, 0x77, 0x9A, 0xDB, 0x87, 0x6C, 0x3A, 0x73, 0x95, 0x8B, 0x8B, 0x88, 0x88, 0xB8, 0xBB, 0xA9, 0x7D, 0xDF, 0x00, 0x00, 0x00,
      0x00, 0x00, 0xDD, 0xAC, 0xC7, 0x9A, 0xA7, 0xAA, 0x9C, 0x4C, 0x88, 0xB8, 0xBB, 0x8B, 0x88, 0xBB, 0xA9, 0xDE, 0xDD, 0xE0, 0x00, 0x00, 0x00, 0x00,
      0x00, 0x00, 0x00, 0xED, 0xCC, 0xDA, 0xC6, 0x36, 0xCA, 0x4B, 0xB8, 0xB8, 0xBB, 0x8B, 0xCB, 0x96, 0x9C, 0xE0, 0x00, 0x00, 0x00, 0x00, 0x00, 0x00,
      0x00, 0x00, 0x00, 0x00, 0x0D, 0xAC, 0xD9, 0x77, 0x6D, 0x4B, 0x88, 0xB8, 0xBB, 0xC9, 0x79, 0xDE, 0xE0, 0x00, 0x00, 0x00, 0x00, 0x00, 0x00, 0x00,
      0x00, 0x00, 0x00, 0x00, 0x00, 0x0D, 0xAA, 0xCA, 0x7B, 0x5B, 0xB8, 0xBA, 0x97, 0xAD, 0xDE, 0x00, 0x00, 0x00, 0x00, 0x00, 0x00, 0x00, 0x00, 0x00,
      0x00, 0x00, 0x00, 0x00, 0x00, 0x00, 0x0E, 0xCA, 0xDB, 0x5B, 0xA7, 0x7A, 0xDE, 0x00, 0x00, 0x00, 0x00, 0x00, 0x00, 0x00, 0x00, 0x00, 0x00, 0x00,
      0x00, 0x00, 0x00, 0x00, 0x00, 0x00, 0x00, 0x0D, 0xCB, 0x88, 0xDD, 0xD0, 0x00, 0x00, 0x00, 0x00, 0x00, 0x00, 0x00, 0x00, 0x00, 0x00, 0x00, 0x00,
      0x00, 0x00, 0x00, 0x00, 0x00, 0x00, 0x00, 0x00, 0x0D, 0xDF, 0x00, 0x00, 0x00, 0x00, 0x00, 0x00, 0x00, 0x00, 0x00, 0x00, 0x00, 0x00, 0x00, 0x00}},
    {{0x0000, 0xCE76, 0xC615, 0xB5B4, 0xB594, 0xA533, 0x8450, 0x73AE, 0x636D, 0x5B2D, 0x52CB, 0x426A, 0x3A09, 0x31C8, 0x2966, 0x0000},
     {
      0x00, 0x00, 0x00, 0x00, 0x00, 0x00, 0x00, 0x00, 0x00, 0x00, 0x00, 0x00, 0x00, 0x00, 0x00, 0x0A, 0x78, 0x00, 0x00, 0x00, 0x00, 0x00, 0x00, 0x00,
      0x00, 0x00, 0x00, 0x00, 0x00, 0x00, 0x00, 0x00, 0x00, 0x00, 0x00, 0x00, 0x00, 0x0D, 0xB6, 0x12, 0x56, 0x46, 0x00, 0x00, 0x00, 0x00, 0x00, 0x00,
      0x00, 0x00, 0x00, 0x00, 0x00, 0x00, 0x00, 0x00, 0x00, 0x00, 0x00, 0x00, 0xED, 0xB7, 0x31, 0x69, 0x99, 0x96, 0x58, 0x00, 0x00, 0x00, 0x00, 0x00,
      0x00, 0x00, 0x00, 0x00, 0x00, 0x00, 0x00, 0x00, 0x00, 0x00, 0x00, 0xA6, 0x25, 0x97, 0x87, 0x35, 0x78, 0x88, 0xA7, 0x58, 0x00, 0x00, 0x00, 0x00,
      0x00, 0x00, 0x00, 0x00, 0x00, 0x00, 0x00, 0x00, 0x00, 0xC8, 0x63, 0x22, 0x22, 0x6B, 0x97, 0x76, 0x36, 0x88, 0x88, 0xA5, 0x47, 0x00, 0x00, 0x00,
      0x00, 0x00, 0x00, 0x00, 0x00, 0x00, 0x00, 0x0D, 0xBA, 0x63, 0x22, 0x56, 0x78, 0x88, 0x89, 0xA9, 0x96, 0x45, 0x75, 0x31, 0x11, 0x2C, 0x00, 0x00,
      0x00, 0x00, 0x00, 0x00, 0x00, 0x00, 0xC8, 0x42, 0x79, 0x79, 0x79, 0x98, 0x88, 0x88, 0x8A, 0x76, 0x97, 0x76, 0x31, 0x11, 0x12, 0x27, 0x00, 0x00,
      0x00, 0x00, 0x00, 0x00, 0xCA, 0x85, 0x22, 0x22, 0x24, 0x68, 0x79, 0x87, 0x89, 0x86, 0x52, 0x22, 0x26, 0x87, 0x71, 0x46, 0x42, 0x22, 0xA0, 0x00,
      0x00, 0x00, 0x00, 0x0A, 0x53, 0x13, 0x43, 0x22, 0x22, 0x23, 0x69, 0x77, 0x97, 0x22, 0x22, 0x11, 0x11, 0x17, 0x77, 0x32, 0x22, 0x35, 0x80, 0x00,
      0x00, 0x00, 0x00, 0xC5, 0xDA, 0x52, 0x13, 0x53, 0x22, 0x22, 0x22, 0x69, 0x79, 0x62, 0x11, 0x11, 0x22, 0x26, 0x99, 0x43, 0x55, 0x53, 0x70, 0x00,
      0x00, 0x00, 0x00, 0xAA, 0xEE, 0xDA, 0x63, 0x13, 0x53, 0x22, 0x22, 0x23, 0x68, 0x75, 0x11, 0x22, 0x22, 0x22, 0x97, 0x85, 0x44, 0x43, 0x80, 0x00,
      0x00, 0x00, 0x00, 0xB9, 0xDD, 0xDE, 0xEB, 0x53, 0x14, 0x53, 0x22, 0x11, 0x15, 0x78, 0x22, 0x22, 0x22, 0x55, 0x99, 0x83, 0x44, 0x43, 0x80, 0x00,
      0x00, 0x00, 0x00, 0xB9, 0xDD, 0xDD, 0xEE, 0xEA, 0x52, 0x13, 0x21, 0x56, 0x41, 0x87, 0x62, 0x25, 0x55, 0x32, 0x79, 0xA4, 0x44, 0x56, 0xB0, 0x00,
      0x00, 0x00, 0x00, 0xB9, 0xDC, 0xCC, 0xEE, 0xEE, 0xEA, 0x61, 0x54, 0x64, 0x22, 0x67, 0xA5, 0x53, 0x34, 0x33, 0x79, 0x96, 0x79, 0x99, 0xC0, 0x00,
      0x00, 0x00, 0x00, 0xB9, 0xDC, 0xCC, 0xEE, 0xCD, 0xDC, 0xC2, 0x14, 0x12, 0x35, 0x5A, 0xA5, 0x44, 0x44, 0x44, 0x79, 0xB9, 0x99, 0x99, 0xB0, 0x00,
      0x00, 0x00, 0x00, 0xB9, 0xDC, 0xCD, 0xDD, 0xCC, 0xCC, 0xE6, 0x15, 0x55, 0x54, 0x3B, 0xB5, 0x44, 0x44, 0x46, 0xB9, 0xB9, 0x97, 0x66, 0xB0, 0x00,
      0x00, 0x00, 0x00, 0xB9, 0xDD, 0xDD, 0xDD, 0xCC, 0xEE, 0xEB, 0x35, 0x66, 0x44, 0x4B, 0xB5, 0x34, 0x43, 0x49, 0xBA, 0xB6, 0x67, 0x75, 0x80, 0x00,
      0x00, 0x00, 0x00, 0xA8, 0xDD, 0xCC, 0xEE, 0xED, 0xBB, 0xBB, 0x35, 0x55, 0x64, 0x4B, 0xB5, 0x44, 0x44, 0x79, 0xBA, 0xB7, 0x64, 0x44, 0x80, 0x00,
      0x00, 0x00, 0x00, 0xB8, 0xDD, 0xED, 0xEC, 0xBB, 0xBD, 0xDB, 0x35, 0x54, 0x45, 0x4B, 0xB5, 0x44, 0x44, 0x66, 0x89, 0xA4, 0x67, 0x65, 0x80, 0x00,
      0x00, 0x00, 0x00, 0xB8, 0xEB, 0x99, 0xCC, 0xEE, 0xEC, 0xCB, 0x35, 0x44, 0x44, 0x5B, 0xB5, 0x44, 0x46, 0x99, 0x79, 0x86, 0xAA, 0xA7, 0xD0, 0x00,
      0x00, 0x00, 0x00, 0xC7, 0xC9, 0xAC, 0xDE, 0xDD, 0xCC, 0xCB, 0x35, 0x44, 0x44, 0x5B, 0xB5, 0x67, 0x66, 0x66, 0x99, 0xA6, 0xAA, 0xBE, 0x00, 0x00,
      0x00, 0x00, 0x00, 0x07, 0x8E, 0xDB, 0xBB, 0xBB, 0xBC, 0xCB, 0x35, 0x44, 0x44, 0x5B, 0xB6, 0x65, 0x66, 0x55, 0xCD, 0x9A, 0xCD, 0xE0, 0x00, 0x00,
      0x00, 0x00, 0x00, 0x0B, 0xBB, 0xDD, 0xBB, 0xBB, 0xBB, 0xCB, 0x35, 0x44, 0x44, 0x5B, 0xB6, 0x54, 0x56, 0x7B, 0xEE, 0xEA, 0xA9, 0xC0, 0x00, 0x00,
      0x00, 0x00, 0x00, 0x07, 0x79, 0xBB, 0xBC, 0xAA, 0xBB, 0xBB, 0x45, 0x55, 0x56, 0x5B, 0xC5, 0x67, 0x8A, 0xDE, 0xDB, 0xBA, 0x8A, 0xE0, 0x00, 0x00,
      0x00, 0x00, 0x00, 0x77, 0x9A, 0x99, 0xCB, 0xCB, 0xBB, 0xBB, 0x45, 0x66, 0x65, 0x6C, 0xD8, 0xAD, 0xDB, 0xAE, 0xEC, 0xCC, 0xE0, 0x00, 0x00, 0x00,
      0x00, 0x00, 0x07, 0x79, 0xA9, 0x99, 0x99, 0xCC, 0xBC, 0x9A, 0x35, 0x66, 0x67, 0xDE, 0xED, 0xBA, 0x88, 0xB0, 0x00, 0x00, 0x00, 0x00, 0x00, 0x00,
      0x00, 0x00, 0x77, 0x99, 0x99, 0x99, 0x99, 0x9A, 0xBB, 0xC6, 0x58, 0x79, 0xCE, 0xDC, 0xDA, 0xAA, 0xBC, 0xE0, 0x00, 0x00, 0x00, 0x00, 0x00, 0x00,
      0x00, 0x0A, 0x68, 0xA9, 0x99, 0x99, 0x99, 0x97, 0x86, 0xB6, 0xBC, 0xDD, 0xBB, 0xCB, 0xBB, 0xDE, 0x00, 0x00, 0x00, 0x00, 0x00, 0x00, 0x00, 0x00,
      0x00, 0xA6, 0x89, 0x99, 0x99, 0x99, 0x99, 0x88, 0x6A, 0xDD, 0xDB, 0xA9, 0xBE, 0x0E, 0xE0, 0x00, 0x00, 0x00, 0x00, 0x00, 0x00, 0x00, 0x00, 0x00,
      0x00, 0x0C, 0x77, 0x99, 0x99, 0x99, 0xA8, 0x76, 0xCE, 0xBA, 0xAA, 0xAC, 0xD0, 0x00, 0x00, 0x00, 0x00, 0x00, 0x00, 0x00, 0x00, 0x00, 0x00, 0x00,
      0x00, 0x00, 0x0C, 0x77, 0x89, 0x99, 0x78, 0x6C, 0x00, 0xDC, 0xCD, 0xE0, 0x00, 0x00, 0x00, 0x00, 0x00, 0x00, 0x00, 0x00, 0x00, 0x00, 0x00, 0x00,
      0x00, 0x00, 0x00, 0x0C, 0x87, 0x98, 0x76, 0xC0, 0x00, 0x00, 0x00, 0x00, 0x00, 0x00, 0x00, 0x00, 0x00, 0x00, 0x00, 0x00, 0x00, 0x00, 0x00, 0x00,
      0x00, 0x00, 0x00, 0x00, 0x0D, 0x77, 0x5A, 0x00, 0x00, 0x00, 0x00, 0x00, 0x00, 0x00, 0x00, 0x00, 0x00, 0x00, 0x00, 0x00, 0x00, 0x00, 0x00, 0x00,
      0x00, 0x00, 0x00, 0x00, 0x00, 0x0C, 0xB0, 0x00, 0x00, 0x00, 0x00, 0x00, 0x00, 0x00, 0x00, 0x00, 0x00, 0x00, 0x00, 0x00, 0x00, 0x00, 0x00, 0x00}},
    {{0x0000, 0xBDF5, 0xAD73, 0xACD0, 0x8C91, 0x940D, 0x73CE, 0x632D, 0x52CB, 0x4A8B, 0x4A6A, 0x424A, 0x3A49, 0x3A09, 0x2987, 0x0000},
     {
      0x00, 0x00, 0x00, 0x00, 0x00, 0x00, 0x00, 0x00, 0x00, 0x00, 0x00, 0x00, 0x00, 0x00, 0x00, 0x00, 0x00, 0x00, 0x00, 0x00, 0x00, 0x00, 0x00, 0x00,
      0x00, 0x00, 0x00, 0x00, 0x00, 0x00, 0x00, 0x00, 0x00, 0x00, 0x00, 0x00, 0x00, 0x00, 0x00, 0x00, 0x00, 0x00, 0x00, 0x00, 0x00, 0x00, 0x00, 0x00,
      0x00, 0x00, 0x00, 0x00, 0x00, 0x00, 0x00, 0x00, 0x00, 0x00, 0x00, 0x00, 0x00, 0x00, 0x00, 0x00, 0x00, 0x00, 0x00, 0x00, 0x00, 0x00, 0x00, 0x00,
      0x00, 0x00, 0x00, 0x00, 0x00, 0x00, 0x00, 0x00, 0x00, 0x00, 0x00, 0x00, 0x00, 0x00, 0x00, 0x00, 0x00, 0x00, 0x00, 0x00, 0x00, 0x00, 0x00, 0x00,
      0x00, 0x00, 0x00, 0x00, 0x00, 0x00, 0x00, 0x00, 0x00, 0x00, 0x00, 0x00, 0x00, 0x00, 0x00, 0x00, 0x00, 0x00, 0x00, 0x00, 0x00, 0x00, 0x00, 0x00,
      0x00, 0x00, 0x00, 0x00, 0x00, 0x00, 0x00, 0x00, 0x00, 0x00, 0x00, 0x00, 0x00, 0x00, 0x00, 0x00, 0x00, 0x00, 0x00, 0x00, 0x00, 0x00, 0x00, 0x00,
      0x00, 0x00, 0x00, 0x00, 0x00, 0x00, 0x00, 0x00, 0x00, 0x00, 0x00, 0x00, 0x00, 0x00, 0x00, 0x00, 0x00, 0x00, 0x00, 0x00, 0x00, 0x00, 0x00, 0x00,
      0x00, 0x00, 0x00, 0x00, 0x00, 0x00, 0x00, 0x00, 0x00, 0x00, 0x00, 0x00, 0x00, 0x00, 0x00, 0x00, 0x00, 0x00, 0x00, 0x00, 0x00, 0x00, 0x00, 0x00,
      0x00, 0x00, 0x00, 0x00, 0x00, 0x00, 0x00, 0x00, 0x00, 0x00, 0x00, 0x00, 0x00, 0x00, 0x00, 0x00, 0x00, 0x00, 0x00, 0x00, 0x00, 0x00, 0x00, 0x00,
      0x00, 0x00, 0x00, 0x00, 0x00, 0x00, 0x00, 0x00, 0x00, 0x00, 0x00, 0x00, 0x00, 0x00, 0x00, 0x00, 0x00, 0x00, 0x00, 0x00, 0x66, 0xBB, 0xC0, 0x00,
      0x00, 0x00, 0x00, 0x00, 0x00, 0x00, 0x00, 0x00, 0x00, 0x00, 0x00, 0x00, 0x00, 0x00, 0x00, 0x00, 0x00, 0x00, 0x45, 0x54, 0x66, 0x46, 0x99, 0x90,
      0x00, 0x00, 0x00, 0x00, 0x00, 0x00, 0x00, 0x00, 0x00, 0x00, 0x00, 0x00, 0x00, 0x00, 0x66, 0xCD, 0xAD, 0xBB, 0x86, 0x23, 0x33, 0x22, 0x26, 0x7A,
      0x00, 0x00, 0x00, 0x00, 0x00, 0x00, 0x00, 0x00, 0x00, 0x00, 0x00, 0x64, 0x44, 0x53, 0x22, 0x47, 0xB9, 0x9A, 0xDA, 0x74, 0x13, 0x34, 0x46, 0x9B,
      0x00, 0x00, 0x0C, 0x44, 0x40, 0x65, 0x06, 0x0C, 0xDB, 0xCA, 0x99, 0x74, 0x22, 0x12, 0x55, 0x21, 0x28, 0x89, 0x79, 0x88, 0x23, 0x56, 0x26, 0x8B,
      0x0A, 0x72, 0x35, 0x64, 0x11, 0x36, 0x77, 0x78, 0x99, 0x99, 0xA9, 0x97, 0x74, 0x22, 0x11, 0x31, 0x26, 0xB9, 0x9D, 0xBA, 0x23, 0x32, 0x26, 0x9B,
      0xDD, 0xB8, 0x62, 0x35, 0x64, 0x11, 0x24, 0x65, 0x32, 0x98, 0x78, 0x88, 0x77, 0x42, 0x22, 0x53, 0x26, 0xBA, 0x8B, 0xAB, 0x23, 0x32, 0x26, 0x9B,
      0xDD, 0xCC, 0xB8, 0x61, 0x15, 0x61, 0x12, 0x11, 0x51, 0x48, 0x9A, 0xBB, 0xAC, 0x52, 0x23, 0x54, 0x26, 0xB8, 0x8A, 0xA9, 0x45, 0x54, 0x68, 0x9C,
      0xDE, 0xBB, 0xBD, 0x74, 0x13, 0x44, 0x24, 0x12, 0x54, 0x68, 0xD8, 0x9B, 0xCB, 0x72, 0x23, 0x74, 0x26, 0xB9, 0xAD, 0xAA, 0x68, 0xDD, 0xDD, 0xDE,
      0xDC, 0xCD, 0xBD, 0x96, 0x43, 0x46, 0x44, 0x41, 0x53, 0x69, 0xA9, 0x89, 0xBB, 0x72, 0x22, 0x52, 0x47, 0xBC, 0xDD, 0xDC, 0xDA, 0xBC, 0xDD, 0x00,
      0xDE, 0xD9, 0xDD, 0xA6, 0x24, 0x62, 0x22, 0x22, 0x53, 0x48, 0x99, 0x89, 0xAB, 0x86, 0x67, 0xBD, 0xDD, 0xEA, 0x89, 0xEE, 0xEE, 0xE0, 0x00, 0x00,
      0xDD, 0xBD, 0xDC, 0x97, 0x46, 0x22, 0x22, 0x22, 0x56, 0x78, 0xC9, 0x9B, 0xDD, 0xAD, 0xDD, 0xBD, 0xED, 0xDD, 0xB0, 0x00, 0x00, 0x00, 0x00, 0x00,
      0xCD, 0xD9, 0xAC, 0xA7, 0x62, 0x27, 0x67, 0x8A, 0x99, 0xAA, 0xDD, 0xDD, 0xED, 0xDB, 0xDE, 0xED, 0x00, 0x00, 0x00, 0x00, 0x00, 0x00, 0x00, 0x00,
      0x0D, 0xCD, 0xDB, 0x96, 0x24, 0x98, 0xAB, 0xDC, 0xCE, 0xEC, 0x98, 0xB0, 0x00, 0x00, 0x00, 0x00, 0x00, 0x00, 0x00, 0x00, 0x00, 0x00, 0x00, 0x00,
      0x00, 0x0D, 0xDC, 0xB7, 0x49, 0xAE, 0xAB, 0xDD, 0xDD, 0x0D, 0x00, 0x00, 0x00, 0x00, 0x00, 0x00, 0x00, 0x00, 0x00, 0x00, 0x00, 0x00, 0x00, 0x00,
      0x00, 0x00, 0x0D, 0xDD, 0x00, 0xDD, 0xEE, 0xD0, 0x00, 0x00, 0x00, 0x00, 0x00, 0x00, 0x00, 0x00, 0x00, 0x00, 0x00, 0x00, 0x00, 0x00, 0x00, 0x00,
      0x00, 0x00, 0x00, 0x00, 0x00, 0x00, 0x00, 0x00, 0x00, 0x00, 0x00, 0x00, 0x00, 0x00, 0x00, 0x00, 0x00, 0x00, 0x00, 0x00, 0x00, 0x00, 0x00, 0x00,
      0x00, 0x00, 0x00, 0x00, 0x00, 0x00, 0x00, 0x00, 0x00, 0x00, 0x00, 0x00, 0x00, 0x00, 0x00, 0x00, 0x00, 0x00, 0x00, 0x00, 0x00, 0x00, 0x00, 0x00,
      0x00, 0x00, 0x00, 0x00, 0x00, 0x00, 0x00, 0x00, 0x00, 0x00, 0x00, 0x00, 0x00, 0x00, 0x00, 0x00, 0x00, 0x00, 0x00, 0x00, 0x00, 0x00, 0x00, 0x00,
      0x00, 0x00, 0x00, 0x00, 0x00, 0x00, 0x00, 0x00, 0x00, 0x00, 0x00, 0x00, 0x00, 0x00, 0x00, 0x00, 0x00, 0x00, 0x00, 0x00, 0x00, 0x00, 0x00, 0x00,
      0x00, 0x00, 0x00, 0x00, 0x00, 0x00, 0x00, 0x00, 0x00, 0x00, 0x00, 0x00, 0x00, 0x00, 0x00, 0x00, 0x00, 0x00, 0x00, 0x00, 0x00, 0x00, 0x00, 0x00,
      0x00, 0x00, 0x00, 0x00, 0x00, 0x00, 0x00, 0x00, 0x00, 0x00, 0x00, 0x00, 0x00, 0x00, 0x00, 0x00, 0x00, 0x00, 0x00, 0x00, 0x00, 0x00, 0x00, 0x00,
      0x00, 0x00, 0x00, 0x00, 0x00, 0x00, 0x00, 0x00, 0x00, 0x00, 0x00, 0x00, 0x00, 0x00, 0x00, 0x00, 0x00, 0x00, 0x00, 0x00, 0x00, 0x00, 0x00, 0x00,
      0x00, 0x00, 0x00, 0x00, 0x00, 0x00, 0x00, 0x00, 0x00, 0x00, 0x00, 0x00, 0x00, 0x00, 0x00, 0x00, 0x00, 0x00, 0x00, 0x00, 0x00, 0x00, 0x00, 0x00,
      0x00, 0x00, 0x00, 0x00, 0x00, 0x00, 0x00, 0x00, 0x00, 0x00, 0x00, 0x00, 0x00, 0x00, 0x00, 0x00, 0x00, 0x00, 0x00, 0x00, 0x00, 0x00, 0x00, 0x00}},
    {{0x0000, 0xBDF5, 0xAD73, 0xACD0, 0x8C91, 0x940D, 0x73CE, 0x632D, 0x52CB, 0x4A8B, 0x4A6A, 0x424A, 0x3A49, 0x3A09, 0x2987, 0x0000},
     {
      0x00, 0x00, 0x00, 0x00, 0x00, 0x00, 0x00, 0x00, 0x00, 0x00, 0x00, 0x00, 0x00, 0x00, 0x00, 0x00, 0x00, 0x00, 0x00, 0x00, 0x00, 0x00, 0x00, 0x00,
      0x00, 0x00, 0x00, 0x00, 0x00, 0x00, 0x00, 0x00, 0x00, 0x00, 0x00, 0x00, 0x00, 0x00, 0x00, 0x00, 0x00, 0x00, 0x00, 0x00, 0x00, 0x00, 0x00, 0x00,
      0x00, 0x00, 0x00, 0x00, 0x00, 0x00, 0x00, 0x00, 0x00, 0x00, 0x00, 0x00, 0x00, 0x00, 0x00, 0x00, 0x00, 0x00, 0x00, 0x00, 0x00, 0x00, 0x00, 0x00,
      0x00, 0x00, 0x00, 0x00, 0x00, 0x00, 0x00, 0x00, 0x00, 0x00, 0x00, 0x00, 0x00, 0x00, 0x00, 0x00, 0x00, 0x00, 0x00, 0x00, 0x00, 0x00, 0x00, 0x00,
      0x00, 0x00, 0x00, 0x00, 0x00, 0x00, 0x00, 0x00, 0x00, 0x00, 0x00, 0x00, 0x00, 0x00, 0x00, 0x00, 0x00, 0x00, 0x00, 0x00, 0x00, 0x00, 0x00, 0x00,
      0x00, 0x00, 0x00, 0x00, 0x00, 0x00, 0x00, 0x00, 0x00, 0x00, 0x00, 0x00, 0x00, 0x00, 0x00, 0x00, 0x00, 0x00, 0x00, 0x00, 0x00, 0x00, 0x00, 0x00,
      0x00, 0x00, 0x00, 0x00, 0x00, 0x00, 0x00, 0x00, 0x00, 0x00, 0x00, 0x00, 0x00, 0x00, 0x00, 0x00, 0x00, 0x00, 0x00, 0x00, 0x00, 0x00, 0x00, 0x00,
      0x00, 0x00, 0x00, 0x00, 0x00, 0x00, 0x00, 0x00, 0x00, 0x00, 0x00, 0x00, 0x00, 0x00, 0x00, 0x00, 0x00, 0x00, 0x00, 0x00, 0x00, 0x00, 0x00, 0x00,
      0x00, 0x00, 0x00, 0x00, 0x00, 0x00, 0x00, 0x00, 0x00, 0x00, 0x00, 0x00, 0x00, 0x00, 0x00, 0x00, 0x00, 0x00, 0x00, 0x00, 0x00, 0x00, 0x00, 0x00,
      0x00, 0x00, 0x00, 0x00, 0x00, 0x00, 0x00, 0x00, 0x00, 0x00, 0x00, 0x00, 0x00, 0x00, 0x00, 0x00, 0x00, 0x00, 0x00, 0x00, 0x66, 0xBB, 0xC0, 0x00,
      0x00, 0x00, 0x00, 0x00, 0x00, 0x00, 0x00, 0x00, 0x00, 0x00, 0x00, 0x00, 0x00, 0x00, 0x00, 0x00, 0x00, 0x00, 0x45, 0x54, 0x66, 0x46, 0x99, 0x90,
      0x00, 0x00, 0x00, 0x00, 0x00, 0x00, 0x00, 0x00, 0x00, 0x00, 0x00, 0x00, 0x00, 0x00, 0x66, 0xCD, 0xAD, 0xBB, 0x86, 0x23, 0x33, 0x22, 0x26, 0x7A,
      0x00, 0x00, 0x00, 0x00, 0x00, 0x00, 0x00, 0x00, 0x00, 0x00, 0x00, 0x64, 0x44, 0x53, 0x22, 0x47, 0xB9, 0x9A, 0xDA, 0x74, 0x13, 0x34, 0x46, 0x9B,
      0x00, 0x00, 0x0C, 0x44, 0x40, 0x65, 0x06, 0x0C, 0xDB, 0xCA, 0x99, 0x74, 0x22, 0x12, 0x55, 0x21, 0x28, 0x89, 0x79, 0x88, 0x23, 0x56, 0x26, 0x8B,
      0x0A, 0x72, 0x35, 0x64, 0x11, 0x36, 0x77, 0x78, 0x99, 0x99, 0xA9, 0x97, 0x74, 0x22, 0x11, 0x31, 0x26, 0xB9, 0x9D, 0xBA, 0x23, 0x32, 0x26, 0x9B,
      0xDD, 0xB8, 0x62, 0x35, 0x64, 0x11, 0x24, 0x65, 0x32, 0x98, 0x78, 0x88, 0x77, 0x42, 0x22, 0x53, 0x26, 0xBA, 0x8B, 0xAB, 0x23, 0x32, 0x26, 0x9B,
      0xDD, 0xCC, 0xB8, 0x61, 0x15, 0x61, 0x12, 0x11, 0x51, 0x48, 0x9A, 0xBB, 0xAC, 0x52, 0x23, 0x54, 0x26, 0xB8, 0x8A, 0xA9, 0x45, 0x54, 0x68, 0x9C,
      0xDE, 0xBB, 0xBD, 0x74, 0x13, 0x44, 0x24, 0x12, 0x54, 0x68, 0xD8, 0x9B, 0xCB, 0x72, 0x23, 0x74, 0x26, 0xB9, 0xAD, 0xAA, 0x68, 0xDD, 0xDD, 0xDE,
      0xDC, 0xCD, 0xBD, 0x96, 0x43, 0x46, 0x44, 0x41, 0x53, 0x69, 0xA9, 0x89, 0xBB, 0x72, 0x22, 0x52, 0x47, 0xBC, 0xDD, 0xDC, 0xDA, 0xBC, 0xDD, 0x00,
      0xDE, 0xD9, 0xDD, 0xA6, 0x24, 0x62, 0x22, 0x22, 0x53, 0x48, 0x99, 0x89, 0xAB, 0x86, 0x67, 0xBD, 0xDD, 0xEA, 0x89, 0xEE, 0xEE, 0xE0, 0x00, 0x00,
      0xDD, 0xBD, 0xDC, 0x97, 0x46, 0x22, 0x22, 0x22, 0x56, 0x78, 0xC9, 0x9B, 0xDD, 0xAD, 0xDD, 0xBD, 0xED, 0xDD, 0xB0, 0x00, 0x00, 0x00, 0x00, 0x00,
      0xCD, 0xD9, 0xAC, 0xA7, 0x62, 0x27, 0x67, 0x8A, 0x99, 0xAA, 0xDD, 0xDD, 0xED, 0xDB, 0xDE, 0xED, 0x00, 0x00, 0x00, 0x00, 0x00, 0x00, 0x00, 0x00,
      0x0D, 0xCD, 0xDB, 0x96, 0x24, 0x98, 0xAB, 0xDC, 0xCE, 0xEC, 0x98, 0xB0, 0x00, 0x00, 0x00, 0x00, 0x00, 0x00, 0x00, 0x00, 0x00, 0x00, 0x00, 0x00,
      0x00, 0x0D, 0xDC, 0xB7, 0x49, 0xAE, 0xAB, 0xDD, 0xDD, 0x0D, 0x00, 0x00, 0x00, 0x00, 0x00, 0x00, 0x00, 0x00, 0x00, 0x00, 0x00, 0x00, 0x00, 0x00,
      0x00, 0x00, 0x0D, 0xDD, 0x00, 0xDD, 0xEE, 0xD0, 0x00, 0x00, 0x00, 0x00, 0x00, 0x00, 0x00, 0x00, 0x00, 0x00, 0x00, 0x00, 0x00, 0x00, 0x00, 0x00,
      0x00, 0x00, 0x00, 0x00, 0x00, 0x00, 0x00, 0x00, 0x00, 0x00, 0x00, 0x00, 0x00, 0x00, 0x00, 0x00, 0x00, 0x00, 0x00, 0x00, 0x00, 0x00, 0x00, 0x00,
      0x00, 0x00, 0x00, 0x00, 0x00, 0x00, 0x00, 0x00, 0x00, 0x00, 0x00, 0x00, 0x00, 0x00, 0x00, 0x00, 0x00, 0x00, 0x00, 0x00, 0x00, 0x00, 0x00, 0x00,
      0x00, 0x00, 0x00, 0x00, 0x00, 0x00, 0x00, 0x00, 0x00, 0x00, 0x00, 0x00, 0x00, 0x00, 0x00, 0x00, 0x00, 0x00, 0x00, 0x00, 0x00, 0x00, 0x00, 0x00,
      0x00, 0x00, 0x00, 0x00, 0x00, 0x00, 0x00, 0x00, 0x00, 0x00, 0x00, 0x00, 0x00, 0x00, 0x00, 0x00, 0x00, 0x00, 0x00, 0x00, 0x00, 0x00, 0x00, 0x00,
      0x00, 0x00, 0x00, 0x00, 0x00, 0x00, 0x00, 0x00, 0x00, 0x00, 0x00, 0x00, 0x00, 0x00, 0x00, 0x00, 0x00, 0x00, 0x00, 0x00, 0x00, 0x00, 0x00, 0x00,
      0x00, 0x00, 0x00, 0x00, 0x00, 0x00, 0x00, 0x00, 0x00, 0x00, 0x00, 0x00, 0x00, 0x00, 0x00, 0x00, 0x00, 0x00, 0x00, 0x00, 0x00, 0x00, 0x00, 0x00,
      0x00, 0x00, 0x00, 0x00, 0x00, 0x00, 0x00, 0x00, 0x00, 0x00, 0x00, 0x00, 0x00, 0x00, 0x00, 0x00, 0x00, 0x00, 0x00, 0x00, 0x00, 0x00, 0x00, 0x00,
      0x00, 0x00, 0x00, 0x00, 0x00, 0x00, 0x00, 0x00, 0x00, 0x00, 0x00, 0x00, 0x00, 0x00, 0x00, 0x00, 0x00, 0x00, 0x00, 0x00, 0x00, 0x00, 0x00, 0x00,
      0x00, 0x00, 0x00, 0x00, 0x00, 0x00, 0x00, 0x00, 0x00, 0x00, 0x00, 0x00, 0x00, 0x00, 0x00, 0x00, 0x00, 0x00, 0x00, 0x00, 0x00, 0x00, 0x00, 0x00}},
  },
  {  // stabilizer
    {{0x0000, 0xC636, 0xA533, 0xA512, 0xA512, 0xACD0, 0x8C50, 0x938A, 0x6B6E, 0x5AEC, 0x52AB, 0x4228, 0x39C7, 0x2966, 0x18E3, 0x0000},
     {
      0x00, 0x00, 0x00, 0x00, 0x00, 0x00, 0x00, 0x00, 0x00, 0x00, 0x00, 0x00, 0x00, 0x00, 0x00, 0x00, 0xED, 0x00, 0x00, 0x00, 0x00, 0x00, 0x00, 0x00,
      0x00, 0x00, 0x00, 0x00, 0x00, 0x00, 0x00, 0x00, 0x00, 0x00, 0x00, 0x00, 0x00, 0x00, 0x00, 0xDB, 0x75, 0xD0, 0x00, 0x00, 0x00, 0x00, 0x00, 0x00,
      0x00, 0x00, 0x00, 0x00, 0x00, 0x00, 0x00, 0x00, 0x00, 0x00, 0x00, 0x00, 0x00, 0x0C, 0x77, 0x57, 0x77, 0xE0, 0x00, 0x00, 0x00, 0x00, 0x00, 0x00,
      0x00, 0x00, 0x00, 0x00, 0x00, 0x00, 0x00, 0x00, 0x00, 0x00, 0x00, 0x00, 0xFE, 0x75, 0x57, 0x77, 0x77, 0xE0, 0x00, 0x00, 0x00, 0x00, 0x00, 0x00,
      0x00, 0x00, 0x00, 0x00, 0x00, 0x00, 0x00, 0x00, 0x00, 0x00, 0x00, 0xCC, 0x75, 0x57, 0x77, 0x77, 0x75, 0xE0, 0x00, 0x00, 0x00, 0x00, 0x00, 0x00,
      0x00, 0x00, 0x00, 0x00, 0x00, 0x00, 0x00, 0x00, 0x00, 0x00, 0x00, 0xC5, 0x57, 0x77, 0x77, 0x62, 0x22, 0xE0, 0x00, 0x00, 0x00, 0x00, 0x00, 0x00,
      0x00, 0x00, 0x00, 0x00, 0x00, 0x00, 0x00, 0x00, 0x00, 0x00, 0x0E, 0x75, 0x77, 0x77, 0x82, 0x23, 0x28, 0xD0, 0x00, 0x00, 0x00, 0x00, 0x00, 0x00,
      0x00, 0x00, 0x00, 0x00, 0x00, 0x00, 0x00, 0x00, 0x00, 0x00, 0xD7, 0x57, 0x76, 0x12, 0x64, 0x69, 0xE9, 0x8E, 0x00, 0x00, 0x00, 0x00, 0x00, 0x00,
      0x00, 0x00, 0x00, 0x00, 0x00, 0x00, 0x00, 0x00, 0x00, 0x00, 0x91, 0x57, 0x22, 0x48, 0x64, 0xB9, 0x89, 0x9E, 0x00, 0x00, 0x00, 0x00, 0x00, 0x00,
      0x00, 0x00, 0x00, 0x00, 0x00, 0x00, 0x00, 0x00, 0x00, 0x0D, 0x21, 0x36, 0x22, 0x36, 0x64, 0xC8, 0xAA, 0xAE, 0x00, 0x00, 0x00, 0x00, 0x00, 0x00,
      0x00, 0x00, 0x00, 0x00, 0x00, 0x00, 0x00, 0x00, 0x00, 0x0A, 0x11, 0x62, 0x33, 0x22, 0x63, 0xC8, 0xAA, 0xAE, 0x00, 0x00, 0x00, 0x00, 0x00, 0x00,
      0x00, 0x00, 0x00, 0x00, 0x00, 0x00, 0x00, 0x00, 0x00, 0xD1, 0x12, 0x62, 0x33, 0x33, 0x63, 0xC9, 0xAA, 0xAE, 0x00, 0x00, 0x00, 0x00, 0x00, 0x00,
      0x00, 0x00, 0x00, 0x00, 0x00, 0x00, 0x00, 0x00, 0x00, 0xA1, 0x26, 0x13, 0x34, 0x33, 0x63, 0xB8, 0xAA, 0xDD, 0x00, 0x00, 0x00, 0x00, 0x00, 0x00,
      0x00, 0x00, 0x00, 0x00, 0x00, 0x00, 0x00, 0x00, 0x0E, 0x11, 0x46, 0x23, 0x34, 0x43, 0x63, 0xC9, 0xCC, 0xE0, 0x00, 0x00, 0x00, 0x00, 0x00, 0x00,
      0x00, 0x00, 0x00, 0x00, 0x00, 0x00, 0x00, 0x00, 0x08, 0x12, 0x62, 0x43, 0x33, 0x43, 0x63, 0xCA, 0xA9, 0xD0, 0x00, 0x00, 0x00, 0x00, 0x00, 0x00,
      0x00, 0x00, 0x00, 0x00, 0x00, 0x00, 0x00, 0x00, 0xB1, 0x16, 0x33, 0x33, 0x33, 0x43, 0x63, 0xC8, 0x99, 0xD0, 0x00, 0x00, 0x00, 0x00, 0x00, 0x00,
      0x00, 0x00, 0x00, 0x00, 0x00, 0x00, 0x00, 0x00, 0x61, 0x26, 0x23, 0x33, 0x33, 0x44, 0x64, 0xC9, 0xAA, 0xD0, 0x00, 0x00, 0x00, 0x00, 0x00, 0x00,
      0x00, 0x00, 0x00, 0x00, 0x00, 0x00, 0x00, 0x0D, 0x11, 0x43, 0x43, 0x33, 0x34, 0x44, 0x64, 0xC9, 0xAA, 0xD0, 0x00, 0x00, 0x00, 0x00, 0x00, 0x00,
      0x00, 0x00, 0x00, 0x00, 0x00, 0x00, 0x00, 0x06, 0x12, 0x62, 0x33, 0x33, 0x34, 0x44, 0x64, 0xCA, 0xBB, 0xDB, 0x00, 0x00, 0x00, 0x00, 0x00, 0x00,
      0x00, 0x00, 0x00, 0x00, 0x00, 0x00, 0x00, 0xA1, 0x16, 0x23, 0x44, 0x44, 0x44, 0x44, 0x64, 0xDD, 0xCC, 0xE0, 0x00, 0x00, 0x00, 0x00, 0x00, 0x00,
      0x00, 0x00, 0x00, 0x00, 0x00, 0x00, 0x0C, 0x21, 0x46, 0x23, 0x44, 0x44, 0x44, 0x44, 0x64, 0xA9, 0x88, 0xE0, 0x00, 0x00, 0x00, 0x00, 0x00, 0x00,
      0x00, 0x00, 0x00, 0x00, 0x00, 0x00, 0x09, 0x12, 0x62, 0x33, 0x44, 0x44, 0x34, 0x32, 0x64, 0x88, 0x88, 0xE0, 0x00, 0x00, 0x00, 0x00, 0x00, 0x00,
      0x00, 0x00, 0x00, 0x00, 0x00, 0x00, 0xD1, 0x14, 0x62, 0x44, 0x44, 0x43, 0x32, 0x48, 0xC4, 0x48, 0x88, 0xE0, 0x00, 0x00, 0x00, 0x00, 0x00, 0x00,
      0x00, 0x00, 0x00, 0x00, 0x00, 0x00, 0x81, 0x26, 0x34, 0x44, 0x44, 0x36, 0x9A, 0xBA, 0x8C, 0x46, 0x44, 0xD0, 0x00, 0x00, 0x00, 0x00, 0x00, 0x00,
      0x00, 0x00, 0x00, 0x00, 0x00, 0x0B, 0x11, 0x26, 0x24, 0x44, 0x36, 0xBB, 0x98, 0x88, 0x8D, 0x64, 0x69, 0x00, 0x00, 0x00, 0x00, 0x00, 0x00, 0x00,
      0x00, 0x00, 0x00, 0x00, 0x00, 0x0C, 0x12, 0x63, 0x44, 0x44, 0x8C, 0x98, 0x98, 0x88, 0x9D, 0x6B, 0xDE, 0x00, 0x00, 0x00, 0x00, 0x00, 0x00, 0x00,
      0x00, 0x00, 0x00, 0x00, 0x00, 0x0C, 0x12, 0x62, 0x34, 0x44, 0xA9, 0x69, 0x99, 0x9A, 0xCD, 0xEB, 0x00, 0x00, 0x00, 0x00, 0x00, 0x00, 0x00, 0x00,
      0x00, 0x00, 0x00, 0x00, 0x00, 0x0C, 0x12, 0x62, 0x38, 0x33, 0xA9, 0x6A, 0xAA, 0xAA, 0xBD, 0x00, 0x00, 0x00, 0x00, 0x00, 0x00, 0x00, 0x00, 0x00,
      0x00, 0x00, 0x00, 0x00, 0x00, 0x0C, 0x12, 0x62, 0x86, 0x42, 0xA9, 0x6B, 0xAA, 0xBB, 0xBD, 0x00, 0x00, 0x00, 0x00, 0x00, 0x00, 0x00, 0x00, 0x00,
      0x00, 0x00, 0x00, 0x00, 0x00, 0x0C, 0x12, 0x62, 0x86, 0x42, 0xA9, 0x6B, 0xBA, 0xBD, 0xFD, 0x00, 0x00, 0x00, 0x00, 0x00, 0x00, 0x00, 0x00, 0x00,
      0x00, 0x00, 0x00, 0x00, 0x00, 0x0C, 0x14, 0x62, 0x66, 0x48, 0xEA, 0x8B, 0xDD, 0xED, 0x00, 0x00, 0x00, 0x00, 0x00, 0x00, 0x00, 0x00, 0x00, 0x00,
      0x00, 0x00, 0x00, 0x00, 0x00, 0x0C, 0x13, 0x62, 0x8C, 0xDE, 0xEC, 0xDE, 0x00, 0x00, 0x00, 0x00, 0x00, 0x00, 0x00, 0x00, 0x00, 0x00, 0x00, 0x00,
      0x00, 0x00, 0x00, 0x00, 0x00, 0x0B, 0x46, 0xAE, 0xE0, 0x00, 0x00, 0x00, 0x00, 0x00, 0x00, 0x00, 0x00, 0x00, 0x00, 0x00, 0x00, 0x00, 0x00, 0x00,
      0x00, 0x00, 0x00, 0x00, 0x00, 0x00, 0xEE, 0xD0, 0x00, 0x00, 0x00, 0x00, 0x00, 0x00, 0x00, 0x00, 0x00, 0x00, 0x00, 0x00, 0x00, 0x00, 0x00, 0x00}},
    {{0x0000, 0xE71A, 0xCE57, 0xB573, 0x9CD1, 0x9C2D, 0x7BEF, 0x9328, 0x630C, 0x4A6B, 0x31C8, 0x10A3, 0x0800, 0x0000, 0x0000, 0x0000},
     {
      0x00, 0x00, 0x00, 0x00, 0x00, 0x00, 0x00, 0x00, 0x00, 0x00, 0x00, 0x00, 0x00, 0x00, 0x00, 0x00, 0x00, 0x00, 0x00, 0x00, 0x00, 0x00, 0x00, 0x00,
      0x00, 0x00, 0x00, 0x00, 0x00, 0x00, 0x00, 0x00, 0x00, 0x00, 0x00, 0x00, 0x00, 0x00, 0x00, 0x00, 0x00, 0x00, 0x00, 0x00, 0x0A, 0xAA, 0x90, 0x00,
      0x00, 0x00, 0x00, 0x00, 0x00, 0x00, 0x00, 0x00, 0x00, 0x00, 0x00, 0x00, 0x00, 0x00, 0x00, 0x00, 0x00, 0x00, 0x00, 0xAB, 0xBB, 0xDD, 0xBB, 0x90,
      0x00, 0x00, 0x00, 0x00, 0x00, 0x00, 0x00, 0x00, 0x00, 0x00, 0x00, 0x00, 0x00, 0x00, 0x00, 0x00, 0x00, 0x80, 0x8B, 0xBB, 0x82, 0x36, 0x9B, 0xA0,
      0x00, 0x00, 0x00, 0x00, 0x00, 0x00, 0x00, 0x00, 0x00, 0x00, 0x00, 0x00, 0x00, 0x00, 0x00, 0x09, 0x06, 0xBB, 0x96, 0x44, 0x46, 0x99, 0x66, 0x9B,
      0x00, 0x00, 0x00, 0x00, 0x00, 0x00, 0x00, 0x00, 0x00, 0x00, 0x00, 0x00, 0x00, 0x00, 0x60, 0xBE, 0xDD, 0x83, 0x64, 0x88, 0x69, 0x86, 0x66, 0x9D,
      0x00, 0x00, 0x00, 0x00, 0x00, 0x00, 0x00, 0x00, 0x00, 0x00, 0x00, 0x00, 0x00, 0xA9, 0xAE, 0xB9, 0x9A, 0x86, 0x86, 0x9A, 0x88, 0x66, 0x89, 0xAD,
      0x00, 0x00, 0x00, 0x00, 0x00, 0x00, 0x00, 0x00, 0x00, 0x00, 0x00, 0x00, 0x06, 0xCC, 0x99, 0x98, 0x66, 0x89, 0xA9, 0x99, 0x68, 0x89, 0x99, 0xAB,
      0x00, 0x00, 0x00, 0x00, 0x00, 0x00, 0x00, 0x00, 0x00, 0x00, 0x00, 0x9C, 0xC9, 0x97, 0x55, 0x46, 0x69, 0xA9, 0x66, 0x68, 0x68, 0x99, 0x99, 0xAD,
      0x00, 0x00, 0x00, 0x00, 0x00, 0x00, 0x00, 0x00, 0x08, 0x88, 0xBB, 0xB5, 0x33, 0x33, 0x33, 0x34, 0x49, 0xA9, 0x68, 0x89, 0x99, 0x99, 0x99, 0xAB,
      0x00, 0x00, 0x00, 0x00, 0x00, 0x00, 0x00, 0x00, 0x0B, 0xEB, 0x62, 0x23, 0x35, 0x77, 0x31, 0x34, 0x6A, 0xAA, 0x89, 0x99, 0x99, 0x99, 0x99, 0xAB,
      0x00, 0x00, 0x00, 0x00, 0x00, 0x00, 0x06, 0x9B, 0xB8, 0x64, 0x33, 0x32, 0x37, 0x77, 0x55, 0x53, 0x3A, 0xAA, 0x99, 0x99, 0x99, 0x99, 0x99, 0xAB,
      0x00, 0x00, 0x00, 0x00, 0x00, 0x00, 0xAB, 0xA2, 0x12, 0x21, 0x26, 0x66, 0x43, 0x35, 0x55, 0x55, 0x5A, 0xAA, 0x99, 0x99, 0x99, 0x99, 0x9A, 0xBB,
      0x00, 0x00, 0x00, 0x00, 0x00, 0x69, 0xA2, 0x21, 0x11, 0x11, 0x11, 0x14, 0x41, 0x25, 0x77, 0x75, 0x5A, 0xAA, 0x99, 0x99, 0x99, 0x9A, 0xAA, 0x86,
      0x00, 0x00, 0x00, 0x00, 0x00, 0x89, 0x61, 0x11, 0x11, 0x21, 0x11, 0x13, 0x83, 0x37, 0x77, 0x75, 0x5A, 0xAA, 0x99, 0x99, 0x9A, 0xBA, 0xAB, 0x00,
      0x00, 0x00, 0x00, 0x00, 0x0A, 0xA1, 0x11, 0x11, 0x11, 0x11, 0x11, 0x14, 0x83, 0x37, 0x77, 0x75, 0x5A, 0xAA, 0x99, 0xAA, 0xBB, 0xBD, 0x00, 0x00,
      0x00, 0x00, 0x00, 0x00, 0x09, 0x82, 0x22, 0x21, 0x11, 0x12, 0x22, 0x24, 0x84, 0x47, 0x77, 0x75, 0x5A, 0xAA, 0x9A, 0xAB, 0xAB, 0x00, 0x00, 0x00,
      0x00, 0x00, 0x00, 0x00, 0xAA, 0x24, 0x44, 0x32, 0x11, 0x13, 0x43, 0x36, 0x84, 0x47, 0x77, 0x75, 0x5A, 0xAA, 0x9B, 0xAD, 0x00, 0x00, 0x00, 0x00,
      0x00, 0x00, 0x00, 0x0B, 0x43, 0x34, 0x43, 0x43, 0x11, 0x24, 0x43, 0x36, 0x84, 0x47, 0x77, 0x75, 0x5A, 0xAA, 0xAD, 0x90, 0x00, 0x00, 0x00, 0x00,
      0x00, 0x00, 0x00, 0x8A, 0x42, 0x34, 0x44, 0x32, 0x23, 0x46, 0x63, 0x36, 0x84, 0x57, 0x77, 0x75, 0x5A, 0xAB, 0xB0, 0x00, 0x00, 0x00, 0x00, 0x00,
      0x00, 0x00, 0x0B, 0xA2, 0x33, 0x44, 0x43, 0x23, 0x46, 0x66, 0x43, 0x26, 0x84, 0x57, 0x77, 0x75, 0x8B, 0xB8, 0x80, 0x00, 0x00, 0x00, 0x00, 0x00,
      0x00, 0x08, 0xA3, 0x22, 0x33, 0x46, 0x31, 0x26, 0x66, 0x64, 0x32, 0x38, 0x84, 0x57, 0x77, 0x7B, 0xA9, 0x80, 0x00, 0x00, 0x00, 0x00, 0x00, 0x00,
      0x00, 0x99, 0xA2, 0x23, 0x32, 0x33, 0x23, 0x66, 0x66, 0x64, 0x22, 0x48, 0x84, 0x57, 0x7B, 0xBB, 0xA0, 0x00, 0x00, 0x00, 0x00, 0x00, 0x00, 0x00,
      0x00, 0xD3, 0x22, 0x33, 0x43, 0x21, 0x14, 0x66, 0x68, 0x42, 0x34, 0x68, 0x84, 0x47, 0x9B, 0xB0, 0x00, 0x00, 0x00, 0x00, 0x00, 0x00, 0x00, 0x00,
      0xB9, 0xB4, 0x22, 0x34, 0x42, 0x11, 0x48, 0x66, 0x66, 0x32, 0x36, 0x68, 0x84, 0x8B, 0xB8, 0x00, 0x00, 0x00, 0x00, 0x00, 0x00, 0x00, 0x00, 0x00,
      0xB6, 0x24, 0x96, 0x82, 0x21, 0x32, 0x34, 0x33, 0x33, 0x34, 0x66, 0x68, 0x9B, 0xFB, 0x00, 0x00, 0x00, 0x00, 0x00, 0x00, 0x00, 0x00, 0x00, 0x00,
      0xB8, 0x23, 0x86, 0x81, 0x12, 0x64, 0x44, 0x44, 0x44, 0x66, 0x66, 0x9D, 0xFB, 0x00, 0x00, 0x00, 0x00, 0x00, 0x00, 0x00, 0x00, 0x00, 0x00, 0x00,
      0xB6, 0x22, 0x48, 0x61, 0x24, 0x44, 0x44, 0x44, 0x46, 0x6A, 0xAD, 0xA9, 0xA0, 0x00, 0x00, 0x00, 0x00, 0x00, 0x00, 0x00, 0x00, 0x00, 0x00, 0x00,
      0xB8, 0x32, 0x22, 0x12, 0x46, 0x44, 0x44, 0x69, 0x8B, 0xBD, 0x99, 0x90, 0x00, 0x00, 0x00, 0x00, 0x00, 0x00, 0x00, 0x00, 0x00, 0x00, 0x00, 0x00,
      0xAA, 0xB4, 0x43, 0x23, 0x64, 0x64, 0x68, 0x9D, 0xDA, 0x00, 0x00, 0x00, 0x00, 0x00, 0x00, 0x00, 0x00, 0x00, 0x00, 0x00, 0x00, 0x00, 0x00, 0x00,
      0x09, 0xB8, 0x66, 0x33, 0x68, 0x88, 0xAD, 0xA8, 0x90, 0x00, 0x00, 0x00, 0x00, 0x00, 0x00, 0x00, 0x00, 0x00, 0x00, 0x00, 0x00, 0x00, 0x00, 0x00,
      0x00, 0xAD, 0xDA, 0x44, 0x6B, 0xBB, 0x80, 0x00, 0x00, 0x00, 0x00, 0x00, 0x00, 0x00, 0x00, 0x00, 0x00, 0x00, 0x00, 0x00, 0x00, 0x00, 0x00, 0x00,
      0x00, 0x09, 0x9B, 0xBB, 0xBB, 0xAB, 0x00, 0x00, 0x00, 0x00, 0x00, 0x00, 0x00, 0x00, 0x00, 0x00, 0x00, 0x00, 0x00, 0x00, 0x00, 0x00, 0x00, 0x00,
      0x00, 0x00, 0x00, 0x00, 0x00, 0x00, 0x00, 0x00, 0x00, 0x00, 0x00, 0x00, 0x00, 0x00, 0x00, 0x00, 0x00, 0x00, 0x00, 0x00, 0x00, 0x00, 0x00, 0x00}},
    {{0x0000, 0xDED8, 0xD697, 0xD697, 0xC616, 0xB594, 0xA4D1, 0xB3A9, 0x7BCF, 0x632D, 0x5269, 0x4229, 0x31C7, 0x2946, 0x18E4, 0x0000},
     {
      0x00, 0x00, 0x00, 0x00, 0x00, 0x00, 0x00, 0x00, 0x00, 0x00, 0x00, 0x00, 0x00, 0x00, 0x00, 0x00, 0x00, 0x00, 0x00, 0x00, 0x00, 0x00, 0x00, 0x00,
      0x00, 0x00, 0x00, 0x00, 0x00, 0x00, 0x00, 0x00, 0x00, 0x00, 0x00, 0x00, 0x00, 0x00, 0x00, 0x00, 0x00, 0x00, 0x00, 0x00, 0x00, 0x00, 0x00, 0x00,
      0x00, 0x00, 0x00, 0x00, 0x00, 0x00, 0x00, 0x00, 0x00, 0x00, 0x00, 0xDE, 0xD0, 0x00, 0x00, 0xED, 0xCD, 0x00, 0x00, 0x00, 0x00, 0x00, 0x00, 0x00,
      0x00, 0x00, 0x00, 0x00, 0x00, 0x00, 0x00, 0x00, 0x00, 0x00, 0xDA, 0x63, 0x6B, 0xC0, 0xEE, 0xB8, 0x98, 0xA0, 0x00, 0x00, 0x00, 0x00, 0x00, 0x00,
      0x00, 0x00, 0x00, 0x00, 0x00, 0x00, 0x00, 0x00, 0x0D, 0xD8, 0x43, 0x33, 0x33, 0x6C, 0xC9, 0xA9, 0x69, 0x9E, 0x00, 0x00, 0x00, 0x00, 0x00, 0x00,
      0x00, 0x00, 0x00, 0x00, 0x00, 0x00, 0x00, 0x0E, 0xC7, 0x77, 0x75, 0x22, 0x22, 0x21, 0x6B, 0x6C, 0x89, 0xBE, 0x00, 0x00, 0x00, 0x00, 0x00, 0x00,
      0x00, 0x00, 0x00, 0x00, 0x00, 0x00, 0xDA, 0x84, 0x57, 0x77, 0x77, 0x75, 0x31, 0x11, 0x38, 0x9A, 0xC9, 0xCE, 0x00, 0x00, 0x00, 0x00, 0x00, 0x00,
      0x00, 0x00, 0x00, 0x00, 0x00, 0xA8, 0x42, 0x33, 0x23, 0x57, 0x77, 0x77, 0x52, 0x45, 0x59, 0xCB, 0xDB, 0xCE, 0x00, 0x00, 0x00, 0x00, 0x00, 0x00,
      0x00, 0x00, 0x00, 0x00, 0x08, 0x31, 0x11, 0x22, 0x23, 0x33, 0x65, 0x77, 0x76, 0x68, 0x89, 0xCB, 0xDB, 0xCE, 0x00, 0x00, 0x00, 0x00, 0x00, 0x00,
      0x00, 0x00, 0x00, 0x00, 0x83, 0x22, 0x33, 0x12, 0x24, 0x41, 0x16, 0x77, 0x77, 0x88, 0x89, 0xCC, 0xDC, 0xE0, 0x00, 0x00, 0x00, 0x00, 0x00, 0x00,
      0x00, 0x00, 0x00, 0xB6, 0x32, 0x22, 0x23, 0x34, 0x41, 0x11, 0x56, 0x77, 0x77, 0x88, 0x89, 0xEE, 0xDC, 0xB0, 0x00, 0x00, 0x00, 0x00, 0x00, 0x00,
      0x00, 0x00, 0x0A, 0x42, 0x22, 0x22, 0x23, 0x51, 0x14, 0x56, 0x66, 0x77, 0x76, 0x66, 0x69, 0xDA, 0x89, 0x8D, 0x00, 0x00, 0x00, 0x00, 0x00, 0x00,
      0x00, 0x00, 0x93, 0x22, 0x22, 0x22, 0x34, 0x14, 0x66, 0x66, 0x66, 0x7A, 0xCB, 0x86, 0x69, 0x9B, 0x89, 0xAD, 0x00, 0x00, 0x00, 0x00, 0x00, 0x00,
      0x00, 0xDC, 0x43, 0x22, 0x22, 0x23, 0x41, 0x46, 0x66, 0x66, 0x9B, 0xA8, 0x89, 0xB9, 0xAD, 0xBA, 0xDA, 0xBD, 0x00, 0x00, 0x00, 0x00, 0x00, 0x00,
      0x00, 0xCB, 0xC8, 0x32, 0x22, 0x35, 0x14, 0x66, 0x66, 0x9D, 0x98, 0x99, 0x99, 0x9D, 0x64, 0xAC, 0xDB, 0xCE, 0x00, 0x00, 0x00, 0x00, 0x00, 0x00,
      0x0C, 0x88, 0x9A, 0x96, 0x43, 0x41, 0x36, 0x66, 0x6A, 0x99, 0x99, 0x99, 0x99, 0x9C, 0x53, 0x36, 0xDC, 0xCE, 0x00, 0x00, 0x00, 0x00, 0x00, 0x00,
      0xCB, 0xB9, 0x88, 0x9A, 0xB5, 0x14, 0x66, 0x66, 0x6C, 0x98, 0x99, 0x99, 0xBB, 0xCA, 0x42, 0x8A, 0xAC, 0xE0, 0x00, 0x00, 0x00, 0x00, 0x00, 0x00,
      0xCB, 0xDD, 0xC9, 0x88, 0x9A, 0x46, 0x66, 0x66, 0x9D, 0xA8, 0x9A, 0xBC, 0xC8, 0x53, 0x22, 0xAA, 0x99, 0xBC, 0x00, 0x00, 0x00, 0x00, 0x00, 0x00,
      0xDB, 0xEC, 0xCE, 0xB6, 0x8C, 0x56, 0x68, 0x9A, 0x86, 0xAB, 0xCC, 0x96, 0x23, 0x32, 0x22, 0x48, 0x99, 0x99, 0xCC, 0x00, 0x00, 0x00, 0x00, 0x00,
      0xEB, 0xCB, 0xEC, 0xC8, 0x9C, 0x56, 0x9B, 0x83, 0x13, 0x15, 0x84, 0x22, 0x22, 0x22, 0x22, 0x21, 0x5B, 0x99, 0x9B, 0xD0, 0x00, 0x00, 0x00, 0x00,
      0xEB, 0xDD, 0xBC, 0xE9, 0xBD, 0x6A, 0x81, 0x35, 0x53, 0x12, 0x22, 0x22, 0x22, 0x22, 0x22, 0x45, 0x44, 0xAA, 0x99, 0x9D, 0x00, 0x00, 0x00, 0x00,
      0xDB, 0xDC, 0xBC, 0xE9, 0xBD, 0x6B, 0x95, 0x31, 0x14, 0x54, 0x11, 0x22, 0x22, 0x13, 0x55, 0x58, 0x85, 0x16, 0xB9, 0xAC, 0xDC, 0x00, 0x00, 0x00,
      0xEA, 0xBC, 0xDC, 0xD9, 0xBD, 0x69, 0xB8, 0x66, 0x41, 0x13, 0x56, 0x41, 0x25, 0x65, 0x32, 0x23, 0x56, 0x64, 0x49, 0x95, 0x34, 0xB0, 0x00, 0x00,
      0x0D, 0xAC, 0xBC, 0xE9, 0xBD, 0x58, 0x8B, 0xDA, 0x66, 0x43, 0x11, 0x45, 0x64, 0x12, 0x22, 0x22, 0x22, 0x45, 0x64, 0x33, 0x33, 0x48, 0x00, 0x00,
      0x00, 0xED, 0xAC, 0xD9, 0xBC, 0x58, 0x88, 0x9E, 0xEC, 0x96, 0x61, 0x11, 0x35, 0x61, 0x12, 0x22, 0x22, 0x22, 0x25, 0x53, 0x32, 0x33, 0x6D, 0x00,
      0x00, 0x00, 0xEC, 0xBB, 0xBC, 0x68, 0x9C, 0xE0, 0x00, 0xDC, 0xA8, 0x64, 0x11, 0x15, 0x54, 0x12, 0x22, 0x22, 0x22, 0x35, 0x51, 0x46, 0x77, 0xA0,
      0x00, 0x00, 0x00, 0xFF, 0xED, 0xBD, 0xE0, 0x00, 0x00, 0x00, 0x0E, 0xD9, 0x86, 0x41, 0x14, 0x55, 0x31, 0x22, 0x22, 0x13, 0x67, 0x77, 0x77, 0x7C,
      0x00, 0x00, 0x00, 0x00, 0x00, 0x00, 0x00, 0x00, 0x00, 0x00, 0x00, 0x00, 0xDC, 0xA6, 0x53, 0x11, 0x45, 0x51, 0x16, 0x87, 0x77, 0x77, 0x77, 0xAD,
      0x00, 0x00, 0x00, 0x00, 0x00, 0x00, 0x00, 0x00, 0x00, 0x00, 0x00, 0x00, 0x00, 0x0E, 0xC9, 0x65, 0x11, 0x57, 0x77, 0x77, 0x77, 0x77, 0xDD, 0xC0,
      0x00, 0x00, 0x00, 0x00, 0x00, 0x00, 0x00, 0x00, 0x00, 0x00, 0x00, 0x00, 0x00, 0x00, 0x0B, 0xEA, 0x95, 0x97, 0x77, 0x77, 0x7A, 0xCD, 0x00, 0x00,
      0x00, 0x00, 0x00, 0x00, 0x00, 0x00, 0x00, 0x00, 0x00, 0x00, 0x00, 0x00, 0x00, 0x00, 0x00, 0x00, 0xDE, 0xD7, 0x77, 0x7A, 0xDD, 0x00, 0x00, 0x00,
      0x00, 0x00, 0x00, 0x00, 0x00, 0x00, 0x00, 0x00, 0x00, 0x00, 0x00, 0x00, 0x00, 0x00, 0x00, 0x00, 0x00, 0x0D, 0xDD, 0xE0, 0x00, 0x00, 0x00, 0x00,
      0x00, 0x00, 0x00, 0x00, 0x00, 0x00, 0x00, 0x00, 0x00, 0x00, 0x00, 0x00, 0x00, 0x00, 0x00, 0x00, 0x00, 0x00, 0x00, 0x00, 0x00, 0x00, 0x00, 0x00,
      0x00, 0x00, 0x00, 0x00, 0x00, 0x00, 0x00, 0x00, 0x00, 0x00, 0x00, 0x00, 0x00, 0x00, 0x00, 0x00, 0x00, 0x00, 0x00, 0x00, 0x00, 0x00, 0x00, 0x00}},
    {{0x0000, 0xCE56, 0x9CF2, 0x93EE, 0x638F, 0x6B0B, 0x52CC, 0x4A6B, 0x422A, 0x41E8, 0x31C8, 0x31A7, 0x2967, 0x2125, 0x10A3, 0x0000},
     {
      0x00, 0x00, 0x00, 0x00, 0x00, 0x00, 0x00, 0x00, 0x00, 0x00, 0x00, 0x00, 0x00, 0x00, 0x00, 0x00, 0x00, 0x00, 0x09, 0xCC, 0xAB, 0x00, 0x00, 0x00,
      0x00, 0x00, 0x00, 0x00, 0x00, 0x00, 0x00, 0x00, 0x0B, 0xBC, 0xB0, 0x00, 0xE9, 0xBE, 0x00, 0x00, 0x00, 0x0E, 0xCB, 0x76, 0x84, 0xA0, 0x00, 0x00,
      0x00, 0x00, 0x00, 0x00, 0x00, 0x0D, 0x73, 0x4C, 0xE7, 0x64, 0x4D, 0xB4, 0x21, 0x24, 0xCB, 0x00, 0x00, 0xEC, 0x74, 0x66, 0x44, 0x27, 0x00, 0x00,
      0x00, 0x00, 0x00, 0x00, 0xB9, 0x32, 0x5A, 0x87, 0x48, 0x5C, 0x62, 0x11, 0x22, 0x44, 0x47, 0xAE, 0xED, 0xA6, 0x67, 0x34, 0x42, 0x66, 0x00, 0x00,
      0x00, 0x00, 0x00, 0xB9, 0x33, 0x7A, 0x64, 0x46, 0xDD, 0x81, 0x11, 0x12, 0x44, 0x42, 0x44, 0x22, 0x57, 0x47, 0x42, 0x62, 0x56, 0x67, 0xD0, 0x00,
      0x00, 0x0D, 0x92, 0x11, 0x23, 0x94, 0x46, 0x89, 0x33, 0x33, 0x24, 0x44, 0x44, 0x42, 0x11, 0x11, 0x11, 0x66, 0x84, 0x66, 0x48, 0x68, 0xA0, 0x00,
      0x00, 0xC7, 0x64, 0x11, 0x13, 0x8B, 0xB5, 0x21, 0x12, 0x33, 0x33, 0x54, 0x42, 0x11, 0x11, 0x11, 0x12, 0x15, 0x57, 0x58, 0x48, 0x49, 0x7F, 0x00,
      0x07, 0x44, 0x44, 0x72, 0x13, 0x63, 0x11, 0x12, 0x44, 0x44, 0x33, 0x33, 0x21, 0x11, 0x11, 0x11, 0x11, 0x13, 0x79, 0x7B, 0x86, 0x8A, 0xAE, 0x00,
      0xD8, 0xDB, 0x64, 0x6C, 0xCB, 0x21, 0x12, 0x44, 0x44, 0x44, 0x42, 0x33, 0x33, 0x11, 0x11, 0x11, 0x12, 0x41, 0x88, 0x78, 0xA8, 0xA9, 0xAE, 0x00,
      0xD8, 0xDB, 0xC9, 0xC7, 0x45, 0x66, 0x42, 0x44, 0x44, 0x21, 0x11, 0x11, 0x23, 0x31, 0x11, 0x22, 0x43, 0x22, 0x99, 0xCC, 0xCA, 0xCB, 0xC0, 0x00,
      0xB8, 0xBC, 0xEC, 0x44, 0x44, 0x44, 0x68, 0x42, 0x21, 0x11, 0x11, 0x11, 0x23, 0x32, 0x23, 0x21, 0x22, 0x22, 0x87, 0xCB, 0xCA, 0xCC, 0xD0, 0x00,
      0xD8, 0xDC, 0xA4, 0x64, 0x44, 0x44, 0x55, 0x67, 0x41, 0x11, 0x12, 0x11, 0x13, 0x35, 0x22, 0x26, 0x96, 0x22, 0x98, 0xCC, 0xCC, 0xAD, 0x00, 0x00,
      0xD8, 0xDE, 0x6A, 0xDD, 0x74, 0x44, 0x54, 0x45, 0x57, 0x31, 0x11, 0x11, 0x12, 0x35, 0x58, 0x74, 0x44, 0x82, 0x9C, 0xBD, 0xAD, 0xC0, 0x00, 0x00,
      0xD8, 0xDD, 0x6A, 0xCB, 0xDD, 0xA4, 0x44, 0x44, 0x34, 0x62, 0x11, 0x11, 0x13, 0xB9, 0x53, 0x6C, 0xC6, 0xC2, 0xAE, 0xEE, 0xF0, 0x00, 0x00, 0x00,
      0xD8, 0xCE, 0x6A, 0xCD, 0xA8, 0xCE, 0x84, 0x32, 0x46, 0x65, 0x11, 0x12, 0x27, 0x32, 0x8A, 0xA8, 0x7D, 0xD2, 0xB7, 0x00, 0x0B, 0xCD, 0x00, 0x00,
      0xD8, 0xCD, 0x6A, 0xD7, 0x86, 0x76, 0x8D, 0x63, 0x66, 0x68, 0x22, 0x22, 0x55, 0x27, 0x54, 0x6A, 0xC6, 0x9E, 0x9B, 0xEC, 0xD7, 0x78, 0x6C, 0x00,
      0xC8, 0xCD, 0x7D, 0x64, 0x67, 0x42, 0x49, 0xB4, 0x45, 0x6B, 0x32, 0x22, 0xA4, 0x39, 0x4B, 0x84, 0x44, 0x46, 0x61, 0x26, 0xA6, 0x64, 0x64, 0xC0,
      0xC8, 0xCE, 0x8C, 0xB9, 0x63, 0x25, 0x77, 0xD7, 0x57, 0x8B, 0x32, 0x48, 0x77, 0x76, 0x67, 0x46, 0x44, 0x68, 0xB1, 0x11, 0x24, 0x62, 0x46, 0xA0,
      0x0C, 0x8D, 0xA9, 0x55, 0x54, 0x46, 0x66, 0xC8, 0x68, 0x8A, 0x33, 0x63, 0x78, 0xCB, 0xD7, 0x94, 0x79, 0xB5, 0x11, 0x11, 0x17, 0x37, 0x46, 0x6E,
      0x00, 0xDE, 0xB3, 0x55, 0x2B, 0x46, 0x78, 0xD8, 0x68, 0x7A, 0x48, 0x45, 0xCC, 0xCB, 0x42, 0x13, 0x53, 0x33, 0x11, 0x11, 0x17, 0x48, 0x67, 0x7D,
      0x00, 0x0D, 0xB5, 0x55, 0x13, 0x88, 0xBB, 0xC8, 0x68, 0x8A, 0x38, 0x47, 0x76, 0x45, 0x59, 0x41, 0x11, 0x23, 0x32, 0x12, 0x28, 0x86, 0x86, 0x8C,
      0x00, 0x0D, 0xC5, 0x39, 0x33, 0xA8, 0x47, 0xB8, 0x68, 0x8A, 0x48, 0x47, 0x8A, 0xC7, 0x44, 0x52, 0x11, 0x13, 0x33, 0x23, 0x59, 0xA8, 0x97, 0xAC,
      0x00, 0x0E, 0x79, 0x35, 0x95, 0xBA, 0x8A, 0xD8, 0x68, 0x8A, 0x48, 0x47, 0x9A, 0xDA, 0xB4, 0x48, 0x11, 0x23, 0x59, 0x74, 0xCC, 0xAA, 0xC7, 0xBE,
      0x00, 0x00, 0x79, 0x93, 0x3B, 0x9A, 0x9B, 0xD8, 0x67, 0x7A, 0x48, 0x48, 0xAA, 0xDD, 0xCA, 0x4A, 0x32, 0x57, 0x54, 0x65, 0xC7, 0xAA, 0xC9, 0xC0,
      0x00, 0x00, 0xC6, 0xA9, 0x99, 0x8C, 0xDC, 0xC8, 0x67, 0x7A, 0x48, 0x6B, 0xBA, 0xEC, 0x7C, 0x7B, 0x49, 0x46, 0x77, 0x65, 0xDC, 0xCA, 0xCD, 0xC0,
      0x00, 0x00, 0xC8, 0x6C, 0xCC, 0xDD, 0xAD, 0xD7, 0x67, 0x7A, 0x33, 0xB6, 0xAB, 0xDA, 0xCC, 0x7C, 0x49, 0x77, 0x77, 0x65, 0xCA, 0xCE, 0xD0, 0x00,
      0x00, 0x00, 0x0C, 0xC8, 0x67, 0xAB, 0xDA, 0xB7, 0x67, 0x7B, 0x22, 0x3C, 0xCA, 0xDC, 0xAB, 0x7C, 0x4A, 0x77, 0x77, 0x65, 0x5D, 0x00, 0x00, 0x00,
      0x00, 0x00, 0x00, 0x0E, 0xD8, 0x67, 0x8A, 0xE6, 0x68, 0x8C, 0x32, 0x34, 0xCA, 0xEA, 0x7B, 0x7C, 0x4B, 0x87, 0x78, 0xB4, 0x2A, 0x00, 0x00, 0x00,
      0x00, 0x00, 0x00, 0x00, 0x00, 0xC9, 0x68, 0x76, 0x78, 0x8B, 0x44, 0x6D, 0xBA, 0xC9, 0xBB, 0x7B, 0x4B, 0x69, 0xCB, 0x43, 0x5D, 0x00, 0x00, 0x00,
      0x00, 0x00, 0x00, 0x00, 0x00, 0x0D, 0xD9, 0x69, 0xBA, 0xCA, 0x8B, 0xD0, 0xBA, 0xDD, 0x8A, 0x7B, 0x4D, 0xDB, 0x93, 0x6C, 0xA0, 0x00, 0x00, 0x00,
      0x00, 0x00, 0x00, 0x00, 0x00, 0x00, 0x00, 0xEE, 0xEE, 0xED, 0x00, 0x00, 0xC7, 0xBA, 0x9A, 0x7B, 0x33, 0x35, 0x9D, 0x00, 0x00, 0x00, 0x00, 0x00,
      0x00, 0x00, 0x00, 0x00, 0x00, 0x00, 0x00, 0x00, 0x00, 0x00, 0x00, 0x00, 0x09, 0x8A, 0xCB, 0x7A, 0x34, 0xBD, 0x00, 0x00, 0x00, 0x00, 0x00, 0x00,
      0x00, 0x00, 0x00, 0x00, 0x00, 0x00, 0x00, 0x00, 0x00, 0x00, 0x00, 0x00, 0x00, 0xCA, 0x77, 0xAD, 0x9D, 0x00, 0x00, 0x00, 0x00, 0x00, 0x00, 0x00,
      0x00, 0x00, 0x00, 0x00, 0x00, 0x00, 0x00, 0x00, 0x00, 0x00, 0x00, 0x00, 0x00, 0x0D, 0xDD, 0xE0, 0x00, 0x00, 0x00, 0x00, 0x00, 0x00, 0x00, 0x00}},
  },
  {  // bulkheads
    {{0x0000, 0x9597, 0x7C93, 0x6BCF, 0x634E, 0x5B0D, 0x52AB, 0x4A8B, 0x424A, 0x4229, 0x3A29, 0x3A09, 0x39E9, 0x31C8, 0x2987, 0x0000},
     {
      0x00, 0x00, 0x00, 0x00, 0x00, 0x00, 0x00, 0x00, 0x00, 0x00, 0x00, 0x00, 0x00, 0x00, 0x00, 0x00, 0x00, 0x00, 0x00, 0x00, 0x00, 0x00, 0x00, 0x00,
      0x00, 0x00, 0x00, 0x00, 0x00, 0x00, 0x00, 0x00, 0x00, 0x00, 0x00, 0x00, 0x00, 0x00, 0x00, 0x00, 0x00, 0x00, 0x00, 0x00, 0x00, 0x00, 0x00, 0x00,
      0x00, 0x00, 0x00, 0x00, 0x00, 0x00, 0x00, 0x00, 0x00, 0x00, 0x00, 0x00, 0x00, 0x00, 0x00, 0x00, 0x00, 0x00, 0x00, 0x00, 0x00, 0x00, 0x00, 0x00,
      0x00, 0x00, 0x00, 0x00, 0x00, 0x00, 0x00, 0x00, 0x00, 0x00, 0x00, 0x00, 0x00, 0x00, 0x00, 0x00, 0x00, 0x00, 0x00, 0x00, 0x00, 0x00, 0x00, 0x00,
      0x00, 0x00, 0x00, 0x00, 0x00, 0x00, 0x00, 0x00, 0x00, 0x00, 0x00, 0x00, 0x00, 0x00, 0x00, 0x00, 0x00, 0x00, 0x00, 0x00, 0x00, 0x00, 0x00, 0x00,
      0x00, 0x00, 0x00, 0x00, 0x00, 0x00, 0x00, 0x00, 0x00, 0x00, 0x00, 0x00, 0x00, 0x00, 0x00, 0x00, 0x00, 0x00, 0x00, 0x00, 0x00, 0x00, 0x00, 0x00,
      0x00, 0x00, 0x00, 0x00, 0x00, 0x00, 0x00, 0x00, 0x00, 0x00, 0x00, 0x00, 0x01, 0x22, 0x22, 0x20, 0x00, 0x00, 0x00, 0x00, 0x00, 0x00, 0x00, 0x00,
      0x00, 0x00, 0x00, 0x00, 0x00, 0x00, 0x00, 0x00, 0x00, 0x00, 0x03, 0x3B, 0xCC, 0xAA, 0xBA, 0xEE, 0x00, 0x00, 0x00, 0x00, 0x00, 0x00, 0x00, 0x00,
      0x00, 0x00, 0x00, 0x00, 0x00, 0x00, 0x00, 0x01, 0x33, 0x4A, 0xED, 0xC7, 0x78, 0x88, 0xAD, 0xDD, 0xDE, 0xE0, 0x00, 0x00, 0x00, 0x00, 0x00, 0x00,
      0x00, 0x00, 0x00, 0x00, 0x01, 0x12, 0x23, 0x45, 0x36, 0x77, 0x8A, 0xBC, 0x87, 0x7C, 0xCC, 0xCC, 0xCC, 0x9E, 0xD2, 0x00, 0x00, 0x00, 0x00, 0x00,
      0x00, 0x00, 0x00, 0x01, 0x26, 0x83, 0x34, 0x46, 0x87, 0x77, 0x65, 0x57, 0x8A, 0xDD, 0xDD, 0xCC, 0xCC, 0xAC, 0xDE, 0x73, 0x00, 0x00, 0x00, 0x00,
      0x00, 0x00, 0x00, 0x14, 0x57, 0xDA, 0x55, 0x66, 0x77, 0x76, 0x78, 0x77, 0x75, 0x7A, 0xBD, 0xCC, 0xCC, 0xB8, 0xDD, 0xD9, 0x81, 0x00, 0x00, 0x00,
      0x00, 0x00, 0x13, 0x66, 0x44, 0x48, 0xED, 0x77, 0x77, 0x77, 0x77, 0x76, 0x55, 0x57, 0x78, 0xAB, 0xCD, 0xCA, 0xBD, 0xAC, 0xDB, 0x30, 0x00, 0x00,
      0x00, 0x02, 0x65, 0x73, 0x33, 0x38, 0x8C, 0xD8, 0x67, 0x77, 0x77, 0x74, 0x55, 0x56, 0x77, 0x88, 0x88, 0xBA, 0xAC, 0xE9, 0x8A, 0xE4, 0x10, 0x00,
      0x02, 0x57, 0xBC, 0x84, 0x44, 0x6A, 0x45, 0x56, 0x89, 0x67, 0x76, 0x45, 0x55, 0x55, 0x78, 0x76, 0x7A, 0xA8, 0xCD, 0x79, 0xBB, 0xDA, 0x61, 0x00,
      0x2A, 0xBA, 0xAA, 0x84, 0x45, 0xD5, 0x88, 0x75, 0x6C, 0xE8, 0x74, 0x34, 0x55, 0x55, 0x6A, 0xCD, 0xDE, 0xA6, 0x77, 0x6A, 0xCB, 0xDB, 0x96, 0x20,
      0x1E, 0xA9, 0xAA, 0x84, 0x4E, 0x68, 0x88, 0x88, 0x75, 0x6D, 0xD9, 0x44, 0x4A, 0xDD, 0xCD, 0x76, 0x54, 0x56, 0x77, 0x85, 0x7A, 0xDC, 0xA9, 0x63,
      0x2E, 0x99, 0x98, 0xB4, 0xD7, 0x89, 0x88, 0x89, 0xAA, 0x86, 0x33, 0x33, 0x33, 0x33, 0x36, 0x66, 0x77, 0x88, 0x87, 0xB8, 0x56, 0x7C, 0xCB, 0xA4,
      0x04, 0xBC, 0xEE, 0xDC, 0xD8, 0xAA, 0xBC, 0xCD, 0xCB, 0x73, 0x32, 0x22, 0x22, 0x22, 0x45, 0x77, 0x78, 0x88, 0x88, 0xAA, 0x74, 0x6A, 0xA9, 0xEE,
      0x01, 0x5D, 0xCE, 0xE8, 0xCB, 0xBB, 0xBB, 0xBB, 0xB7, 0x33, 0x43, 0x32, 0x22, 0x24, 0x55, 0x77, 0x87, 0x88, 0x88, 0xA9, 0xA7, 0x5B, 0x99, 0xE0,
      0x00, 0x02, 0x8D, 0xB9, 0x6C, 0x8A, 0xCB, 0xBA, 0x73, 0x43, 0x43, 0x33, 0x22, 0x35, 0x55, 0x78, 0x9A, 0x88, 0x87, 0x89, 0x96, 0x68, 0xEE, 0xE0,
      0x00, 0x00, 0x05, 0x7E, 0xDE, 0xED, 0x88, 0x96, 0x23, 0x44, 0x43, 0x33, 0x43, 0x45, 0x54, 0x88, 0x99, 0x9A, 0x88, 0x87, 0x88, 0xBE, 0xEE, 0x00,
      0x00, 0x00, 0x00, 0x13, 0xEE, 0xDD, 0xED, 0xA3, 0x33, 0x34, 0x44, 0x45, 0x55, 0x54, 0x54, 0x88, 0x96, 0x66, 0x99, 0x6E, 0xEE, 0xDE, 0xE0, 0x00,
      0x00, 0x00, 0x00, 0x00, 0x13, 0xDD, 0x9E, 0xEE, 0xDD, 0xB8, 0x99, 0x97, 0x54, 0x44, 0x45, 0x67, 0x8A, 0xD9, 0x66, 0xCD, 0xDE, 0xEB, 0x00, 0x00,
      0x00, 0x00, 0x00, 0x00, 0x00, 0x15, 0xE8, 0xDC, 0xBB, 0xB9, 0x65, 0x56, 0x9D, 0xDD, 0xAD, 0xEE, 0xEE, 0xDD, 0xBD, 0xEE, 0xEE, 0xE0, 0x00, 0x00,
      0x00, 0x00, 0x00, 0x00, 0x00, 0x00, 0x24, 0xDC, 0xCC, 0xCA, 0x88, 0x9A, 0xAA, 0xBC, 0xBE, 0xEE, 0xDD, 0xEE, 0xD7, 0x43, 0x00, 0x00, 0x00, 0x00,
      0x00, 0x00, 0x00, 0x00, 0x00, 0x00, 0x00, 0x23, 0x35, 0x57, 0xCB, 0xCC, 0xCB, 0xBD, 0xBD, 0xEE, 0xC7, 0x51, 0x10, 0x00, 0x00, 0x00, 0x00, 0x00,
      0x00, 0x00, 0x00, 0x00, 0x00, 0x00, 0x00, 0x00, 0x00, 0x01, 0x11, 0x22, 0x24, 0x37, 0x76, 0x50, 0x00, 0x00, 0x00, 0x00, 0x00, 0x00, 0x00, 0x00,
      0x00, 0x00, 0x00, 0x00, 0x00, 0x00, 0x00, 0x00, 0x00, 0x00, 0x00, 0x00, 0x00, 0x00, 0x00, 0x00, 0x00, 0x00, 0x00, 0x00, 0x00, 0x00, 0x00, 0x00,
      0x00, 0x00, 0x00, 0x00, 0x00, 0x00, 0x00, 0x00, 0x00, 0x00, 0x00, 0x00, 0x00, 0x00, 0x00, 0x00, 0x00, 0x00, 0x00, 0x00, 0x00, 0x00, 0x00, 0x00,
      0x00, 0x00, 0x00, 0x00, 0x00, 0x00, 0x00, 0x00, 0x00, 0x00, 0x00, 0x00, 0x00, 0x00, 0x00, 0x00, 0x00, 0x00, 0x00, 0x00, 0x00, 0x00, 0x00, 0x00,
      0x00, 0x00, 0x00, 0x00, 0x00, 0x00, 0x00, 0x00, 0x00, 0x00, 0x00, 0x00, 0x00, 0x00, 0x00, 0x00, 0x00, 0x00, 0x00, 0x00, 0x00, 0x00, 0x00, 0x00,
      0x00, 0x00, 0x00, 0x00, 0x00, 0x00, 0x00, 0x00, 0x00, 0x00, 0x00, 0x00, 0x00, 0x00, 0x00, 0x00, 0x00, 0x00, 0x00, 0x00, 0x00, 0x00, 0x00, 0x00,
      0x00, 0x00, 0x00, 0x00, 0x00, 0x00, 0x00, 0x00, 0x00, 0x00, 0x00, 0x00, 0x00, 0x00, 0x00, 0x00, 0x00, 0x00, 0x00, 0x00, 0x00, 0x00, 0x00, 0x00}},
    {{0x0000, 0x9597, 0x7C93, 0x6BCF, 0x634E, 0x5B0D, 0x52AB, 0x4A8B, 0x424A, 0x4229, 0x3A29, 0x3A09, 0x39E9, 0x31C8, 0x2987, 0x0000},
     {
      0x00, 0x00, 0x00, 0x00, 0x00, 0x00, 0x00, 0x00, 0x00, 0x00, 0x00, 0x00, 0x00, 0x00, 0x00, 0x00, 0x00, 0x00, 0x00, 0x00, 0x00, 0x00, 0x00, 0x00,
      0x00, 0x00, 0x00, 0x00, 0x00, 0x00, 0x00, 0x00, 0x00, 0x00, 0x00, 0x00, 0x00, 0x00, 0x00, 0x00, 0x00, 0x00, 0x00, 0x00, 0x00, 0x00, 0x00, 0x00,
      0x00, 0x00, 0x00, 0x00, 0x00, 0x00, 0x00, 0x00, 0x00, 0x00, 0x00, 0x00, 0x00, 0x00, 0x00, 0x00, 0x00, 0x00, 0x00, 0x00, 0x00, 0x00, 0x00, 0x00,
      0x00, 0x00, 0x00, 0x00, 0x00, 0x00, 0x00, 0x00, 0x00, 0x00, 0x00, 0x00, 0x00, 0x00, 0x00, 0x00, 0x00, 0x00, 0x00, 0x00, 0x00, 0x00, 0x00, 0x00,
      0x00, 0x00, 0x00, 0x00, 0x00, 0x00, 0x00, 0x00, 0x00, 0x00, 0x00, 0x00, 0x00, 0x00, 0x00, 0x00, 0x00, 0x00, 0x00, 0x00, 0x00, 0x00, 0x00, 0x00,
      0x00, 0x00, 0x00, 0x00, 0x00, 0x00, 0x00, 0x00, 0x00, 0x00, 0x00, 0x00, 0x00, 0x00, 0x00, 0x00, 0x00, 0x00, 0x00, 0x00, 0x00, 0x00, 0x00, 0x00,
      0x00, 0x00, 0x00, 0x00, 0x00, 0x00, 0x00, 0x00, 0x00, 0x00, 0x00, 0x00, 0x01, 0x22, 0x22, 0x20, 0x00, 0x00, 0x00, 0x00, 0x00, 0x00, 0x00, 0x00,
      0x00, 0x00, 0x00, 0x00, 0x00, 0x00, 0x00, 0x00, 0x00, 0x00, 0x03, 0x3B, 0xCC, 0xAA, 0xBA, 0xEE, 0x00, 0x00, 0x00, 0x00, 0x00, 0x00, 0x00, 0x00,
      0x00, 0x00, 0x00, 0x00, 0x00, 0x00, 0x00, 0x01, 0x33, 0x4A, 0xED, 0xC7, 0x78, 0x88, 0xAD, 0xDD, 0xDE, 0xE0, 0x00, 0x00, 0x00, 0x00, 0x00, 0x00,
      0x00, 0x00, 0x00, 0x00, 0x01, 0x12, 0x23, 0x45, 0x36, 0x77, 0x8A, 0xBC, 0x87, 0x7C, 0xCC, 0xCC, 0xCC, 0x9E, 0xD2, 0x00, 0x00, 0x00, 0x00, 0x00,
      0x00, 0x00, 0x00, 0x01, 0x26, 0x83, 0x34, 0x46, 0x87, 0x77, 0x65, 0x57, 0x8A, 0xDD, 0xDD, 0xCC, 0xCC, 0xAC, 0xDE, 0x73, 0x00, 0x00, 0x00, 0x00,
      0x00, 0x00, 0x00, 0x14, 0x57, 0xDA, 0x55, 0x66, 0x77, 0x76, 0x78, 0x77, 0x75, 0x7A, 0xBD, 0xCC, 0xCC, 0xB8, 0xDD, 0xD9, 0x81, 0x00, 0x00, 0x00,
      0x00, 0x00, 0x13, 0x66, 0x44, 0x48, 0xED, 0x77, 0x77, 0x77, 0x77, 0x76, 0x55, 0x57, 0x78, 0xAB, 0xCD, 0xCA, 0xBD, 0xAC, 0xDB, 0x30, 0x00, 0x00,
      0x00, 0x02, 0x65, 0x73, 0x33, 0x38, 0x8C, 0xD8, 0x67, 0x77, 0x77, 0x74, 0x55, 0x56, 0x77, 0x88, 0x88, 0xBA, 0xAC, 0xE9, 0x8A, 0xE4, 0x10, 0x00,
      0x02, 0x57, 0xBC, 0x84, 0x44, 0x6A, 0x45, 0x56, 0x89, 0x67, 0x76, 0x45, 0x55, 0x55, 0x78, 0x76, 0x7A, 0xA8, 0xCD, 0x79, 0xBB, 0xDA, 0x61, 0x00,
      0x2A, 0xBA, 0xAA, 0x84, 0x45, 0xD5, 0x88, 0x75, 0x6C, 0xE8, 0x74, 0x34, 0x55, 0x55, 0x6A, 0xCD, 0xDE, 0xA6, 0x77, 0x6A, 0xCB, 0xDB, 0x96, 0x20,
      0x1E, 0xA9, 0xAA, 0x84, 0x4E, 0x68, 0x88, 0x88, 0x75, 0x6D, 0xD9, 0x44, 0x4A, 0xDD, 0xCD, 0x76, 0x54, 0x56, 0x77, 0x85, 0x7A, 0xDC, 0xA9, 0x63,
      0x2E, 0x99, 0x98, 0xB4, 0xD7, 0x89, 0x88, 0x89, 0xAA, 0x86, 0x33, 0x33, 0x33, 0x33, 0x36, 0x66, 0x77, 0x88, 0x87, 0xB8, 0x56, 0x7C, 0xCB, 0xA4,
      0x04, 0xBC, 0xEE, 0xDC, 0xD8, 0xAA, 0xBC, 0xCD, 0xCB, 0x73, 0x32, 0x22, 0x22, 0x22, 0x45, 0x77, 0x78, 0x88, 0x88, 0xAA, 0x74, 0x6A, 0xA9, 0xEE,
      0x01, 0x5D, 0xCE, 0xE8, 0xCB, 0xBB, 0xBB, 0xBB, 0xB7, 0x33, 0x43, 0x32, 0x22, 0x24, 0x55, 0x77, 0x87, 0x88, 0x88, 0xA9, 0xA7, 0x5B, 0x99, 0xE0,
      0x00, 0x02, 0x8D, 0xB9, 0x6C, 0x8A, 0xCB, 0xBA, 0x73, 0x43, 0x43, 0x33, 0x22, 0x35, 0x55, 0x78, 0x9A, 0x88, 0x87, 0x89, 0x96, 0x68, 0xEE, 0xE0,
      0x00, 0x00, 0x05, 0x7E, 0xDE, 0xED, 0x88, 0x96, 0x23, 0x44, 0x43, 0x33, 0x43, 0x45, 0x54, 0x88, 0x99, 0x9A, 0x88, 0x87, 0x88, 0xBE, 0xEE, 0x00,
      0x00, 0x00, 0x00, 0x13, 0xEE, 0xDD, 0xED, 0xA3, 0x33, 0x34, 0x44, 0x45, 0x55, 0x54, 0x54, 0x88, 0x96, 0x66, 0x99, 0x6E, 0xEE, 0xDE, 0xE0, 0x00,
      0x00, 0x00, 0x00, 0x00, 0x13, 0xDD, 0x9E, 0xEE, 0xDD, 0xB8, 0x99, 0x97, 0x54, 0x44, 0x45, 0x67, 0x8A, 0xD9, 0x66, 0xCD, 0xDE, 0xEB, 0x00, 0x00,
      0x00, 0x00, 0x00, 0x00, 0x00, 0x15, 0xE8, 0xDC, 0xBB, 0xB9, 0x65, 0x56, 0x9D, 0xDD, 0xAD, 0xEE, 0xEE, 0xDD, 0xBD, 0xEE, 0xEE, 0xE0, 0x00, 0x00,
      0x00, 0x00, 0x00, 0x00, 0x00, 0x00, 0x24, 0xDC, 0xCC, 0xCA, 0x88, 0x9A, 0xAA, 0xBC, 0xBE, 0xEE, 0xDD, 0xEE, 0xD7, 0x43, 0x00, 0x00, 0x00, 0x00,
      0x00, 0x00, 0x00, 0x00, 0x00, 0x00, 0x00, 0x23, 0x35, 0x57, 0xCB, 0xCC, 0xCB, 0xBD, 0xBD, 0xEE, 0xC7, 0x51, 0x10, 0x00, 0x00, 0x00, 0x00, 0x00,
      0x00, 0x00, 0x00, 0x00, 0x00, 0x00, 0x00, 0x00, 0x00, 0x01, 0x11, 0x22, 0x24, 0x37, 0x76, 0x50, 0x00, 0x00, 0x00, 0x00, 0x00, 0x00, 0x00, 0x00,
      0x00, 0x00, 0x00, 0x00, 0x00, 0x00, 0x00, 0x00, 0x00, 0x00, 0x00, 0x00, 0x00, 0x00, 0x00, 0x00, 0x00, 0x00, 0x00, 0x00, 0x00, 0x00, 0x00, 0x00,
      0x00, 0x00, 0x00, 0x00, 0x00, 0x00, 0x00, 0x00, 0x00, 0x00, 0x00, 0x00, 0x00, 0x00, 0x00, 0x00, 0x00, 0x00, 0x00, 0x00, 0x00, 0x00, 0x00, 0x00,
      0x00, 0x00, 0x00, 0x00, 0x00, 0x00, 0x00, 0x00, 0x00, 0x00, 0x00, 0x00, 0x00, 0x00, 0x00, 0x00, 0x00, 0x00, 0x00, 0x00, 0x00, 0x00, 0x00, 0x00,
      0x00, 0x00, 0x00, 0x00, 0x00, 0x00, 0x00, 0x00, 0x00, 0x00, 0x00, 0x00, 0x00, 0x00, 0x00, 0x00, 0x00, 0x00, 0x00, 0x00, 0x00, 0x00, 0x00, 0x00,
      0x00, 0x00, 0x00, 0x00, 0x00, 0x00, 0x00, 0x00, 0x00, 0x00, 0x00, 0x00, 0x00, 0x00, 0x00, 0x00, 0x00, 0x00, 0x00, 0x00, 0x00, 0x00, 0x00, 0x00,
      0x00, 0x00, 0x00, 0x00, 0x00, 0x00, 0x00, 0x00, 0x00, 0x00, 0x00, 0x00, 0x00, 0x00, 0x00, 0x00, 0x00, 0x00, 0x00, 0x00, 0x00, 0x00, 0x00, 0x00}},
    {{0x0000, 0x9597, 0x7C93, 0x6BCF, 0x634E, 0x5B0D, 0x52AB, 0x4A8B, 0x424A, 0x4229, 0x3A29, 0x3A09, 0x39E9, 0x31C8, 0x2987, 0x0000},
     {
      0x00, 0x00, 0x00, 0x00, 0x00, 0x00, 0x00, 0x00, 0x00, 0x00, 0x00, 0x00, 0x00, 0x00, 0x00, 0x00, 0x00, 0x00, 0x00, 0x00, 0x00, 0x00, 0x00, 0x00,
      0x00, 0x00, 0x00, 0x00, 0x00, 0x00, 0x00, 0x00, 0x00, 0x00, 0x00, 0x00, 0x00, 0x00, 0x00, 0x00, 0x00, 0x00, 0x00, 0x00, 0x00, 0x00, 0x00, 0x00,
      0x00, 0x00, 0x00, 0x00, 0x00, 0x00, 0x00, 0x00, 0x00, 0x00, 0x00, 0x00, 0x00, 0x00, 0x00, 0x00, 0x00, 0x00, 0x00, 0x00, 0x00, 0x00, 0x00, 0x00,
      0x00, 0x00, 0x00, 0x00, 0x00, 0x00, 0x00, 0x00, 0x00, 0x00, 0x00, 0x00, 0x00, 0x00, 0x00, 0x00, 0x00, 0x00, 0x00, 0x00, 0x00, 0x00, 0x00, 0x00,
      0x00, 0x00, 0x00, 0x00, 0x00, 0x00, 0x00, 0x00, 0x00, 0x00, 0x00, 0x00, 0x00, 0x00, 0x00, 0x00, 0x00, 0x00, 0x00, 0x00, 0x00, 0x00, 0x00, 0x00,
      0x00, 0x00, 0x00, 0x00, 0x00, 0x00, 0x00, 0x00, 0x00, 0x00, 0x00, 0x00, 0x00, 0x00, 0x00, 0x00, 0x00, 0x00, 0x00, 0x00, 0x00, 0x00, 0x00, 0x00,
      0x00, 0x00, 0x00, 0x00, 0x00, 0x00, 0x00, 0x00, 0x00, 0x00, 0x00, 0x00, 0x01, 0x22, 0x22, 0x20, 0x00, 0x00, 0x00, 0x00, 0x00, 0x00, 0x00, 0x00,
      0x00, 0x00, 0x00, 0x00, 0x00, 0x00, 0x00, 0x00, 0x00, 0x00, 0x03, 0x3B, 0xCC, 0xAA, 0xBA, 0xEE, 0x00, 0x00, 0x00, 0x00, 0x00, 0x00, 0x00, 0x00,
      0x00, 0x00, 0x00, 0x00, 0x00, 0x00, 0x00, 0x01, 0x33, 0x4A, 0xED, 0xC7, 0x78, 0x88, 0xAD, 0xDD, 0xDE, 0xE0, 0x00, 0x00, 0x00, 0x00, 0x00, 0x00,
      0x00, 0x00, 0x00, 0x00, 0x01, 0x12, 0x23, 0x45, 0x36, 0x77, 0x8A, 0xBC, 0x87, 0x7C, 0xCC, 0xCC, 0xCC, 0x9E, 0xD2, 0x00, 0x00, 0x00, 0x00, 0x00,
      0x00, 0x00, 0x00, 0x01, 0x26, 0x83, 0x34, 0x46, 0x87, 0x77, 0x65, 0x57, 0x8A, 0xDD, 0xDD, 0xCC, 0xCC, 0xAC, 0xDE, 0x73, 0x00, 0x00, 0x00, 0x00,
      0x00, 0x00, 0x00, 0x14, 0x57, 0xDA, 0x55, 0x66, 0x77, 0x76, 0x78, 0x77, 0x75, 0x7A, 0xBD, 0xCC, 0xCC, 0xB8, 0xDD, 0xD9, 0x81, 0x00, 0x00, 0x00,
      0x00, 0x00, 0x13, 0x66, 0x44, 0x48, 0xED, 0x77, 0x77, 0x77, 0x77, 0x76, 0x55, 0x57, 0x78, 0xAB, 0xCD, 0xCA, 0xBD, 0xAC, 0xDB, 0x30, 0x00, 0x00,
      0x00, 0x02, 0x65, 0x73, 0x33, 0x38, 0x8C, 0xD8, 0x67, 0x77, 0x77, 0x74, 0x55, 0x56, 0x77, 0x88, 0x88, 0xBA, 0xAC, 0xE9, 0x8A, 0xE4, 0x10, 0x00,
      0x02, 0x57, 0xBC, 0x84, 0x44, 0x6A, 0x45, 0x56, 0x89, 0x67, 0x76, 0x45, 0x55, 0x55, 0x78, 0x76, 0x7A, 0xA8, 0xCD, 0x79, 0xBB, 0xDA, 0x61, 0x00,
      0x2A, 0xBA, 0xAA, 0x84, 0x45, 0xD5, 0x88, 0x75, 0x6C, 0xE8, 0x74, 0x34, 0x55, 0x55, 0x6A, 0xCD, 0xDE, 0xA6, 0x77, 0x6A, 0xCB, 0xDB, 0x96, 0x20,
      0x1E, 0xA9, 0xAA, 0x84, 0x4E, 0x68, 0x88, 0x88, 0x75, 0x6D, 0xD9, 0x44, 0x4A, 0xDD, 0xCD, 0x76, 0x54, 0x56, 0x77, 0x85, 0x7A, 0xDC, 0xA9, 0x63,
      0x2E, 0x99, 0x98, 0xB4, 0xD7, 0x89, 0x88, 0x89, 0xAA, 0x86, 0x33, 0x33, 0x33, 0x33, 0x36, 0x66, 0x77, 0x88, 0x87, 0xB8, 0x56, 0x7C, 0xCB, 0xA4,
      0x04, 0xBC, 0xEE, 0xDC, 0xD8, 0xAA, 0xBC, 0xCD, 0xCB, 0x73, 0x32, 0x22, 0x22, 0x22, 0x45, 0x77, 0x78, 0x88, 0x88, 0xAA, 0x74, 0x6A, 0xA9, 0xEE,
      0x01, 0x5D, 0xCE, 0xE8, 0xCB, 0xBB, 0xBB, 0xBB, 0xB7, 0x33, 0x43, 0x32, 0x22, 0x24, 0x55, 0x77, 0x87, 0x88, 0x88, 0xA9, 0xA7, 0x5B, 0x99, 0xE0,
      0x00, 0x02, 0x8D, 0xB9, 0x6C, 0x8A, 0xCB, 0xBA, 0x73, 0x43, 0x43, 0x33, 0x22, 0x35, 0x55, 0x78, 0x9A, 0x88, 0x87, 0x89, 0x96, 0x68, 0xEE, 0xE0,
      0x00, 0x00, 0x05, 0x7E, 0xDE, 0xED, 0x88, 0x96, 0x23, 0x44, 0x43, 0x33, 0x43, 0x45, 0x54, 0x88, 0x99, 0x9A, 0x88, 0x87, 0x88, 0xBE, 0xEE, 0x00,
      0x00, 0x00, 0x00, 0x13, 0xEE, 0xDD, 0xED, 0xA3, 0x33, 0x34, 0x44, 0x45, 0x55, 0x54, 0x54, 0x88, 0x96, 0x66, 0x99, 0x6E, 0xEE, 0xDE, 0xE0, 0x00,
      0x00, 0x00, 0x00, 0x00, 0x13, 0xDD, 0x9E, 0xEE, 0xDD, 0xB8, 0x99, 0x97, 0x54, 0x44, 0x45, 0x67, 0x8A, 0xD9, 0x66, 0xCD, 0xDE, 0xEB, 0x00, 0x00,
      0x00, 0x00, 0x00, 0x00, 0x00, 0x15, 0xE8, 0xDC, 0xBB, 0xB9, 0x65, 0x56, 0x9D, 0xDD, 0xAD, 0xEE, 0xEE, 0xDD, 0xBD, 0xEE, 0xEE, 0xE0, 0x00, 0x00,
      0x00, 0x00, 0x00, 0x00, 0x00, 0x00, 0x24, 0xDC, 0xCC, 0xCA, 0x88, 0x9A, 0xAA, 0xBC, 0xBE, 0xEE, 0xDD, 0xEE, 0xD7, 0x43, 0x00, 0x00, 0x00, 0x00,
      0x00, 0x00, 0x00, 0x00, 0x00, 0x00, 0x00, 0x23, 0x35, 0x57, 0xCB, 0xCC, 0xCB, 0xBD, 0xBD, 0xEE, 0xC7, 0x51, 0x10, 0x00, 0x00, 0x00, 0x00, 0x00,
      0x00, 0x00, 0x00, 0x00, 0x00, 0x00, 0x00, 0x00, 0x00, 0x01, 0x11, 0x22, 0x24, 0x37, 0x76, 0x50, 0x00, 0x00, 0x00, 0x00, 0x00, 0x00, 0x00, 0x00,
      0x00, 0x00, 0x00, 0x00, 0x00, 0x00, 0x00, 0x00, 0x00, 0x00, 0x00, 0x00, 0x00, 0x00, 0x00, 0x00, 0x00, 0x00, 0x00, 0x00, 0x00, 0x00, 0x00, 0x00,
      0x00, 0x00, 0x00, 0x00, 0x00, 0x00, 0x00, 0x00, 0x00, 0x00, 0x00, 0x00, 0x00, 0x00, 0x00, 0x00, 0x00, 0x00, 0x00, 0x00, 0x00, 0x00, 0x00, 0x00,
      0x00, 0x00, 0x00, 0x00, 0x00, 0x00, 0x00, 0x00, 0x00, 0x00, 0x00, 0x00, 0x00, 0x00, 0x00, 0x00, 0x00, 0x00, 0x00, 0x00, 0x00, 0x00, 0x00, 0x00,
      0x00, 0x00, 0x00, 0x00, 0x00, 0x00, 0x00, 0x00, 0x00, 0x00, 0x00, 0x00, 0x00, 0x00, 0x00, 0x00, 0x00, 0x00, 0x00, 0x00, 0x00, 0x00, 0x00, 0x00,
      0x00, 0x00, 0x00, 0x00, 0x00, 0x00, 0x00, 0x00, 0x00, 0x00, 0x00, 0x00, 0x00, 0x00, 0x00, 0x00, 0x00, 0x00, 0x00, 0x00, 0x00, 0x00, 0x00, 0x00,
      0x00, 0x00, 0x00, 0x00, 0x00, 0x00, 0x00, 0x00, 0x00, 0x00, 0x00, 0x00, 0x00, 0x00, 0x00, 0x00, 0x00, 0x00, 0x00, 0x00, 0x00, 0x00, 0x00, 0x00}},
    {{0x0000, 0x9597, 0x7C93, 0x6BCF, 0x634E, 0x5B0D, 0x52AB, 0x4A8B, 0x424A, 0x4229, 0x3A29, 0x3A09, 0x39E9, 0x31C8, 0x2987, 0x0000},
     {
      0x00, 0x00, 0x00, 0x00, 0x00, 0x00, 0x00, 0x00, 0x00, 0x00, 0x00, 0x00, 0x00, 0x00, 0x00, 0x00, 0x00, 0x00, 0x00, 0x00, 0x00, 0x00, 0x00, 0x00,
      0x00, 0x00, 0x00, 0x00, 0x00, 0x00, 0x00, 0x00, 0x00, 0x00, 0x00, 0x00, 0x00, 0x00, 0x00, 0x00, 0x00, 0x00, 0x00, 0x00, 0x00, 0x00, 0x00, 0x00,
      0x00, 0x00, 0x00, 0x00, 0x00, 0x00, 0x00, 0x00, 0x00, 0x00, 0x00, 0x00, 0x00, 0x00, 0x00, 0x00, 0x00, 0x00, 0x00, 0x00, 0x00, 0x00, 0x00, 0x00,
      0x00, 0x00, 0x00, 0x00, 0x00, 0x00, 0x00, 0x00, 0x00, 0x00, 0x00, 0x00, 0x00, 0x00, 0x00, 0x00, 0x00, 0x00, 0x00, 0x00, 0x00, 0x00, 0x00, 0x00,
      0x00, 0x00, 0x00, 0x00, 0x00, 0x00, 0x00, 0x00, 0x00, 0x00, 0x00, 0x00, 0x00, 0x00, 0x00, 0x00, 0x00, 0x00, 0x00, 0x00, 0x00, 0x00, 0x00, 0x00,
      0x00, 0x00, 0x00, 0x00, 0x00, 0x00, 0x00, 0x00, 0x00, 0x00, 0x00, 0x00, 0x00, 0x00, 0x00, 0x00, 0x00, 0x00, 0x00, 0x00, 0x00, 0x00, 0x00, 0x00,
      0x00, 0x00, 0x00, 0x00, 0x00, 0x00, 0x00, 0x00, 0x00, 0x00, 0x00, 0x00, 0x01, 0x22, 0x22, 0x20, 0x00, 0x00, 0x00, 0x00, 0x00, 0x00, 0x00, 0x00,
      0x00, 0x00, 0x00, 0x00, 0x00, 0x00, 0x00, 0x00, 0x00, 0x00, 0x03, 0x3B, 0xCC, 0xAA, 0xBA, 0xEE, 0x00, 0x00, 0x00, 0x00, 0x00, 0x00, 0x00, 0x00,
      0x00, 0x00, 0x00, 0x00, 0x00, 0x00, 0x00, 0x01, 0x33, 0x4A, 0xED, 0xC7, 0x78, 0x88, 0xAD, 0xDD, 0xDE, 0xE0, 0x00, 0x00, 0x00, 0x00, 0x00, 0x00,
      0x00, 0x00, 0x00, 0x00, 0x01, 0x12, 0x23, 0x45, 0x36, 0x77, 0x8A, 0xBC, 0x87, 0x7C, 0xCC, 0xCC, 0xCC, 0x9E, 0xD2, 0x00, 0x00, 0x00, 0x00, 0x00,
      0x00, 0x00, 0x00, 0x01, 0x26, 0x83, 0x34, 0x46, 0x87, 0x77, 0x65, 0x57, 0x8A, 0xDD, 0xDD, 0xCC, 0xCC, 0xAC, 0xDE, 0x73, 0x00, 0x00, 0x00, 0x00,
      0x00, 0x00, 0x00, 0x14, 0x57, 0xDA, 0x55, 0x66, 0x77, 0x76, 0x78, 0x77, 0x75, 0x7A, 0xBD, 0xCC, 0xCC, 0xB8, 0xDD, 0xD9, 0x81, 0x00, 0x00, 0x00,
      0x00, 0x00, 0x13, 0x66, 0x44, 0x48, 0xED, 0x77, 0x77, 0x77, 0x77, 0x76, 0x55, 0x57, 0x78, 0xAB, 0xCD, 0xCA, 0xBD, 0xAC, 0xDB, 0x30, 0x00, 0x00,
      0x00, 0x02, 0x65, 0x73, 0x33, 0x38, 0x8C, 0xD8, 0x67, 0x77, 0x77, 0x74, 0x55, 0x56, 0x77, 0x88, 0x88, 0xBA, 0xAC, 0xE9, 0x8A, 0xE4, 0x10, 0x00,
      0x02, 0x57, 0xBC, 0x84, 0x44, 0x6A, 0x45, 0x56, 0x89, 0x67, 0x76, 0x45, 0x55, 0x55, 0x78, 0x76, 0x7A, 0xA8, 0xCD, 0x79, 0xBB, 0xDA, 0x61, 0x00,
      0x2A, 0xBA, 0xAA, 0x84, 0x45, 0xD5, 0x88, 0x75, 0x6C, 0xE8, 0x74, 0x34, 0x55, 0x55, 0x6A, 0xCD, 0xDE, 0xA6, 0x77, 0x6A, 0xCB, 0xDB, 0x96, 0x20,
      0x1E, 0xA9, 0xAA, 0x84, 0x4E, 0x68, 0x88, 0x88, 0x75, 0x6D, 0xD9, 0x44, 0x4A, 0xDD, 0xCD, 0x76, 0x54, 0x56, 0x77, 0x85, 0x7A, 0xDC, 0xA9, 0x63,
      0x2E, 0x99, 0x98, 0xB4, 0xD7, 0x89, 0x88, 0x89, 0xAA, 0x86, 0x33, 0x33, 0x33, 0x33, 0x36, 0x66, 0x77, 0x88, 0x87, 0xB8, 0x56, 0x7C, 0xCB, 0xA4,
      0x04, 0xBC, 0xEE, 0xDC, 0xD8, 0xAA, 0xBC, 0xCD, 0xCB, 0x73, 0x32, 0x22, 0x22, 0x22, 0x45, 0x77, 0x78, 0x88, 0x88, 0xAA, 0x74, 0x6A, 0xA9, 0xEE,
      0x01, 0x5D, 0xCE, 0xE8, 0xCB, 0xBB, 0xBB, 0xBB, 0xB7, 0x33, 0x43, 0x32, 0x22, 0x24, 0x55, 0x77, 0x87, 0x88, 0x88, 0xA9, 0xA7, 0x5B, 0x99, 0xE0,
      0x00, 0x02, 0x8D, 0xB9, 0x6C, 0x8A, 0xCB, 0xBA, 0x73, 0x43, 0x43, 0x33, 0x22, 0x35, 0x55, 0x78, 0x9A, 0x88, 0x87, 0x89, 0x96, 0x68, 0xEE, 0xE0,
      0x00, 0x00, 0x05, 0x7E, 0xDE, 0xED, 0x88, 0x96, 0x23, 0x44, 0x43, 0x33, 0x43, 0x45, 0x54, 0x88, 0x99, 0x9A, 0x88, 0x87, 0x88, 0xBE, 0xEE, 0x00,
      0x00, 0x00, 0x00, 0x13, 0xEE, 0xDD, 0xED, 0xA3, 0x33, 0x34, 0x44, 0x45, 0x55, 0x54, 0x54, 0x88, 0x96, 0x66, 0x99, 0x6E, 0xEE, 0xDE, 0xE0, 0x00,
      0x00, 0x00, 0x00, 0x00, 0x13, 0xDD, 0x9E, 0xEE, 0xDD, 0xB8, 0x99, 0x97, 0x54, 0x44, 0x45, 0x67, 0x8A, 0xD9, 0x66, 0xCD, 0xDE, 0xEB, 0x00, 0x00,
      0x00, 0x00, 0x00, 0x00, 0x00, 0x15, 0xE8, 0xDC, 0xBB, 0xB9, 0x65, 0x56, 0x9D, 0xDD, 0xAD, 0xEE, 0xEE, 0xDD, 0xBD, 0xEE, 0xEE, 0xE0, 0x00, 0x00,
      0x00, 0x00, 0x00, 0x00, 0x00, 0x00, 0x24, 0xDC, 0xCC, 0xCA, 0x88, 0x9A, 0xAA, 0xBC, 0xBE, 0xEE, 0xDD, 0xEE, 0xD7, 0x43, 0x00, 0x00, 0x00, 0x00,
      0x00, 0x00, 0x00, 0x00, 0x00, 0x00, 0x00, 0x23, 0x35, 0x57, 0xCB, 0xCC, 0xCB, 0xBD, 0xBD, 0xEE, 0xC7, 0x51, 0x10, 0x00, 0x00, 0x00, 0x00, 0x00,
      0x00, 0x00, 0x00, 0x00, 0x00, 0x00, 0x00, 0x00, 0x00, 0x01, 0x11, 0x22, 0x24, 0x37, 0x76, 0x50, 0x00, 0x00, 0x00, 0x00, 0x00, 0x00, 0x00, 0x00,
      0x00, 0x00, 0x00, 0x00, 0x00, 0x00, 0x00, 0x00, 0x00, 0x00, 0x00, 0x00, 0x00, 0x00, 0x00, 0x00, 0x00, 0x00, 0x00, 0x00, 0x00, 0x00, 0x00, 0x00,
      0x00, 0x00, 0x00, 0x00, 0x00, 0x00, 0x00, 0x00, 0x00, 0x00, 0x00, 0x00, 0x00, 0x00, 0x00, 0x00, 0x00, 0x00, 0x00, 0x00, 0x00, 0x00, 0x00, 0x00,
      0x00, 0x00, 0x00, 0x00, 0x00, 0x00, 0x00, 0x00, 0x00, 0x00, 0x00, 0x00, 0x00, 0x00, 0x00, 0x00, 0x00, 0x00, 0x00, 0x00, 0x00, 0x00, 0x00, 0x00,
      0x00, 0x00, 0x00, 0x00, 0x00, 0x00, 0x00, 0x00, 0x00, 0x00, 0x00, 0x00, 0x00, 0x00, 0x00, 0x00, 0x00, 0x00, 0x00, 0x00, 0x00, 0x00, 0x00, 0x00,
      0x00, 0x00, 0x00, 0x00, 0x00, 0x00, 0x00, 0x00, 0x00, 0x00, 0x00, 0x00, 0x00, 0x00, 0x00, 0x00, 0x00, 0x00, 0x00, 0x00, 0x00, 0x00, 0x00, 0x00,
      0x00, 0x00, 0x00, 0x00, 0x00, 0x00, 0x00, 0x00, 0x00, 0x00, 0x00, 0x00, 0x00, 0x00, 0x00, 0x00, 0x00, 0x00, 0x00, 0x00, 0x00, 0x00, 0x00, 0x00}},
  },
  {  // cloak
    {{0x0000, 0xD6FA, 0xB616, 0xAD95, 0xA533, 0x9CF2, 0x8CB2, 0x8450, 0x73CE, 0x734C, 0x632C, 0x4A8A, 0x3A08, 0x2145, 0x0000, 0x0000},
     {
      0x00, 0x00, 0x00, 0x00, 0x00, 0x00, 0x00, 0x00, 0x00, 0x00, 0x00, 0x00, 0x00, 0x0D, 0xDD, 0x00, 0x00, 0x00, 0x00, 0x00, 0x00, 0x00, 0x00, 0x00,
      0x00, 0x00, 0x00, 0x00, 0x00, 0x00, 0x00, 0x00, 0x00, 0x00, 0x00, 0x00, 0xBB, 0x95, 0x44, 0xBD, 0x00, 0x00, 0x00, 0x00, 0x00, 0x00, 0x00, 0x00,
      0x00, 0x00, 0x00, 0x00, 0x00, 0x00, 0x00, 0x00, 0x00, 0x00, 0x00, 0x00, 0xA2, 0x25, 0x78, 0x33, 0xAD, 0x00, 0x00, 0x00, 0x00, 0x00, 0x00, 0x00,
      0x00, 0x00, 0x00, 0x00, 0x00, 0x00, 0x00, 0x00, 0x00, 0x00, 0x00, 0xDD, 0xCC, 0xA4, 0x24, 0x55, 0x34, 0xAD, 0x00, 0x00, 0x00, 0x00, 0x00, 0x00,
      0x00, 0x00, 0x00, 0x00, 0x00, 0x00, 0x00, 0x00, 0x01, 0x14, 0x5C, 0x7C, 0xAA, 0x8C, 0xA4, 0x23, 0x55, 0x33, 0xBC, 0x00, 0x00, 0x00, 0x00, 0x00,
      0x00, 0x00, 0x00, 0x00, 0x00, 0x00, 0x00, 0x10, 0x78, 0x1A, 0xDB, 0xBC, 0xDD, 0xCA, 0xAC, 0x82, 0x23, 0x73, 0x26, 0xD0, 0x00, 0x00, 0x00, 0x00,
      0x00, 0x00, 0x00, 0x00, 0x00, 0x00, 0x00, 0x00, 0x00, 0x00, 0x00, 0xBD, 0xD0, 0x0C, 0xB8, 0xAB, 0x82, 0x35, 0x74, 0x3A, 0xD0, 0x00, 0x00, 0x00,
      0x00, 0x00, 0x00, 0x00, 0x00, 0x00, 0x00, 0x00, 0x00, 0x00, 0x00, 0xCD, 0xC0, 0x00, 0xCD, 0xB8, 0xAC, 0x82, 0x35, 0x74, 0x29, 0x00, 0x00, 0x00,
      0x00, 0x00, 0x0B, 0xBB, 0x70, 0x00, 0x00, 0x00, 0x00, 0x00, 0x00, 0xCD, 0x00, 0x00, 0x00, 0xBD, 0xBA, 0xCB, 0x21, 0x11, 0x11, 0xD0, 0x00, 0x00,
      0x00, 0x00, 0xC3, 0x34, 0x8D, 0x00, 0x00, 0x00, 0x00, 0x00, 0x00, 0x00, 0x00, 0x84, 0x20, 0x00, 0xCC, 0xAA, 0xA1, 0x12, 0x23, 0xD0, 0x00, 0x00,
      0x00, 0x00, 0xD4, 0x74, 0x26, 0xBC, 0x00, 0x00, 0x00, 0x00, 0x00, 0x0A, 0x85, 0x57, 0x80, 0x0C, 0xDB, 0x87, 0xB4, 0x44, 0x44, 0xD0, 0x00, 0x00,
      0x00, 0x00, 0xD7, 0xD8, 0x63, 0x25, 0xB0, 0x00, 0x00, 0x00, 0x00, 0xBA, 0x99, 0x7B, 0xCD, 0xAA, 0x47, 0xAA, 0xC5, 0x44, 0x77, 0xD0, 0x00, 0x00,
      0x00, 0x00, 0xD6, 0x68, 0xB7, 0x53, 0x27, 0xC0, 0x00, 0x00, 0x00, 0xB9, 0x9D, 0xDA, 0xA6, 0x8A, 0xAC, 0xDB, 0xC6, 0x67, 0x86, 0xD0, 0x00, 0x00,
      0x00, 0x00, 0xD6, 0x83, 0x7B, 0xB7, 0x54, 0x29, 0xCA, 0x00, 0x00, 0xCD, 0xB7, 0x68, 0x8B, 0xBD, 0xDA, 0xCB, 0xC6, 0x7A, 0x64, 0xD0, 0x00, 0x00,
      0x00, 0x00, 0xD6, 0xB2, 0x72, 0x4B, 0xA7, 0x52, 0x28, 0xC0, 0xCC, 0x87, 0x78, 0xBC, 0xBB, 0xB8, 0x58, 0xCB, 0xC6, 0x56, 0x64, 0xD0, 0x00, 0x00,
      0x00, 0x00, 0xD6, 0x71, 0x74, 0x12, 0x4A, 0xB8, 0x42, 0x1B, 0x47, 0xAB, 0xDD, 0x95, 0x58, 0x8A, 0x68, 0xCB, 0xC7, 0x44, 0x43, 0xD0, 0x00, 0x00,
      0x00, 0x00, 0xD7, 0xA1, 0x26, 0x42, 0x32, 0x3A, 0xA5, 0x3B, 0xAC, 0xDD, 0x99, 0x75, 0x79, 0x8A, 0x68, 0xCB, 0xC6, 0x44, 0x33, 0xC0, 0x00, 0x00,
      0x00, 0x00, 0xD7, 0xC7, 0x23, 0x51, 0x11, 0x21, 0x76, 0x4B, 0x74, 0x59, 0x99, 0x99, 0x99, 0x9A, 0x68, 0xCB, 0xB6, 0x44, 0x6A, 0x00, 0x00, 0x00,
      0x00, 0x00, 0xD7, 0xC7, 0x22, 0x21, 0x23, 0x11, 0x86, 0x4B, 0x44, 0x79, 0x99, 0x99, 0x99, 0xAA, 0x57, 0xBB, 0xB6, 0x67, 0xAD, 0x00, 0x00, 0x00,
      0x00, 0x00, 0xD7, 0xC7, 0x43, 0x11, 0x22, 0x24, 0xB6, 0x4B, 0x89, 0x7A, 0xA9, 0x99, 0x9A, 0xA7, 0x4A, 0xCB, 0xB5, 0x78, 0xAD, 0x00, 0x00, 0x00,
      0x00, 0x00, 0xC7, 0xC6, 0x43, 0x11, 0x23, 0x86, 0xB6, 0x4B, 0x97, 0x00, 0xA8, 0x89, 0xAA, 0x74, 0xDC, 0x8B, 0xA6, 0x7A, 0xA0, 0x00, 0x00, 0x00,
      0x00, 0x00, 0xC6, 0xB6, 0x42, 0x22, 0x32, 0x76, 0xB6, 0x4B, 0x00, 0x00, 0xAA, 0xA7, 0x87, 0x67, 0xDA, 0xBC, 0x66, 0x66, 0xA0, 0x00, 0x00, 0x00,
      0x00, 0x00, 0xC6, 0xB6, 0x74, 0x57, 0x58, 0x67, 0xB7, 0x4B, 0x00, 0x00, 0x12, 0x8A, 0x86, 0x8D, 0xCB, 0x87, 0xA8, 0xBB, 0xA0, 0x00, 0x00, 0x00,
      0x00, 0x00, 0xC5, 0x46, 0x33, 0x25, 0x42, 0x34, 0xA6, 0x4B, 0x00, 0x01, 0x22, 0x11, 0x14, 0xCB, 0xCA, 0x7C, 0xAC, 0x8B, 0xA0, 0x00, 0x00, 0x00,
      0x00, 0x00, 0xC5, 0x74, 0x82, 0x31, 0x82, 0x22, 0xA6, 0x4B, 0x00, 0x00, 0x22, 0x34, 0x5B, 0xBC, 0xBA, 0x6C, 0x8C, 0x8B, 0xA0, 0x00, 0x00, 0x00,
      0x00, 0x00, 0xC6, 0xBC, 0xBB, 0x32, 0x21, 0x22, 0xA6, 0x4B, 0x00, 0x00, 0x32, 0x22, 0x8B, 0xD7, 0x7A, 0x6C, 0x8C, 0x8B, 0xA0, 0x00, 0x00, 0x00,
      0x00, 0x00, 0xB7, 0x83, 0x67, 0xC8, 0x32, 0x12, 0xA5, 0x3B, 0x00, 0x00, 0x31, 0x18, 0x7B, 0xD7, 0x78, 0x5B, 0x8C, 0x8B, 0x80, 0x00, 0x00, 0x00,
      0x00, 0x00, 0x0D, 0xBA, 0x76, 0x6A, 0xB7, 0x33, 0x85, 0x3B, 0x00, 0x00, 0x04, 0xBC, 0x6B, 0xDD, 0xBA, 0x7B, 0x8A, 0xAB, 0xD0, 0x00, 0x00, 0x00,
      0x00, 0x00, 0x00, 0x0C, 0xC8, 0x75, 0x48, 0x84, 0xD5, 0x3B, 0x00, 0x00, 0x8D, 0x00, 0xC0, 0x00, 0x0C, 0x97, 0xCC, 0xD0, 0x00, 0x00, 0x00, 0x00,
      0x00, 0x00, 0x00, 0x00, 0x0C, 0xDA, 0x53, 0x87, 0x85, 0x4B, 0x00, 0x00, 0x00, 0x00, 0x00, 0x00, 0x00, 0x0D, 0xD0, 0x00, 0x00, 0x00, 0x00, 0x00,
      0x00, 0x00, 0x00, 0x00, 0x00, 0x0D, 0xB7, 0x58, 0xC5, 0x4B, 0xC0, 0x00, 0x00, 0x00, 0x00, 0x00, 0x00, 0x00, 0x00, 0x00, 0x00, 0x00, 0x00, 0x00,
      0x00, 0x00, 0x00, 0x00, 0x00, 0x00, 0x0C, 0xB6, 0xB6, 0x4B, 0xAB, 0xC0, 0x00, 0x00, 0x00, 0x00, 0x00, 0x00, 0x00, 0x00, 0x00, 0x00, 0x00, 0x00,
      0x00, 0x00, 0x00, 0x00, 0x00, 0x00, 0x00, 0x0D, 0x86, 0x5B, 0xC0, 0x00, 0x00, 0x00, 0x00, 0x00, 0x00, 0x00, 0x00, 0x00, 0x00, 0x00, 0x00, 0x00,
      0x00, 0x00, 0x00, 0x00, 0x00, 0x00, 0x00, 0x00, 0xDD, 0xDC, 0x00, 0x00, 0x00, 0x00, 0x00, 0x00, 0x00, 0x00, 0x00, 0x00, 0x00, 0x00, 0x00, 0x00}},
    {{0x0000, 0xCE57, 0xADD6, 0xA533, 0x942E, 0x63AF, 0x6B2C, 0x82A8, 0x52CB, 0x428B, 0x4229, 0x41E8, 0x31C8, 0x2987, 0x2125, 0x0000},
     {
      0x00, 0x00, 0x00, 0x00, 0x00, 0x00, 0x00, 0x00, 0x00, 0x00, 0x00, 0x00, 0x00, 0x00, 0x0D, 0x66, 0xE0, 0x00, 0x00, 0x00, 0x00, 0x00, 0x00, 0x00,
      0x00, 0x00, 0x00, 0x00, 0x00, 0x00, 0x00, 0x00, 0x00, 0x00, 0x00, 0x00, 0x00, 0x0B, 0x41, 0x11, 0x16, 0xA0, 0x00, 0x00, 0x00, 0x00, 0x00, 0x00,
      0x00, 0x00, 0x00, 0x00, 0x00, 0x00, 0x00, 0x00, 0x00, 0x00, 0x00, 0x00, 0x00, 0x64, 0x33, 0x14, 0x55, 0x36, 0xB0, 0x00, 0x00, 0x00, 0x00, 0x00,
      0x00, 0x00, 0x00, 0x00, 0x00, 0x00, 0x00, 0x00, 0x00, 0x00, 0x00, 0x00, 0x8A, 0x69, 0x96, 0x43, 0x25, 0x55, 0x56, 0x00, 0x00, 0x00, 0x00, 0x00,
      0x00, 0x00, 0x00, 0x00, 0x00, 0x00, 0x00, 0x00, 0x00, 0x00, 0x0B, 0x63, 0x11, 0x29, 0x9E, 0xA8, 0x43, 0x35, 0x55, 0x46, 0x00, 0x00, 0x00, 0x00,
      0x00, 0x00, 0x00, 0x00, 0x00, 0x00, 0x00, 0x00, 0x00, 0xEC, 0xA5, 0x11, 0x36, 0xB6, 0x8D, 0xDC, 0xB6, 0x43, 0x25, 0x53, 0x3A, 0x00, 0x00, 0x00,
      0x00, 0x00, 0x00, 0x00, 0x00, 0x00, 0x00, 0x0C, 0x99, 0x85, 0x35, 0x66, 0x86, 0x8A, 0xAC, 0xBC, 0xCC, 0xA6, 0x42, 0x21, 0x11, 0x30, 0x00, 0x00,
      0x00, 0x00, 0x00, 0x00, 0xF0, 0x00, 0xB5, 0x33, 0x32, 0x58, 0xA6, 0x58, 0xDA, 0xBE, 0xDB, 0x7B, 0xBA, 0xC9, 0xA6, 0x41, 0x11, 0x16, 0x00, 0x00,
      0x00, 0x00, 0x0D, 0x84, 0x23, 0x66, 0x21, 0x23, 0x6A, 0x85, 0x9A, 0xCA, 0xAD, 0xB7, 0x77, 0x74, 0x47, 0x89, 0xAA, 0xA4, 0x11, 0x11, 0xE0, 0x00,
      0x00, 0x00, 0x84, 0x21, 0x12, 0x53, 0x66, 0xB6, 0x55, 0xAD, 0x99, 0xC9, 0xEB, 0xBB, 0xB7, 0x34, 0x34, 0x79, 0x5A, 0xD4, 0x21, 0x11, 0x80, 0x00,
      0x00, 0x0C, 0x4A, 0x64, 0x33, 0x55, 0x54, 0x5C, 0xDE, 0xDB, 0xBD, 0xC9, 0xEA, 0x9A, 0x98, 0x74, 0x44, 0x4B, 0x58, 0xC6, 0x31, 0x13, 0x60, 0x00,
      0x00, 0x0B, 0x8A, 0xAB, 0x63, 0x33, 0x55, 0x53, 0x6E, 0x77, 0x77, 0x7B, 0xDA, 0xDC, 0xA9, 0xA7, 0x44, 0x47, 0x95, 0x9B, 0x43, 0x55, 0x80, 0x00,
      0x00, 0x0A, 0xA8, 0x6D, 0xCB, 0x43, 0x22, 0x55, 0x53, 0xB7, 0x44, 0x44, 0xE9, 0x32, 0x3C, 0x9B, 0x47, 0x44, 0xD5, 0xAB, 0x34, 0x55, 0x80, 0x00,
      0x00, 0x0A, 0xAD, 0x88, 0xCA, 0xCA, 0x53, 0x33, 0x42, 0x13, 0x74, 0x34, 0x46, 0x21, 0x15, 0xAB, 0x47, 0x44, 0xD5, 0xAB, 0x44, 0x55, 0x80, 0x00,
      0x00, 0x0A, 0xAE, 0xA5, 0xDE, 0xDC, 0xDC, 0x53, 0x21, 0x11, 0x17, 0x44, 0x47, 0x22, 0x22, 0xCA, 0x77, 0x77, 0xB5, 0xAB, 0x45, 0x95, 0x80, 0x00,
      0x00, 0x0A, 0xAD, 0xCA, 0x65, 0x8D, 0xDA, 0xCB, 0x51, 0x11, 0x14, 0x44, 0x74, 0x82, 0x23, 0xA8, 0xB7, 0x77, 0xB5, 0xAB, 0x45, 0x95, 0x80, 0x00,
      0x00, 0x0A, 0xAD, 0xA5, 0x8A, 0x65, 0x8D, 0xC8, 0xA3, 0x11, 0x11, 0x77, 0x74, 0x85, 0x55, 0xA8, 0xB7, 0x77, 0xB5, 0xAB, 0x45, 0x95, 0x80, 0x00,
      0x00, 0x0A, 0xAD, 0xAC, 0x85, 0x89, 0x55, 0x55, 0xA3, 0x11, 0x11, 0x67, 0x77, 0xB5, 0x55, 0xC9, 0xB7, 0x77, 0xB8, 0xAB, 0x44, 0x53, 0x80, 0x00,
      0x00, 0x0A, 0xAD, 0xAD, 0xEC, 0x85, 0x84, 0x85, 0xC6, 0x22, 0x33, 0x67, 0x77, 0xB5, 0x9C, 0xAA, 0xB7, 0x77, 0xBC, 0x9A, 0x43, 0x43, 0x80, 0x00,
      0x00, 0x0A, 0xAD, 0xAD, 0x95, 0x59, 0x84, 0x5E, 0xC9, 0x35, 0x55, 0x67, 0x77, 0xBD, 0xDA, 0xAA, 0x77, 0x7E, 0xCC, 0x8B, 0x32, 0x33, 0x80, 0x00,
      0x00, 0x0A, 0xAD, 0xAD, 0x92, 0x29, 0x8A, 0x5D, 0xCA, 0x35, 0x55, 0x67, 0x77, 0xBC, 0xA9, 0xAB, 0xBB, 0xDC, 0x98, 0xAA, 0x42, 0x43, 0x80, 0x00,
      0x00, 0x0A, 0xAD, 0xAD, 0x92, 0x25, 0x8A, 0x5D, 0xAA, 0x35, 0x55, 0x67, 0x77, 0xB9, 0xCC, 0xEE, 0xC8, 0x8A, 0xB6, 0x11, 0x43, 0x64, 0x80, 0x00,
      0x00, 0x0A, 0xAD, 0xAD, 0xA2, 0x29, 0x8A, 0x5D, 0xA9, 0x35, 0x55, 0x87, 0x77, 0xDA, 0xAA, 0x98, 0x9B, 0x63, 0x11, 0x23, 0x44, 0x44, 0x80, 0x00,
      0x00, 0x0A, 0xAD, 0xAE, 0xCC, 0x59, 0x8A, 0x5D, 0xC9, 0x35, 0x55, 0x8B, 0xEE, 0xAA, 0x8A, 0xA6, 0x31, 0x12, 0x23, 0x33, 0x42, 0x33, 0xB0, 0x00,
      0x00, 0x0A, 0xA8, 0xC9, 0xDC, 0xCD, 0x8A, 0x5D, 0x99, 0x35, 0x55, 0x8C, 0x88, 0x9D, 0x62, 0x23, 0x52, 0x22, 0x33, 0x23, 0x54, 0x6B, 0x00, 0x00,
      0x00, 0x0C, 0x9A, 0x8E, 0xDC, 0xCA, 0x8A, 0x6E, 0xD9, 0x33, 0x53, 0x6C, 0xA6, 0x32, 0x25, 0x95, 0x52, 0x22, 0x33, 0x48, 0xCC, 0x00, 0x00, 0x00,
      0x00, 0x00, 0x8C, 0xCE, 0xCD, 0xC8, 0x9A, 0x8D, 0xAA, 0x33, 0x32, 0x61, 0x11, 0x24, 0x58, 0x99, 0x53, 0x44, 0x5B, 0xDD, 0x00, 0x00, 0x00, 0x00,
      0x00, 0x00, 0x08, 0x8A, 0xCD, 0xDC, 0xD8, 0x5C, 0xAA, 0x33, 0x33, 0x42, 0x22, 0x24, 0x58, 0x99, 0x95, 0xAC, 0xD0, 0x00, 0x00, 0x00, 0x00, 0x00,
      0x00, 0x00, 0x00, 0xC8, 0x8C, 0xAD, 0xCC, 0x85, 0xDA, 0x33, 0x66, 0x42, 0x22, 0x25, 0x59, 0xAD, 0xEE, 0x00, 0x00, 0x00, 0x00, 0x00, 0x00, 0x00,
      0x00, 0x00, 0x00, 0x00, 0xA6, 0x9C, 0xCE, 0xA5, 0x59, 0x34, 0x44, 0x42, 0x33, 0x38, 0xCE, 0xD0, 0x00, 0x00, 0x00, 0x00, 0x00, 0x00, 0x00, 0x00,
      0x00, 0x00, 0x00, 0x00, 0x00, 0xA8, 0x9C, 0xC9, 0x89, 0x23, 0x43, 0x55, 0x88, 0xCE, 0x00, 0x00, 0x00, 0x00, 0x00, 0x00, 0x00, 0x00, 0x00, 0x00,
      0x00, 0x00, 0x00, 0x00, 0x00, 0x0D, 0xA5, 0x8C, 0xA6, 0x33, 0x46, 0xAD, 0xD0, 0x00, 0x00, 0x00, 0x00, 0x00, 0x00, 0x00, 0x00, 0x00, 0x00, 0x00,
      0x00, 0x00, 0x00, 0x00, 0x00, 0x00, 0x00, 0xA6, 0x54, 0x58, 0xBD, 0x00, 0x00, 0x00, 0x00, 0x00, 0x00, 0x00, 0x00, 0x00, 0x00, 0x00, 0x00, 0x00,
      0x00, 0x00, 0x00, 0x00, 0x00, 0x00, 0x00, 0x00, 0xAA, 0xE0, 0x00, 0x00, 0x00, 0x00, 0x00, 0x00, 0x00, 0x00, 0x00, 0x00, 0x00, 0x00, 0x00, 0x00}},
    {{0x0000, 0x9597, 0x7C93, 0x6BCF, 0x634E, 0x5B0D, 0x52AB, 0x4A8B, 0x424A, 0x4229, 0x3A29, 0x3A09, 0x39E9, 0x31C8, 0x2987, 0x0000},
     {
      0x00, 0x00, 0x00, 0x00, 0x00, 0x00, 0x00, 0x00, 0x00, 0x00, 0x00, 0x00, 0x00, 0x00, 0x00, 0x00, 0x00, 0x00, 0x00, 0x00, 0x00, 0x00, 0x00, 0x00,
      0x00, 0x00, 0x00, 0x00, 0x00, 0x00, 0x00, 0x00, 0x00, 0x00, 0x00, 0x00, 0x00, 0x00, 0x00, 0x00, 0x00, 0x00, 0x00, 0x00, 0x00, 0x00, 0x00, 0x00,
      0x00, 0x00, 0x00, 0x00, 0x00, 0x00, 0x00, 0x00, 0x00, 0x00, 0x00, 0x00, 0x00, 0x00, 0x00, 0x00, 0x00, 0x00, 0x00, 0x00, 0x00, 0x00, 0x00, 0x00,
      0x00, 0x00, 0x00, 0x00, 0x00, 0x00, 0x00, 0x00, 0x00, 0x00, 0x00, 0x00, 0x00, 0x00, 0x00, 0x00, 0x00, 0x00, 0x00, 0x00, 0x00, 0x00, 0x00, 0x00,
      0x00, 0x00, 0x00, 0x00, 0x00, 0x00, 0x00, 0x00, 0x00, 0x00, 0x00, 0x00, 0x00, 0x00, 0x00, 0x00, 0x00, 0x00, 0x00, 0x00, 0x00, 0x00, 0x00, 0x00,
      0x00, 0x00, 0x00, 0x00, 0x00, 0x00, 0x00, 0x00, 0x00, 0x00, 0x00, 0x00, 0x00, 0x00, 0x00, 0x00, 0x00, 0x00, 0x00, 0x00, 0x00, 0x00, 0x00, 0x00,
      0x00, 0x00, 0x00, 0x00, 0x00, 0x00, 0x00, 0x00, 0x00, 0x00, 0x00, 0x00, 0x01, 0x22, 0x22, 0x20, 0x00, 0x00, 0x00, 0x00, 0x00, 0x00, 0x00, 0x00,
      0x00, 0x00, 0x00, 0x00, 0x00, 0x00, 0x00, 0x00, 0x00, 0x00, 0x03, 0x3B, 0xCC, 0xAA, 0xBA, 0xEE, 0x00, 0x00, 0x00, 0x00, 0x00, 0x00, 0x00, 0x00,
      0x00, 0x00, 0x00, 0x00, 0x00, 0x00, 0x00, 0x01, 0x33, 0x4A, 0xED, 0xC7, 0x78, 0x88, 0xAD, 0xDD, 0xDE, 0xE0, 0x00, 0x00, 0x00, 0x00, 0x00, 0x00,
      0x00, 0x00, 0x00, 0x00, 0x01, 0x12, 0x23, 0x45, 0x36, 0x77, 0x8A, 0xBC, 0x87, 0x7C, 0xCC, 0xCC, 0xCC, 0x9E, 0xD2, 0x00, 0x00, 0x00, 0x00, 0x00,
      0x00, 0x00, 0x00, 0x01, 0x26, 0x83, 0x34, 0x46, 0x87, 0x77, 0x65, 0x57, 0x8A, 0xDD, 0xDD, 0xCC, 0xCC, 0xAC, 0xDE, 0x73, 0x00, 0x00, 0x00, 0x00,
      0x00, 0x00, 0x00, 0x14, 0x57, 0xDA, 0x55, 0x66, 0x77, 0x76, 0x78, 0x77, 0x75, 0x7A, 0xBD, 0xCC, 0xCC, 0xB8, 0xDD, 0xD9, 0x81, 0x00, 0x00, 0x00,
      0x00, 0x00, 0x13, 0x66, 0x44, 0x48, 0xED, 0x77, 0x77, 0x77, 0x77, 0x76, 0x55, 0x57, 0x78, 0xAB, 0xCD, 0xCA, 0xBD, 0xAC, 0xDB, 0x30, 0x00, 0x00,
      0x00, 0x02, 0x65, 0x73, 0x33, 0x38, 0x8C, 0xD8, 0x67, 0x77, 0x77, 0x74, 0x55, 0x56, 0x77, 0x88, 0x88, 0xBA, 0xAC, 0xE9, 0x8A, 0xE4, 0x10, 0x00,
      0x02, 0x57, 0xBC, 0x84, 0x44, 0x6A, 0x45, 0x56, 0x89, 0x67, 0x76, 0x45, 0x55, 0x55, 0x78, 0x76, 0x7A, 0xA8, 0xCD, 0x79, 0xBB, 0xDA, 0x61, 0x00,
      0x2A, 0xBA, 0xAA, 0x84, 0x45, 0xD5, 0x88, 0x75, 0x6C, 0xE8, 0x74, 0x34, 0x55, 0x55, 0x6A, 0xCD, 0xDE, 0xA6, 0x77, 0x6A, 0xCB, 0xDB, 0x96, 0x20,
      0x1E, 0xA9, 0xAA, 0x84, 0x4E, 0x68, 0x88, 0x88, 0x75, 0x6D, 0xD9, 0x44, 0x4A, 0xDD, 0xCD, 0x76, 0x54, 0x56, 0x77, 0x85, 0x7A, 0xDC, 0xA9, 0x63,
      0x2E, 0x99, 0x98, 0xB4, 0xD7, 0x89, 0x88, 0x89, 0xAA, 0x86, 0x33, 0x33, 0x33, 0x33, 0x36, 0x66, 0x77, 0x88, 0x87, 0xB8, 0x56, 0x7C, 0xCB, 0xA4,
      0x04, 0xBC, 0xEE, 0xDC, 0xD8, 0xAA, 0xBC, 0xCD, 0xCB, 0x73, 0x32, 0x22, 0x22, 0x22, 0x45, 0x77, 0x78, 0x88, 0x88, 0xAA, 0x74, 0x6A, 0xA9, 0xEE,
      0x01, 0x5D, 0xCE, 0xE8, 0xCB, 0xBB, 0xBB, 0xBB, 0xB7, 0x33, 0x43, 0x32, 0x22, 0x24, 0x55, 0x77, 0x87, 0x88, 0x88, 0xA9, 0xA7, 0x5B, 0x99, 0xE0,
      0x00, 0x02, 0x8D, 0xB9, 0x6C, 0x8A, 0xCB, 0xBA, 0x73, 0x43, 0x43, 0x33, 0x22, 0x35, 0x55, 0x78, 0x9A, 0x88, 0x87, 0x89, 0x96, 0x68, 0xEE, 0xE0,
      0x00, 0x00, 0x05, 0x7E, 0xDE, 0xED, 0x88, 0x96, 0x23, 0x44, 0x43, 0x33, 0x43, 0x45, 0x54, 0x88, 0x99, 0x9A, 0x88, 0x87, 0x88, 0xBE, 0xEE, 0x00,
      0x00, 0x00, 0x00, 0x13, 0xEE, 0xDD, 0xED, 0xA3, 0x33, 0x34, 0x44, 0x45, 0x55, 0x54, 0x54, 0x88, 0x96, 0x66, 0x99, 0x6E, 0xEE, 0xDE, 0xE0, 0x00,
      0x00, 0x00, 0x00, 0x00, 0x13, 0xDD, 0x9E, 0xEE, 0xDD, 0xB8, 0x99, 0x97, 0x54, 0x44, 0x45, 0x67, 0x8A, 0xD9, 0x66, 0xCD, 0xDE, 0xEB, 0x00, 0x00,
      0x00, 0x00, 0x00, 0x00, 0x00, 0x15, 0xE8, 0xDC, 0xBB, 0xB9, 0x65, 0x56, 0x9D, 0xDD, 0xAD, 0xEE, 0xEE, 0xDD, 0xBD, 0xEE, 0xEE, 0xE0, 0x00, 0x00,
      0x00, 0x00, 0x00, 0x00, 0x00, 0x00, 0x24, 0xDC, 0xCC, 0xCA, 0x88, 0x9A, 0xAA, 0xBC, 0xBE, 0xEE, 0xDD, 0xEE, 0xD7, 0x43, 0x00, 0x00, 0x00, 0x00,
      0x00, 0x00, 0x00, 0x00, 0x00, 0x00, 0x00, 0x23, 0x35, 0x57, 0xCB, 0xCC, 0xCB, 0xBD, 0xBD, 0xEE, 0xC7, 0x51, 0x10, 0x00, 0x00, 0x00, 0x00, 0x00,
      0x00, 0x00, 0x00, 0x00, 0x00, 0x00, 0x00, 0x00, 0x00, 0x01, 0x11, 0x22, 0x24, 0x37, 0x76, 0x50, 0x00, 0x00, 0x00, 0x00, 0x00, 0x00, 0x00, 0x00,
      0x00, 0x00, 0x00, 0x00, 0x00, 0x00, 0x00, 0x00, 0x00, 0x00, 0x00, 0x00, 0x00, 0x00, 0x00, 0x00, 0x00, 0x00, 0x00, 0x00, 0x00, 0x00, 0x00, 0x00,
      0x00, 0x00, 0x00, 0x00, 0x00, 0x00, 0x00, 0x00, 0x00, 0x00, 0x00, 0x00, 0x00, 0x00, 0x00, 0x00, 0x00, 0x00, 0x00, 0x00, 0x00, 0x00, 0x00, 0x00,
      0x00, 0x00, 0x00, 0x00, 0x00, 0x00, 0x00, 0x00, 0x00, 0x00, 0x00, 0x00, 0x00, 0x00, 0x00, 0x00, 0x00, 0x00, 0x00, 0x00, 0x00, 0x00, 0x00, 0x00,
      0x00, 0x00, 0x00, 0x00, 0x00, 0x00, 0x00, 0x00, 0x00, 0x00, 0x00, 0x00, 0x00, 0x00, 0x00, 0x00, 0x00, 0x00, 0x00, 0x00, 0x00, 0x00, 0x00, 0x00,
      0x00, 0x00, 0x00, 0x00, 0x00, 0x00, 0x00, 0x00, 0x00, 0x00, 0x00, 0x00, 0x00, 0x00, 0x00, 0x00, 0x00, 0x00, 0x00, 0x00, 0x00, 0x00, 0x00, 0x00,
      0x00, 0x00, 0x00, 0x00, 0x00, 0x00, 0x00, 0x00, 0x00, 0x00, 0x00, 0x00, 0x00, 0x00, 0x00, 0x00, 0x00, 0x00, 0x00, 0x00, 0x00, 0x00, 0x00, 0x00}},
    {{0x0000, 0x9597, 0x7C93, 0x6BCF, 0x634E, 0x5B0D, 0x52AB, 0x4A8B, 0x424A, 0x4229, 0x3A29, 0x3A09, 0x39E9, 0x31C8, 0x2987, 0x0000},
     {
      0x00, 0x00, 0x00, 0x00, 0x00, 0x00, 0x00, 0x00, 0x00, 0x00, 0x00, 0x00, 0x00, 0x00, 0x00, 0x00, 0x00, 0x00, 0x00, 0x00, 0x00, 0x00, 0x00, 0x00,
      0x00, 0x00, 0x00, 0x00, 0x00, 0x00, 0x00, 0x00, 0x00, 0x00, 0x00, 0x00, 0x00, 0x00, 0x00, 0x00, 0x00, 0x00, 0x00, 0x00, 0x00, 0x00, 0x00, 0x00,
      0x00, 0x00, 0x00, 0x00, 0x00, 0x00, 0x00, 0x00, 0x00, 0x00, 0x00, 0x00, 0x00, 0x00, 0x00, 0x00, 0x00, 0x00, 0x00, 0x00, 0x00, 0x00, 0x00, 0x00,
      0x00, 0x00, 0x00, 0x00, 0x00, 0x00, 0x00, 0x00, 0x00, 0x00, 0x00, 0x00, 0x00, 0x00, 0x00, 0x00, 0x00, 0x00, 0x00, 0x00, 0x00, 0x00, 0x00, 0x00,
      0x00, 0x00, 0x00, 0x00, 0x00, 0x00, 0x00, 0x00, 0x00, 0x00, 0x00, 0x00, 0x00, 0x00, 0x00, 0x00, 0x00, 0x00, 0x00, 0x00, 0x00, 0x00, 0x00, 0x00,
      0x00, 0x00, 0x00, 0x00, 0x00, 0x00, 0x00, 0x00, 0x00, 0x00, 0x00, 0x00, 0x00, 0x00, 0x00, 0x00, 0x00, 0x00, 0x00, 0x00, 0x00, 0x00, 0x00, 0x00,
      0x00, 0x00, 0x00, 0x00, 0x00, 0x00, 0x00, 0x00, 0x00, 0x00, 0x00, 0x00, 0x01, 0x22, 0x22, 0x20, 0x00, 0x00, 0x00, 0x00, 0x00, 0x00, 0x00, 0x00,
      0x00, 0x00, 0x00, 0x00, 0x00, 0x00, 0x00, 0x00, 0x00, 0x00, 0x03, 0x3B, 0xCC, 0xAA, 0xBA, 0xEE, 0x00, 0x00, 0x00, 0x00, 0x00, 0x00, 0x00, 0x00,
      0x00, 0x00, 0x00, 0x00, 0x00, 0x00, 0x00, 0x01, 0x33, 0x4A, 0xED, 0xC7, 0x78, 0x88, 0xAD, 0xDD, 0xDE, 0xE0, 0x00, 0x00, 0x00, 0x00, 0x00, 0x00,
      0x00, 0x00, 0x00, 0x00, 0x01, 0x12, 0x23, 0x45, 0x36, 0x77, 0x8A, 0xBC, 0x87, 0x7C, 0xCC, 0xCC, 0xCC, 0x9E, 0xD2, 0x00, 0x00, 0x00, 0x00, 0x00,
      0x00, 0x00, 0x00, 0x01, 0x26, 0x83, 0x34, 0x46, 0x87, 0x77, 0x65, 0x57, 0x8A, 0xDD, 0xDD, 0xCC, 0xCC, 0xAC, 0xDE, 0x73, 0x00, 0x00, 0x00, 0x00,
      0x00, 0x00, 0x00, 0x14, 0x57, 0xDA, 0x55, 0x66, 0x77, 0x76, 0x78, 0x77, 0x75, 0x7A, 0xBD, 0xCC, 0xCC, 0xB8, 0xDD, 0xD9, 0x81, 0x00, 0x00, 0x00,
      0x00, 0x00, 0x13, 0x66, 0x44, 0x48, 0xED, 0x77, 0x77, 0x77, 0x77, 0x76, 0x55, 0x57, 0x78, 0xAB, 0xCD, 0xCA, 0xBD, 0xAC, 0xDB, 0x30, 0x00, 0x00,
      0x00, 0x02, 0x65, 0x73, 0x33, 0x38, 0x8C, 0xD8, 0x67, 0x77, 0x77, 0x74, 0x55, 0x56, 0x77, 0x88, 0x88, 0xBA, 0xAC, 0xE9, 0x8A, 0xE4, 0x10, 0x00,
      0x02, 0x57, 0xBC, 0x84, 0x44, 0x6A, 0x45, 0x56, 0x89, 0x67, 0x76, 0x45, 0x55, 0x55, 0x78, 0x76, 0x7A, 0xA8, 0xCD, 0x79, 0xBB, 0xDA, 0x61, 0x00,
      0x2A, 0xBA, 0xAA, 0x84, 0x45, 0xD5, 0x88, 0x75, 0x6C, 0xE8, 0x74, 0x34, 0x55, 0x55, 0x6A, 0xCD, 0xDE, 0xA6, 0x77, 0x6A, 0xCB, 0xDB, 0x96, 0x20,
      0x1E, 0xA9, 0xAA, 0x84, 0x4E, 0x68, 0x88, 0x88, 0x75, 0x6D, 0xD9, 0x44, 0x4A, 0xDD, 0xCD, 0x76, 0x54, 0x56, 0x77, 0x85, 0x7A, 0xDC, 0xA9, 0x63,
      0x2E, 0x99, 0x98, 0xB4, 0xD7, 0x89, 0x88, 0x89, 0xAA, 0x86, 0x33, 0x33, 0x33, 0x33, 0x36, 0x66, 0x77, 0x88, 0x87, 0xB8, 0x56, 0x7C, 0xCB, 0xA4,
      0x04, 0xBC, 0xEE, 0xDC, 0xD8, 0xAA, 0xBC, 0xCD, 0xCB, 0x73, 0x32, 0x22, 0x22, 0x22, 0x45, 0x77, 0x78, 0x88, 0x88, 0xAA, 0x74, 0x6A, 0xA9, 0xEE,
      0x01, 0x5D, 0xCE, 0xE8, 0xCB, 0xBB, 0xBB, 0xBB, 0xB7, 0x33, 0x43, 0x32, 0x22, 0x24, 0x55, 0x77, 0x87, 0x88, 0x88, 0xA9, 0xA7, 0x5B, 0x99, 0xE0,
      0x00, 0x02, 0x8D, 0xB9, 0x6C, 0x8A, 0xCB, 0xBA, 0x73, 0x43, 0x43, 0x33, 0x22, 0x35, 0x55, 0x78, 0x9A, 0x88, 0x87, 0x89, 0x96, 0x68, 0xEE, 0xE0,
      0x00, 0x00, 0x05, 0x7E, 0xDE, 0xED, 0x88, 0x96, 0x23, 0x44, 0x43, 0x33, 0x43, 0x45, 0x54, 0x88, 0x99, 0x9A, 0x88, 0x87, 0x88, 0xBE, 0xEE, 0x00,
      0x00, 0x00, 0x00, 0x13, 0xEE, 0xDD, 0xED, 0xA3, 0x33, 0x34, 0x44, 0x45, 0x55, 0x54, 0x54, 0x88, 0x96, 0x66, 0x99, 0x6E, 0xEE, 0xDE, 0xE0, 0x00,
      0x00, 0x00, 0x00, 0x00, 0x13, 0xDD, 0x9E, 0xEE, 0xDD, 0xB8, 0x99, 0x97, 0x54, 0x44, 0x45, 0x67, 0x8A, 0xD9, 0x66, 0xCD, 0xDE, 0xEB, 0x00, 0x00,
      0x00, 0x00, 0x00, 0x00, 0x00, 0x15, 0xE8, 0xDC, 0xBB, 0xB9, 0x65, 0x56, 0x9D, 0xDD, 0xAD, 0xEE, 0xEE, 0xDD, 0xBD, 0xEE, 0xEE, 0xE0, 0x00, 0x00,
      0x00, 0x00, 0x00, 0x00, 0x00, 0x00, 0x24, 0xDC, 0xCC, 0xCA, 0x88, 0x9A, 0xAA, 0xBC, 0xBE, 0xEE, 0xDD, 0xEE, 0xD7, 0x43, 0x00, 0x00, 0x00, 0x00,
      0x00, 0x00, 0x00, 0x00, 0x00, 0x00, 0x00, 0x23, 0x35, 0x57, 0xCB, 0xCC, 0xCB, 0xBD, 0xBD, 0xEE, 0xC7, 0x51, 0x10, 0x00, 0x00, 0x00, 0x00, 0x00,
      0x00, 0x00, 0x00, 0x00, 0x00, 0x00, 0x00, 0x00, 0x00, 0x01, 0x11, 0x22, 0x24, 0x37, 0x76, 0x50, 0x00, 0x00, 0x00, 0x00, 0x00, 0x00, 0x00, 0x00,
      0x00, 0x00, 0x00, 0x00, 0x00, 0x00, 0x00, 0x00, 0x00, 0x00, 0x00, 0x00, 0x00, 0x00, 0x00, 0x00, 0x00, 0x00, 0x00, 0x00, 0x00, 0x00, 0x00, 0x00,
      0x00, 0x00, 0x00, 0x00, 0x00, 0x00, 0x00, 0x00, 0x00, 0x00, 0x00, 0x00, 0x00, 0x00, 0x00, 0x00, 0x00, 0x00, 0x00, 0x00, 0x00, 0x00, 0x00, 0x00,
      0x00, 0x00, 0x00, 0x00, 0x00, 0x00, 0x00, 0x00, 0x00, 0x00, 0x00, 0x00, 0x00, 0x00, 0x00, 0x00, 0x00, 0x00, 0x00, 0x00, 0x00, 0x00, 0x00, 0x00,
      0x00, 0x00, 0x00, 0x00, 0x00, 0x00, 0x00, 0x00, 0x00, 0x00, 0x00, 0x00, 0x00, 0x00, 0x00, 0x00, 0x00, 0x00, 0x00, 0x00, 0x00, 0x00, 0x00, 0x00,
      0x00, 0x00, 0x00, 0x00, 0x00, 0x00, 0x00, 0x00, 0x00, 0x00, 0x00, 0x00, 0x00, 0x00, 0x00, 0x00, 0x00, 0x00, 0x00, 0x00, 0x00, 0x00, 0x00, 0x00,
      0x00, 0x00, 0x00, 0x00, 0x00, 0x00, 0x00, 0x00, 0x00, 0x00, 0x00, 0x00, 0x00, 0x00, 0x00, 0x00, 0x00, 0x00, 0x00, 0x00, 0x00, 0x00, 0x00, 0x00}},
  },
  {  // fuelsys
    {{0x0000, 0xCE77, 0xCE35, 0xCE35, 0xBDD5, 0x9CF2, 0x8430, 0x6B4C, 0x4B71, 0x4350, 0x532E, 0x5AAA, 0x424A, 0x3186, 0x18C3, 0x0000},
     {
      0x00, 0x00, 0x00, 0x00, 0x00, 0x00, 0x00, 0x00, 0x00, 0x00, 0x00, 0x00, 0x00, 0x00, 0x00, 0x00, 0x00, 0x00, 0xED, 0xDC, 0x00, 0x00, 0x00, 0x00,
      0x00, 0x00, 0x00, 0x00, 0x00, 0x00, 0x00, 0x00, 0x00, 0x00, 0x00, 0x00, 0x00, 0x00, 0x00, 0xDD, 0xDC, 0xCC, 0xB5, 0x17, 0xC0, 0x00, 0x00, 0x00,
      0x00, 0x00, 0x00, 0x00, 0x00, 0x00, 0x00, 0x00, 0x00, 0x00, 0x00, 0x00, 0x00, 0x00, 0xCB, 0x7B, 0xBA, 0x76, 0x67, 0x74, 0x47, 0xD0, 0x00, 0x00,
      0x00, 0x00, 0x00, 0x00, 0x00, 0x00, 0x00, 0x00, 0x00, 0x00, 0x00, 0x00, 0xDD, 0x66, 0x11, 0x11, 0x46, 0x7B, 0x66, 0x6B, 0x11, 0x5B, 0x00, 0x00,
      0x00, 0x00, 0x00, 0x00, 0x00, 0x00, 0x00, 0x00, 0x00, 0x00, 0xDE, 0xB7, 0x31, 0x33, 0x22, 0x22, 0x23, 0x46, 0x76, 0x65, 0x71, 0x15, 0xC0, 0x00,
      0x00, 0x00, 0x00, 0x00, 0x00, 0x00, 0x00, 0x00, 0x00, 0xDD, 0xCA, 0x41, 0x33, 0x22, 0x22, 0x22, 0x22, 0x21, 0x67, 0x66, 0xB4, 0x14, 0xB0, 0x00,
      0x00, 0x00, 0x00, 0x00, 0x00, 0x00, 0x00, 0xDD, 0xCA, 0xA8, 0x89, 0x86, 0x33, 0x22, 0x22, 0x21, 0x11, 0x11, 0x4B, 0xAA, 0x7B, 0x11, 0x6E, 0x00,
      0x00, 0x00, 0x00, 0x00, 0x00, 0xDE, 0xCC, 0x98, 0x88, 0x88, 0x88, 0x89, 0x61, 0x22, 0x11, 0x11, 0x11, 0x33, 0x35, 0xC7, 0x7C, 0x41, 0x4B, 0x00,
      0x00, 0x00, 0x00, 0x00, 0xD7, 0x54, 0x46, 0x98, 0x88, 0x88, 0x88, 0x88, 0x85, 0x11, 0x11, 0x22, 0x22, 0x22, 0x34, 0xC7, 0x77, 0xB1, 0x4B, 0x00,
      0x00, 0x00, 0x00, 0x0C, 0x55, 0x53, 0x11, 0x58, 0x98, 0x88, 0x88, 0x86, 0x58, 0x51, 0x22, 0x22, 0x22, 0x23, 0x23, 0x6C, 0x77, 0xC1, 0x36, 0xD0,
      0x00, 0x00, 0x00, 0xB4, 0x32, 0x24, 0x43, 0x14, 0x68, 0x88, 0x66, 0x88, 0x89, 0xA4, 0x22, 0x22, 0x22, 0x22, 0x22, 0x5C, 0xA7, 0xC5, 0x35, 0xE0,
      0x00, 0x00, 0x0D, 0x53, 0x36, 0x43, 0x34, 0x21, 0x16, 0x88, 0x89, 0x99, 0x99, 0x95, 0x33, 0x32, 0x22, 0x22, 0x22, 0x4B, 0xA6, 0x77, 0x35, 0xE0,
      0x00, 0x00, 0x0C, 0x43, 0x5B, 0x74, 0x32, 0x41, 0x14, 0x99, 0x99, 0x99, 0x99, 0x96, 0x33, 0x32, 0x22, 0x22, 0x31, 0x4B, 0xAA, 0xA7, 0x35, 0xE0,
      0x00, 0x00, 0x0B, 0x43, 0x76, 0xAB, 0x23, 0x44, 0x14, 0x89, 0x99, 0x99, 0x99, 0x9A, 0x12, 0x22, 0x22, 0x14, 0x57, 0x4A, 0xAA, 0xA7, 0x35, 0xE0,
      0x00, 0x00, 0xC7, 0x43, 0x57, 0xA7, 0x23, 0x35, 0x12, 0x69, 0x99, 0x99, 0x99, 0x99, 0x12, 0x34, 0x55, 0x7A, 0x65, 0x47, 0xAA, 0xA7, 0x35, 0xE0,
      0x00, 0x00, 0xE5, 0x43, 0x33, 0x73, 0x33, 0x34, 0x52, 0x18, 0x99, 0x99, 0x99, 0x98, 0x61, 0x5A, 0x66, 0x55, 0x8A, 0x47, 0xAA, 0xA7, 0x35, 0xE0,
      0x00, 0x00, 0xE5, 0x54, 0x43, 0x23, 0x33, 0x33, 0x52, 0x1A, 0x99, 0x99, 0x99, 0x99, 0x61, 0x56, 0x66, 0xAA, 0x65, 0x47, 0xAA, 0xA7, 0x44, 0xE0,
      0x00, 0x00, 0xE5, 0xCB, 0xB6, 0x22, 0x33, 0x33, 0x52, 0x16, 0x99, 0x99, 0x99, 0x99, 0x61, 0x47, 0x66, 0x54, 0x44, 0x47, 0xAA, 0x77, 0x4B, 0x00,
      0x00, 0x00, 0xEC, 0xDB, 0x6C, 0x52, 0x22, 0x23, 0x45, 0x15, 0x99, 0x99, 0x99, 0x99, 0x63, 0x45, 0x44, 0x44, 0x44, 0x47, 0xAA, 0xCB, 0x6D, 0x00,
      0x00, 0x0B, 0xB7, 0x6B, 0xC6, 0x72, 0x22, 0x32, 0x45, 0x25, 0x99, 0x99, 0x99, 0x99, 0x61, 0x6C, 0xBD, 0x64, 0x44, 0x5B, 0xBA, 0xCA, 0x7D, 0x00,
      0x00, 0xC5, 0x55, 0x57, 0xD6, 0xB2, 0x22, 0x22, 0x45, 0x35, 0x99, 0x99, 0x99, 0x99, 0x65, 0xC7, 0xDC, 0xE5, 0x56, 0x7D, 0xAA, 0xCA, 0xC0, 0x00,
      0x00, 0x75, 0x57, 0x77, 0xD7, 0xB2, 0x33, 0x22, 0x45, 0x35, 0x99, 0x99, 0x99, 0x98, 0x66, 0xDC, 0x76, 0xBD, 0x66, 0xAD, 0xAA, 0xCE, 0x00, 0x00,
      0x0D, 0x65, 0x7B, 0xCD, 0xCD, 0x63, 0x23, 0x22, 0x45, 0x35, 0x99, 0x99, 0x99, 0x99, 0x66, 0xDC, 0x75, 0x7B, 0xB6, 0xDC, 0xAA, 0xC0, 0x00, 0x00,
      0x0E, 0x66, 0xBE, 0xBC, 0xC7, 0x54, 0x33, 0x33, 0x45, 0x35, 0x99, 0x99, 0x9A, 0xAC, 0x55, 0xBC, 0xD7, 0x55, 0xDD, 0xDC, 0xAA, 0xC0, 0x00, 0x00,
      0x0E, 0x67, 0xBE, 0x76, 0x65, 0x55, 0x33, 0x33, 0x45, 0x35, 0xA8, 0xAC, 0xCC, 0xCC, 0x6B, 0xDE, 0xD6, 0x55, 0xDB, 0xCC, 0xAA, 0xC0, 0x00, 0x00,
      0x0E, 0x67, 0xBE, 0xDD, 0xAB, 0x65, 0x54, 0x34, 0x64, 0x4A, 0xCA, 0xCC, 0xCC, 0xDE, 0xCB, 0x75, 0x76, 0x67, 0xDC, 0xAA, 0xAA, 0xC0, 0x00, 0x00,
      0x0E, 0x77, 0xBD, 0xBB, 0xDD, 0xDB, 0x55, 0x55, 0x65, 0x5C, 0xCD, 0xCD, 0xDD, 0xB6, 0x55, 0x55, 0x7D, 0x7B, 0xED, 0xCB, 0xBD, 0xE0, 0x00, 0x00,
      0x0E, 0xCD, 0xDE, 0x7D, 0x77, 0xBD, 0xB5, 0x56, 0x65, 0x7D, 0xD7, 0xBB, 0x55, 0x55, 0x67, 0x7B, 0xBE, 0xCD, 0x00, 0xCF, 0xE0, 0x00, 0x00, 0x00,
      0x0D, 0x67, 0xBE, 0xEC, 0x7C, 0x56, 0xBD, 0xBB, 0xBD, 0xD7, 0xB7, 0x5B, 0x56, 0x77, 0xBD, 0xDE, 0xF0, 0x00, 0x00, 0x00, 0x00, 0x00, 0x00, 0x00,
      0x0E, 0x67, 0xBD, 0x7D, 0xAC, 0x65, 0x56, 0x77, 0x77, 0x55, 0xBD, 0x6B, 0xCB, 0xCD, 0xD0, 0x00, 0x00, 0x00, 0x00, 0x00, 0x00, 0x00, 0x00, 0x00,
      0xDE, 0x77, 0xBE, 0x0D, 0xDD, 0xB7, 0x75, 0x55, 0x55, 0x77, 0xBD, 0xAC, 0xEE, 0x00, 0x00, 0x00, 0x00, 0x00, 0x00, 0x00, 0x00, 0x00, 0x00, 0x00,
      0xE5, 0xBB, 0xCB, 0xF0, 0xEE, 0xEC, 0xB7, 0x77, 0x77, 0xBC, 0xED, 0xDE, 0x00, 0x00, 0x00, 0x00, 0x00, 0x00, 0x00, 0x00, 0x00, 0x00, 0x00, 0x00,
      0xED, 0xBB, 0xBD, 0x00, 0x00, 0x00, 0xEE, 0xEE, 0xDD, 0xED, 0x00, 0x00, 0x00, 0x00, 0x00, 0x00, 0x00, 0x00, 0x00, 0x00, 0x00, 0x00, 0x00, 0x00,
      0x00, 0xEF, 0xF0, 0x00, 0x00, 0x00, 0x00, 0x00, 0x00, 0x00, 0x00, 0x00, 0x00, 0x00, 0x00, 0x00, 0x00, 0x00, 0x00, 0x00, 0x00, 0x00, 0x00, 0x00}},
    {{0x0000, 0xDED8, 0xCE55, 0xCE35, 0xC614, 0xAD74, 0xAC4C, 0x7C0F, 0x7B4B, 0x5AEC, 0x4A49, 0x3A08, 0x39A6, 0x18E4, 0x0000, 0x0000},
     {
      0x00, 0x00, 0x00, 0x00, 0x00, 0x00, 0x00, 0x00, 0x00, 0x00, 0x00, 0x00, 0x00, 0x00, 0x00, 0x00, 0x00, 0x00, 0x00, 0x00, 0x00, 0x00, 0x00, 0x00,
      0x00, 0x00, 0x00, 0x00, 0x00, 0x00, 0x00, 0x00, 0x00, 0x00, 0x00, 0x00, 0xDB, 0xBB, 0xDE, 0xE0, 0x00, 0x00, 0x00, 0x00, 0x00, 0x00, 0x00, 0x00,
      0x00, 0x00, 0x00, 0x00, 0x00, 0x00, 0x00, 0x00, 0x00, 0x00, 0x00, 0xCC, 0xB9, 0x99, 0x98, 0x57, 0xA0, 0x00, 0x00, 0x00, 0x00, 0x00, 0x00, 0x00,
      0x00, 0x00, 0x00, 0x00, 0x00, 0x00, 0x00, 0x00, 0x00, 0x00, 0xDA, 0x75, 0x57, 0xCB, 0x97, 0x95, 0x58, 0xB0, 0x00, 0x00, 0x00, 0x00, 0x00, 0x00,
      0x00, 0x00, 0x00, 0x00, 0x00, 0x00, 0x00, 0x00, 0x00, 0xA8, 0x34, 0x44, 0x43, 0x49, 0xA9, 0x78, 0x42, 0x90, 0x00, 0x00, 0x00, 0x00, 0x00, 0x00,
      0x00, 0x00, 0x00, 0x00, 0x00, 0x00, 0x00, 0xCA, 0x77, 0x43, 0x44, 0x43, 0x21, 0x12, 0x99, 0x79, 0x72, 0x5C, 0x00, 0x00, 0x00, 0x00, 0x00, 0x00,
      0x00, 0x00, 0x00, 0x0D, 0xA9, 0xBC, 0x87, 0x52, 0x34, 0x33, 0x22, 0x11, 0x11, 0x11, 0x5A, 0x99, 0xA2, 0x48, 0x00, 0x00, 0x00, 0x00, 0x00, 0x00,
      0x00, 0x00, 0x00, 0xDB, 0xB9, 0x77, 0x97, 0x22, 0x32, 0x11, 0x11, 0x11, 0x22, 0x33, 0x28, 0xA9, 0x97, 0x7B, 0xCB, 0xCC, 0xDD, 0x00, 0x00, 0x00,
      0x00, 0x00, 0x0B, 0x75, 0x58, 0xA9, 0x77, 0x81, 0x11, 0x11, 0x12, 0x33, 0x33, 0x33, 0x35, 0xC9, 0x9D, 0xDB, 0xA9, 0x77, 0x95, 0x8B, 0x00, 0x00,
      0x00, 0x00, 0xA5, 0x23, 0x32, 0x59, 0x97, 0x87, 0x12, 0x33, 0x33, 0x33, 0x33, 0x32, 0x25, 0xCB, 0xA7, 0x55, 0x7A, 0xB9, 0x78, 0x25, 0xAA, 0x00,
      0x00, 0x0D, 0x42, 0x33, 0x11, 0x15, 0xA9, 0x7B, 0x42, 0x33, 0x33, 0x33, 0x32, 0x57, 0xAA, 0x54, 0x32, 0x22, 0x24, 0x7A, 0x77, 0x92, 0x49, 0x00,
      0x00, 0xD5, 0x43, 0x33, 0x11, 0x13, 0x7B, 0x89, 0x72, 0x22, 0x43, 0x45, 0x88, 0x88, 0x42, 0x23, 0x33, 0x21, 0x11, 0x18, 0x97, 0x97, 0x44, 0xC0,
      0x00, 0xC5, 0x33, 0x33, 0x32, 0x24, 0x5A, 0x99, 0x95, 0x9B, 0xB9, 0xB8, 0x86, 0x66, 0x64, 0x42, 0x11, 0x11, 0x11, 0x14, 0xA9, 0x9A, 0x34, 0x80,
      0x00, 0x95, 0x22, 0x33, 0x33, 0x33, 0x47, 0xA9, 0xBD, 0xCB, 0x99, 0x99, 0x74, 0x66, 0x66, 0x41, 0x11, 0x11, 0x22, 0x24, 0x7A, 0x9A, 0x74, 0x5C,
      0x00, 0x97, 0x77, 0x43, 0x33, 0x33, 0x25, 0xAB, 0xB7, 0x55, 0x9B, 0x97, 0x78, 0x46, 0x66, 0x64, 0x12, 0x33, 0x33, 0x33, 0x5A, 0x98, 0xA2, 0x5B,
      0x00, 0xAC, 0xA7, 0x82, 0x33, 0x33, 0x25, 0xA7, 0x42, 0x23, 0x47, 0xB9, 0x77, 0x73, 0x66, 0x66, 0x43, 0x33, 0x35, 0x57, 0x59, 0x98, 0xC5, 0x4A,
      0x0C, 0xA8, 0x8A, 0x97, 0x33, 0x33, 0x39, 0x74, 0x33, 0x31, 0x12, 0x5B, 0x77, 0x95, 0x66, 0x66, 0x64, 0x57, 0x77, 0x77, 0x57, 0xA9, 0xA7, 0x2A,
      0xD8, 0x66, 0x8C, 0x97, 0x33, 0x33, 0x3C, 0x54, 0x33, 0x31, 0x11, 0x27, 0xA7, 0x97, 0x46, 0x66, 0x64, 0x75, 0x77, 0x79, 0x77, 0xB9, 0xA5, 0x3A,
      0xC6, 0x6A, 0xAB, 0xA7, 0x33, 0x34, 0x5B, 0x54, 0x33, 0x22, 0x12, 0x25, 0xB9, 0x99, 0x46, 0x66, 0x62, 0x77, 0x97, 0x75, 0x47, 0xB9, 0xA7, 0x4A,
      0xC8, 0x66, 0x8C, 0xA7, 0x53, 0x34, 0x97, 0x54, 0x22, 0x33, 0x32, 0x24, 0x99, 0x9B, 0x56, 0x66, 0x64, 0x75, 0x52, 0x44, 0x47, 0xB9, 0xA7, 0x5C,
      0xDA, 0x86, 0x6A, 0xAC, 0x85, 0x55, 0xA7, 0x78, 0x52, 0x23, 0x33, 0x33, 0x5B, 0x9A, 0x76, 0x66, 0x65, 0x33, 0x44, 0x44, 0x35, 0xB9, 0xA7, 0x7B,
      0x0D, 0xCA, 0xA9, 0x78, 0xAA, 0x75, 0xA9, 0xC9, 0x85, 0x23, 0x33, 0x33, 0x5B, 0x99, 0x84, 0x66, 0x66, 0x44, 0x44, 0x45, 0x58, 0xB9, 0xB7, 0xB0,
      0x00, 0x0C, 0xDA, 0xA6, 0x66, 0x8A, 0xA8, 0x8A, 0x8A, 0x43, 0x44, 0x33, 0x5A, 0x99, 0x84, 0x66, 0x66, 0x44, 0x55, 0x77, 0x79, 0xB9, 0xCA, 0x00,
      0x00, 0x00, 0x0C, 0xCA, 0x66, 0x66, 0x66, 0x8A, 0xAC, 0x54, 0x44, 0x33, 0x5A, 0x99, 0x84, 0x66, 0x66, 0x57, 0x77, 0x77, 0x7C, 0x98, 0xCD, 0x00,
      0x00, 0x00, 0x00, 0xDD, 0xA8, 0x66, 0x68, 0x8C, 0xAC, 0x54, 0x33, 0x32, 0x5A, 0x99, 0x84, 0x66, 0x86, 0x77, 0x77, 0x78, 0xBC, 0xA9, 0xC0, 0x00,
      0x00, 0x00, 0x00, 0x00, 0x0C, 0xCC, 0xCC, 0xCD, 0xC7, 0x54, 0x33, 0x33, 0x5A, 0x99, 0x96, 0x88, 0x87, 0x77, 0x79, 0xAD, 0xC9, 0xA9, 0xC0, 0x00,
      0x00, 0x00, 0x00, 0x00, 0x00, 0x00, 0x00, 0x97, 0x77, 0x55, 0x53, 0x35, 0x7C, 0x99, 0x98, 0x88, 0x87, 0xBC, 0xC0, 0x0D, 0xB9, 0xA9, 0xC0, 0x00,
      0x00, 0x00, 0x00, 0x00, 0x00, 0x00, 0x00, 0xD7, 0x75, 0x55, 0x55, 0x55, 0x7D, 0x9B, 0x9A, 0xCC, 0xD0, 0x00, 0x00, 0x00, 0x0D, 0xCD, 0x00, 0x00,
      0x00, 0x00, 0x00, 0x00, 0x00, 0x00, 0x00, 0x0B, 0x97, 0x55, 0x75, 0x77, 0xAC, 0x9B, 0xDD, 0x00, 0x00, 0x00, 0x00, 0x00, 0x00, 0x00, 0x00, 0x00,
      0x00, 0x00, 0x00, 0x00, 0x00, 0x00, 0x00, 0x00, 0xDA, 0x97, 0x77, 0x9B, 0xC9, 0x9A, 0x00, 0x00, 0x00, 0x00, 0x00, 0x00, 0x00, 0x00, 0x00, 0x00,
      0x00, 0x00, 0x00, 0x00, 0x00, 0x00, 0x00, 0x00, 0x0D, 0xED, 0xCC, 0xDB, 0x9A, 0x9A, 0x00, 0x00, 0x00, 0x00, 0x00, 0x00, 0x00, 0x00, 0x00, 0x00,
      0x00, 0x00, 0x00, 0x00, 0x00, 0x00, 0x00, 0x00, 0x00, 0x00, 0x00, 0xCC, 0x99, 0x9A, 0x00, 0x00, 0x00, 0x00, 0x00, 0x00, 0x00, 0x00, 0x00, 0x00,
      0x00, 0x00, 0x00, 0x00, 0x00, 0x00, 0x00, 0x00, 0x00, 0x00, 0x00, 0x00, 0xCC, 0xCD, 0x00, 0x00, 0x00, 0x00, 0x00, 0x00, 0x00, 0x00, 0x00, 0x00,
      0x00, 0x00, 0x00, 0x00, 0x00, 0x00, 0x00, 0x00, 0x00, 0x00, 0x00, 0x00, 0x00, 0x00, 0x00, 0x00, 0x00, 0x00, 0x00, 0x00, 0x00, 0x00, 0x00, 0x00}},
    {{0x0000, 0xD696, 0xCE35, 0xC615, 0xB593, 0xA4F2, 0x942E, 0x838C, 0x634D, 0x52CB, 0x4A6A, 0x3A08, 0x31C7, 0x2986, 0x2105, 0x0000},
     {
      0x00, 0x00, 0x00, 0x00, 0x00, 0x00, 0x00, 0x00, 0x00, 0x00, 0x00, 0x00, 0x00, 0x00, 0x00, 0x00, 0x00, 0x00, 0x00, 0x00, 0x00, 0x00, 0x00, 0x00,
      0x00, 0x00, 0x00, 0x00, 0x00, 0x00, 0x00, 0x00, 0x00, 0x00, 0x00, 0x00, 0x00, 0x00, 0x00, 0x00, 0x00, 0x00, 0x00, 0x00, 0x00, 0x00, 0x00, 0x00,
      0x00, 0x00, 0x00, 0x00, 0x00, 0x00, 0x00, 0x00, 0x00, 0x00, 0x00, 0x0D, 0xAA, 0xE0, 0x00, 0x00, 0x00, 0x00, 0x00, 0x00, 0x00, 0x00, 0x00, 0x00,
      0x00, 0x00, 0x00, 0x00, 0x00, 0x00, 0x00, 0x00, 0x00, 0x00, 0x00, 0xDB, 0xA9, 0x8B, 0x88, 0xE0, 0x00, 0x00, 0x00, 0x00, 0x00, 0x00, 0x00, 0x00,
      0x00, 0x00, 0x00, 0x00, 0x00, 0x00, 0x00, 0x00, 0x00, 0x0E, 0xA9, 0x65, 0x46, 0xA8, 0x84, 0x4B, 0x00, 0x00, 0x00, 0x00, 0x00, 0x00, 0x00, 0x00,
      0x00, 0x00, 0x00, 0x00, 0x00, 0x00, 0x00, 0x0D, 0xB8, 0x65, 0x43, 0x33, 0x44, 0x59, 0x67, 0x34, 0xA0, 0x00, 0x00, 0x00, 0x00, 0x00, 0x00, 0x00,
      0x00, 0x00, 0x00, 0x00, 0xDD, 0xE0, 0xDB, 0x96, 0x23, 0x32, 0x22, 0x11, 0x14, 0x36, 0x88, 0x62, 0x5D, 0x00, 0x00, 0x00, 0x00, 0x00, 0x00, 0x00,
      0x00, 0x00, 0x00, 0xEC, 0xA8, 0x89, 0x76, 0x66, 0x64, 0x11, 0x11, 0x11, 0x12, 0x44, 0xA8, 0xA3, 0x29, 0xD0, 0x00, 0x00, 0x00, 0x00, 0x00, 0x00,
      0x00, 0x00, 0x0D, 0xB6, 0x47, 0xA8, 0x86, 0x46, 0x65, 0x11, 0x11, 0x22, 0x22, 0x44, 0x78, 0x95, 0x38, 0xB8, 0x88, 0xDA, 0xC0, 0x00, 0x00, 0x00,
      0x00, 0x00, 0xC6, 0x22, 0x24, 0x59, 0x88, 0x44, 0x66, 0x62, 0x22, 0x22, 0x22, 0x34, 0x4A, 0x9B, 0x8D, 0x87, 0x99, 0x79, 0x46, 0xB0, 0x00, 0x00,
      0x0D, 0xAC, 0x52, 0x22, 0x11, 0x35, 0xA8, 0x83, 0x66, 0x63, 0x22, 0x22, 0x22, 0x15, 0x8B, 0x96, 0x44, 0x45, 0x45, 0xA8, 0x83, 0x4A, 0x00, 0x00,
      0xB9, 0xC9, 0x32, 0x22, 0x11, 0x14, 0x88, 0x95, 0x67, 0x64, 0x12, 0x23, 0x67, 0x97, 0x54, 0x33, 0x32, 0x22, 0x53, 0x69, 0x85, 0x25, 0xE0, 0x00,
      0xA9, 0xC6, 0x32, 0x22, 0x22, 0x23, 0x5A, 0x88, 0x47, 0xAA, 0x98, 0x97, 0x77, 0x64, 0x23, 0x21, 0x11, 0x11, 0x14, 0x39, 0x89, 0x33, 0x9D, 0x00,
      0xC8, 0x9B, 0x53, 0x22, 0x22, 0x23, 0x59, 0x89, 0x3D, 0xCA, 0xA8, 0x89, 0x46, 0x66, 0x41, 0x11, 0x11, 0x12, 0x24, 0x35, 0x99, 0x63, 0x6B, 0x9C,
      0x0D, 0xA8, 0x98, 0x52, 0x22, 0x22, 0x48, 0x8A, 0xB6, 0x44, 0x58, 0x86, 0x74, 0x66, 0x62, 0x11, 0x22, 0x22, 0x22, 0x53, 0x98, 0x93, 0x4C, 0xAC,
      0x00, 0xDC, 0xA8, 0x89, 0x52, 0x23, 0x6B, 0xCB, 0x42, 0x22, 0x24, 0x88, 0x85, 0x46, 0x66, 0x22, 0x22, 0x22, 0x22, 0x52, 0x88, 0xA6, 0x99, 0x7C,
      0x00, 0xA9, 0xCC, 0xA8, 0x88, 0x78, 0x86, 0xB4, 0x22, 0x21, 0x11, 0x5A, 0x88, 0x36, 0x66, 0x22, 0x22, 0x22, 0x23, 0x47, 0x9B, 0x89, 0x89, 0xB0,
      0x00, 0xDB, 0x98, 0x59, 0xB9, 0x8A, 0xDC, 0x73, 0x22, 0x22, 0x12, 0x46, 0xA8, 0x65, 0x66, 0x52, 0x22, 0x25, 0x8A, 0xA8, 0x68, 0xAB, 0xAC, 0x00,
      0x0B, 0xDA, 0x98, 0x43, 0x58, 0xBB, 0x9A, 0x63, 0x22, 0x22, 0x22, 0x35, 0xA8, 0xA4, 0x76, 0x63, 0x67, 0x88, 0x78, 0x9A, 0xCD, 0xC8, 0x5C, 0x00,
      0xA9, 0x99, 0x98, 0x65, 0x43, 0x48, 0xB8, 0xA9, 0x32, 0x22, 0x22, 0x25, 0x88, 0xB4, 0x7B, 0x99, 0x67, 0x9A, 0xD9, 0x76, 0x8C, 0x97, 0x6E, 0x00,
      0xB8, 0x9A, 0x98, 0x66, 0x65, 0x55, 0x8D, 0x98, 0x97, 0x51, 0x22, 0x24, 0x8C, 0xBA, 0x88, 0x8A, 0xC9, 0x75, 0x33, 0x46, 0xAC, 0x99, 0xBC, 0xC0,
      0x0C, 0x88, 0xAE, 0x86, 0x66, 0x66, 0xCC, 0x8C, 0x98, 0x7A, 0xAA, 0xA9, 0x87, 0x89, 0xBD, 0xC6, 0x43, 0x34, 0x45, 0x66, 0xBB, 0x9C, 0x8A, 0x9C,
      0x00, 0xEB, 0x98, 0xDD, 0x9A, 0x9E, 0xDC, 0x5A, 0xDC, 0xA8, 0x88, 0x88, 0x9B, 0xCD, 0x77, 0x74, 0x45, 0x66, 0x66, 0x79, 0xBB, 0x99, 0x79, 0x8C,
      0x00, 0x00, 0xDA, 0x89, 0xAA, 0x78, 0xCC, 0x79, 0xA6, 0x69, 0x99, 0x99, 0x8D, 0x77, 0x77, 0x76, 0x66, 0x67, 0x8B, 0xBB, 0xAB, 0x9B, 0x98, 0xAD,
      0x00, 0x00, 0x00, 0xDB, 0x88, 0xAA, 0x79, 0xBA, 0xB6, 0x33, 0x33, 0x35, 0x6E, 0x89, 0x77, 0x76, 0x78, 0xCD, 0xA8, 0xBB, 0x99, 0x88, 0xCD, 0x00,
      0x00, 0x00, 0x00, 0x00, 0xDC, 0x87, 0x9C, 0x9A, 0xB6, 0x54, 0x44, 0x56, 0xBD, 0x8D, 0x79, 0xAA, 0xB9, 0x99, 0xA9, 0x88, 0xAD, 0xDD, 0x00, 0x00,
      0x00, 0x00, 0x00, 0x00, 0x00, 0xBD, 0x98, 0xAA, 0xA6, 0x66, 0x66, 0x68, 0xDD, 0x8E, 0xDA, 0x99, 0x98, 0x78, 0x9B, 0xED, 0x00, 0x00, 0x00, 0x00,
      0x00, 0x00, 0x00, 0x00, 0x00, 0x00, 0xEA, 0x68, 0xBD, 0x97, 0x76, 0xBD, 0x9C, 0x8C, 0x99, 0x98, 0x8B, 0xCC, 0x00, 0x00, 0x00, 0x00, 0x00, 0x00,
      0x00, 0x00, 0x00, 0x00, 0x00, 0x00, 0x00, 0xDB, 0x88, 0xDD, 0xCB, 0xAC, 0xBA, 0x88, 0x8A, 0xDE, 0xE0, 0x00, 0x00, 0x00, 0x00, 0x00, 0x00, 0x00,
      0x00, 0x00, 0x00, 0x00, 0x00, 0x00, 0x00, 0x00, 0xDB, 0x88, 0x88, 0x87, 0x89, 0xBD, 0xE0, 0x00, 0x00, 0x00, 0x00, 0x00, 0x00, 0x00, 0x00, 0x00,
      0x00, 0x00, 0x00, 0x00, 0x00, 0x00, 0x00, 0x00, 0x00, 0xED, 0xDD, 0xDD, 0xE0, 0x00, 0x00, 0x00, 0x00, 0x00, 0x00, 0x00, 0x00, 0x00, 0x00, 0x00,
      0x00, 0x00, 0x00, 0x00, 0x00, 0x00, 0x00, 0x00, 0x00, 0x00, 0x00, 0x00, 0x00, 0x00, 0x00, 0x00, 0x00, 0x00, 0x00, 0x00, 0x00, 0x00, 0x00, 0x00,
      0x00, 0x00, 0x00, 0x00, 0x00, 0x00, 0x00, 0x00, 0x00, 0x00, 0x00, 0x00, 0x00, 0x00, 0x00, 0x00, 0x00, 0x00, 0x00, 0x00, 0x00, 0x00, 0x00, 0x00,
      0x00, 0x00, 0x00, 0x00, 0x00, 0x00, 0x00, 0x00, 0x00, 0x00, 0x00, 0x00, 0x00, 0x00, 0x00, 0x00, 0x00, 0x00, 0x00, 0x00, 0x00, 0x00, 0x00, 0x00}},
    {{0x0000, 0xCE14, 0xAD52, 0xAC8D, 0x8450, 0x9B69, 0x738D, 0x632C, 0x6A88, 0x5AAA, 0x4A69, 0x4229, 0x39C7, 0x2966, 0x1904, 0x0000},
     {
      0x00, 0x00, 0x00, 0x00, 0x00, 0x00, 0x00, 0x00, 0x00, 0x00, 0x00, 0x00, 0x00, 0x00, 0x00, 0x00, 0x00, 0x00, 0x00, 0x00, 0x00, 0x00, 0x00, 0x00,
      0x00, 0x00, 0x00, 0x00, 0x00, 0x00, 0x00, 0x00, 0x00, 0x00, 0x00, 0x00, 0x00, 0x00, 0x00, 0x00, 0x00, 0x00, 0x00, 0x00, 0x00, 0x00, 0x00, 0x00,
      0x00, 0x00, 0x00, 0x00, 0x00, 0x00, 0x00, 0x00, 0x00, 0x00, 0x00, 0x00, 0x00, 0x00, 0x00, 0x00, 0x00, 0x00, 0x00, 0x00, 0x00, 0x00, 0x00, 0x00,
      0x00, 0x00, 0x00, 0x00, 0x00, 0x00, 0x00, 0x00, 0x00, 0x00, 0x00, 0x00, 0x00, 0x00, 0x00, 0x00, 0x00, 0x00, 0x00, 0x00, 0x00, 0x00, 0x00, 0x00,
      0x00, 0x00, 0x00, 0x00, 0x00, 0x00, 0x00, 0x00, 0x00, 0x00, 0x00, 0x00, 0x00, 0x00, 0x00, 0x00, 0x0E, 0xD0, 0x94, 0x47, 0x00, 0x00, 0x00, 0x00,
      0x00, 0x00, 0x00, 0x00, 0x00, 0x00, 0x00, 0x00, 0x00, 0x00, 0x00, 0x00, 0x00, 0x00, 0x00, 0x0D, 0xB5, 0x35, 0x66, 0x74, 0x29, 0x00, 0x00, 0x00,
      0x00, 0x00, 0x00, 0x00, 0x00, 0x00, 0x00, 0x00, 0x00, 0x00, 0x0D, 0x96, 0x90, 0x0D, 0xA9, 0x6A, 0xDB, 0xA5, 0x38, 0xA7, 0x41, 0x4B, 0x00, 0x00,
      0x00, 0x00, 0x00, 0x00, 0x00, 0x00, 0x00, 0x00, 0x00, 0x07, 0x41, 0x11, 0x14, 0xBA, 0xCC, 0x85, 0x8A, 0xBA, 0x85, 0x35, 0x22, 0x22, 0xB0, 0x00,
      0x00, 0x00, 0x00, 0x00, 0x00, 0x00, 0x00, 0x00, 0x0D, 0x97, 0x62, 0x21, 0x11, 0x14, 0xBB, 0x85, 0x58, 0xBA, 0xAA, 0x55, 0x64, 0x42, 0x7B, 0xD0,
      0x00, 0x00, 0x00, 0x00, 0x0D, 0xD0, 0x0C, 0xA9, 0x99, 0x9C, 0xEB, 0x64, 0x21, 0x11, 0x27, 0xB9, 0x77, 0xAB, 0xBA, 0xA5, 0x55, 0x56, 0x2B, 0xB0,
      0x00, 0x00, 0x00, 0x0C, 0xB6, 0x69, 0xCB, 0xBC, 0x76, 0xBB, 0xA9, 0xCC, 0x42, 0x21, 0x11, 0xBD, 0xE8, 0x33, 0x9B, 0x95, 0x55, 0x58, 0x49, 0x9D,
      0x00, 0x09, 0x74, 0x11, 0x38, 0x96, 0x8A, 0xA9, 0x7C, 0xAB, 0xA9, 0x96, 0x94, 0x11, 0x11, 0x79, 0x78, 0x31, 0x8A, 0xA8, 0x58, 0x88, 0x24, 0x9B,
      0x00, 0xD9, 0x42, 0x23, 0x33, 0x58, 0xA4, 0x59, 0xD7, 0x76, 0x9B, 0xCD, 0xC7, 0x21, 0x21, 0x2A, 0x6A, 0x11, 0x59, 0xCA, 0x55, 0x71, 0x24, 0xDE,
      0x0B, 0x79, 0x88, 0x42, 0x22, 0x11, 0x26, 0x65, 0xAC, 0xDC, 0xBA, 0x77, 0xB8, 0x41, 0x11, 0x17, 0x67, 0x53, 0x3D, 0xD9, 0x53, 0x74, 0x22, 0xCD,
      0xDB, 0x9B, 0x35, 0x8C, 0x22, 0x22, 0x26, 0xA3, 0x9C, 0xAD, 0x97, 0x77, 0x78, 0x72, 0x11, 0x14, 0xA7, 0xD8, 0xC7, 0x7C, 0x85, 0xA4, 0x22, 0xCE,
      0xDC, 0x79, 0x53, 0x86, 0xB1, 0x21, 0x85, 0xB6, 0x8C, 0x7C, 0xB6, 0x44, 0x49, 0x92, 0x11, 0x12, 0xDA, 0x67, 0x97, 0x9C, 0x85, 0xB7, 0x42, 0xCD,
      0xDA, 0xC7, 0x79, 0x68, 0x54, 0x21, 0x83, 0x87, 0x3C, 0xBA, 0xC7, 0x77, 0x7B, 0xB6, 0x22, 0x22, 0xC7, 0x75, 0x57, 0x7C, 0x85, 0xC7, 0x42, 0xDC,
      0xDB, 0xAC, 0xA6, 0xC3, 0x58, 0x11, 0x85, 0x5C, 0x59, 0xC7, 0xEC, 0xB9, 0x96, 0x77, 0x49, 0xB6, 0xC7, 0x53, 0x38, 0x9C, 0x85, 0xD9, 0x22, 0xCC,
      0xBB, 0xB5, 0x39, 0x93, 0x3C, 0x22, 0x26, 0x67, 0x68, 0xBA, 0x74, 0x67, 0xAC, 0xD7, 0x49, 0xA6, 0xC7, 0x31, 0x36, 0x9C, 0x85, 0x72, 0x24, 0xD0,
      0xBB, 0xB5, 0x16, 0x6A, 0x99, 0x62, 0x22, 0x24, 0x78, 0xC7, 0xBC, 0xBC, 0xBB, 0x57, 0x47, 0x76, 0xD7, 0x53, 0x57, 0x7C, 0x85, 0x96, 0x6C, 0x00,
      0xBB, 0xB5, 0x14, 0x79, 0xAB, 0xC2, 0x22, 0x47, 0x78, 0xCC, 0xD9, 0x99, 0xAD, 0xC7, 0x4A, 0x66, 0xC7, 0x96, 0x9A, 0xCC, 0x88, 0x44, 0x90, 0x00,
      0xCB, 0xB5, 0x35, 0x78, 0x35, 0xB2, 0x26, 0x77, 0x78, 0xCA, 0xED, 0xDB, 0xA7, 0x77, 0x4B, 0x94, 0xDB, 0xCC, 0xDD, 0xC8, 0x89, 0xBC, 0x00, 0x00,
      0xDA, 0x98, 0x58, 0x78, 0x35, 0xA2, 0x26, 0x7A, 0x78, 0xDC, 0xA7, 0x7A, 0xCD, 0xD6, 0x24, 0x47, 0xDC, 0xBB, 0xCE, 0xDD, 0x00, 0x00, 0x00, 0x00,
      0x0C, 0xBA, 0xBC, 0x7B, 0x85, 0xB2, 0x27, 0xBB, 0x78, 0xDB, 0xDD, 0xDD, 0xDB, 0x96, 0x66, 0x7D, 0xDD, 0xCD, 0x00, 0x00, 0x00, 0x00, 0x00, 0x00,
      0x0D, 0xAB, 0xBA, 0xA9, 0x9C, 0xB2, 0x22, 0x24, 0x98, 0xEE, 0xDB, 0xBA, 0xC9, 0x76, 0x69, 0xBA, 0xAA, 0xB0, 0x00, 0x00, 0x00, 0x00, 0x00, 0x00,
      0x00, 0xDC, 0xAB, 0xC5, 0x8B, 0x62, 0x44, 0x4B, 0x9D, 0xCB, 0xDD, 0xED, 0xBC, 0xCC, 0xD8, 0xAA, 0x9B, 0xD0, 0x00, 0x00, 0x00, 0x00, 0x00, 0x00,
      0x00, 0x0D, 0x9C, 0xB8, 0x89, 0x46, 0x64, 0xB8, 0xDD, 0xED, 0x88, 0xAB, 0xA9, 0x9A, 0xA5, 0xEE, 0xE0, 0x00, 0x00, 0x00, 0x00, 0x00, 0x00, 0x00,
      0x00, 0x00, 0xDD, 0xCB, 0x74, 0x64, 0x4C, 0xAC, 0x00, 0x00, 0xCC, 0xAB, 0xAC, 0xCC, 0xD0, 0x00, 0x00, 0x00, 0x00, 0x00, 0x00, 0x00, 0x00, 0x00,
      0x00, 0x00, 0x00, 0x0E, 0x9A, 0xBC, 0x00, 0x00, 0x00, 0x00, 0x00, 0xEE, 0x00, 0x00, 0x00, 0x00, 0x00, 0x00, 0x00, 0x00, 0x00, 0x00, 0x00, 0x00,
      0x00, 0x00, 0x00, 0x00, 0x00, 0x00, 0x00, 0x00, 0x00, 0x00, 0x00, 0x00, 0x00, 0x00, 0x00, 0x00, 0x00, 0x00, 0x00, 0x00, 0x00, 0x00, 0x00, 0x00,
      0x00, 0x00, 0x00, 0x00, 0x00, 0x00, 0x00, 0x00, 0x00, 0x00, 0x00, 0x00, 0x00, 0x00, 0x00, 0x00, 0x00, 0x00, 0x00, 0x00, 0x00, 0x00, 0x00, 0x00,
      0x00, 0x00, 0x00, 0x00, 0x00, 0x00, 0x00, 0x00, 0x00, 0x00, 0x00, 0x00, 0x00, 0x00, 0x00, 0x00, 0x00, 0x00, 0x00, 0x00, 0x00, 0x00, 0x00, 0x00,
      0x00, 0x00, 0x00, 0x00, 0x00, 0x00, 0x00, 0x00, 0x00, 0x00, 0x00, 0x00, 0x00, 0x00, 0x00, 0x00, 0x00, 0x00, 0x00, 0x00, 0x00, 0x00, 0x00, 0x00,
      0x00, 0x00, 0x00, 0x00, 0x00, 0x00, 0x00, 0x00, 0x00, 0x00, 0x00, 0x00, 0x00, 0x00, 0x00, 0x00, 0x00, 0x00, 0x00, 0x00, 0x00, 0x00, 0x00, 0x00}},
  },
};
