#pragma once
#include <stdint.h>
// Ship diagnostic: the player ship, side view (from art reference IMG_6500)
// 156x83 RGB565, 0 = transparent. Palette: #007373 / #5d005d / lime + neutrals.
static const int SHIP_ART_W = 156;
static const int SHIP_ART_H = 83;
static const uint16_t SHIP_ART[12948] = {
  0x0000, 0x0000, 0x0000, 0x0000, 0x0000, 0x0000, 0x0000, 0x0000, 0x0000, 0x0000, 0x0000, 0x0000,
  0x0000, 0x0000, 0x0000, 0x0000, 0x0000, 0x0000, 0x0000, 0x0000, 0x0000, 0x0000, 0x0000, 0x0000,
  0x0000, 0x0000, 0x0000, 0x0000, 0x0000, 0x0000, 0x0000, 0x0000, 0x0000, 0x0000, 0x0000, 0x0000,
  0x0000, 0x0000, 0x0000, 0x0000, 0x0000, 0x0000, 0x0000, 0x0000, 0x0000, 0x0000, 0x0000, 0x0000,
  0x0000, 0x0000, 0x0000, 0x0000, 0x0000, 0x0000, 0x0000, 0x0000, 0x0000, 0x0000, 0x0000, 0x0000,
  0x0000, 0x0000, 0x0000, 0x0000, 0x0000, 0x0000, 0x0000, 0x0000, 0x0000, 0x0000, 0x0000, 0x0000,
  0x0000, 0x0000, 0x0000, 0x0000, 0x0000, 0x0000, 0x0000, 0x0000, 0x0000, 0x0000, 0x0000, 0x0000,
  0x0000, 0x0000, 0x0000, 0x0000, 0x0000, 0x0000, 0x0000, 0x0000, 0x0000, 0x0000, 0x0000, 0x0000,
  0x0000, 0x0000, 0x0000, 0x0000, 0x0000, 0x0000, 0x0000, 0x0000, 0x0000, 0x0000, 0x0000, 0x0000,
  0x0000, 0x0000, 0x0000, 0x0000, 0x0000, 0x0000, 0x0000, 0x0000, 0x0000, 0x0000, 0x0000, 0x0000,
  0x0000, 0x0000, 0x0000, 0x0000, 0x0000, 0x0000, 0x0000, 0x0000, 0x0000, 0x0000, 0x0000, 0x0000,
  0x0000, 0x0000, 0x0000, 0x0000, 0x0000, 0x0000, 0x0000, 0x0000, 0x0000, 0x0000, 0x0000, 0x0000,
  0x0000, 0x0000, 0x0000, 0x0000, 0x0000, 0x0000, 0x0000, 0x0000, 0x0000, 0x0000, 0x0000, 0x0000,
  0x0000, 0x0000, 0x0000, 0x0000, 0x0000, 0x0000, 0x0000, 0x0000, 0x0000, 0x0000, 0x0000, 0x0000,
  0x0000, 0x0000, 0x0000, 0x0000, 0x0000, 0x0000, 0x0000, 0x0000, 0x0000, 0x0000, 0x0000, 0x0000,
  0x0000, 0x0000, 0x0000, 0x0000, 0x0000, 0x0000, 0x0000, 0x0000, 0x0000, 0x0000, 0x0000, 0x0000,
  0x0000, 0x0000, 0x0000, 0x0000, 0x0000, 0x0000, 0x0000, 0x0000, 0x0000, 0x0000, 0x0000, 0x0000,
  0x0000, 0x0000, 0x0000, 0x0000, 0x0000, 0x0000, 0x0000, 0x0000, 0x0000, 0x0000, 0x0000, 0x0000,
  0x0000, 0x0000, 0x0000, 0x0000, 0x0000, 0x0000, 0x0000, 0x0000, 0x0000, 0x0000, 0x0000, 0x0000,
  0x0000, 0x0000, 0x0000, 0x0000, 0x0000, 0x0000, 0x0000, 0x0000, 0x0000, 0x0000, 0x0000, 0x0000,
  0x0000, 0x0000, 0x0000, 0x0000, 0x0000, 0x0000, 0x0000, 0x0000, 0x0000, 0x0000, 0x0000, 0x0000,
  0x0000, 0x0000, 0x0000, 0x0000, 0x0000, 0x0000, 0x0000, 0x0000, 0x0000, 0x0000, 0x0000, 0x0000,
  0x0000, 0x0000, 0x0000, 0x0000, 0x0000, 0x0000, 0x0000, 0x0000, 0x0000, 0x0000, 0x0000, 0x0000,
  0x0000, 0x0000, 0x0000, 0x0000, 0x0000, 0x0000, 0x0000, 0x0000, 0x0000, 0x0000, 0x0000, 0x0000,
  0x0000, 0x0000, 0x0000, 0x0000, 0x0000, 0x0000, 0x0000, 0x0000, 0x0000, 0x0000, 0x0000, 0x0000,
  0x0000, 0x0000, 0x0000, 0x0000, 0x0000, 0x0000, 0x0000, 0x0000, 0x0000, 0x0000, 0x0000, 0x0000,
  0x0000, 0x0000, 0x0000, 0x0000, 0x0000, 0x0000, 0x0000, 0x0000, 0x0000, 0x0000, 0x0000, 0x0000,
  0x0000, 0x0000, 0x0000, 0x0000, 0x0000, 0x0000, 0x0000, 0x0000, 0x0000, 0x0000, 0x0000, 0x0000,
  0x0000, 0x0000, 0x0000, 0x0000, 0x0000, 0x0000, 0x0000, 0x0000, 0x0000, 0x0000, 0x0000, 0x0000,
  0x0000, 0x0000, 0x0000, 0x0000, 0x0000, 0x0000, 0x0000, 0x0000, 0x0000, 0x0000, 0x0000, 0x0000,
  0x0000, 0x0000, 0x0000, 0x0000, 0x0000, 0x0000, 0x0000, 0x0000, 0x0000, 0x0000, 0x0000, 0x0000,
  0x0000, 0x0000, 0x0000, 0x0000, 0x0000, 0x0000, 0x0000, 0x0000, 0x0000, 0x0000, 0x0000, 0x0000,
  0x0000, 0x0000, 0x0000, 0x0000, 0x0000, 0x0000, 0x0000, 0x0000, 0x0000, 0x0000, 0x0000, 0x0000,
  0x0000, 0x0000, 0x0000, 0x0000, 0x0000, 0x0000, 0x0000, 0x0000, 0x0000, 0x0000, 0x0000, 0x0000,
  0x0000, 0x0000, 0x0000, 0x0000, 0x0000, 0x0000, 0x0000, 0x0000, 0x0000, 0x0000, 0x0000, 0x0000,
  0x0000, 0x0000, 0x0000, 0x0000, 0x0000, 0x0000, 0x0000, 0x0000, 0x0000, 0x0000, 0x0000, 0x0000,
  0x0000, 0x0000, 0x0000, 0x0000, 0x0000, 0x0000, 0x0000, 0x0000, 0x0000, 0x0000, 0x0000, 0x0000,
  0x0000, 0x0000, 0x0000, 0x0000, 0x0000, 0x0000, 0x0000, 0x0000, 0x0000, 0x0000, 0x0000, 0x0000,
  0x0000, 0x0000, 0x0000, 0x0000, 0x0000, 0x0000, 0x0000, 0x0000, 0x0000, 0x0000, 0x0000, 0x0000,
  0x0000, 0x0000, 0x0000, 0x0000, 0x0000, 0x0000, 0x0000, 0x0000, 0x0000, 0x0000, 0x0000, 0x0000,
  0x0000, 0x0000, 0x0000, 0x0000, 0x0000, 0x0000, 0x0000, 0x0000, 0x0000, 0x0000, 0x0000, 0x0000,
  0x0000, 0x0000, 0x0000, 0x0000, 0x0000, 0x0000, 0x0000, 0x0000, 0x0000, 0x0000, 0x0000, 0x0000,
  0x0000, 0x0000, 0x0000, 0x0000, 0x0000, 0x0000, 0x0000, 0x0000, 0x0000, 0x0000, 0x0000, 0x0000,
  0x0000, 0x0000, 0x0000, 0x0000, 0x0000, 0x0000, 0x0000, 0x0000, 0x0000, 0x0000, 0x0000, 0x0000,
  0x0000, 0x0000, 0x0000, 0x0000, 0x0000, 0x0000, 0x0000, 0x0000, 0x0000, 0x0000, 0x0000, 0x0000,
  0x0000, 0x0000, 0x0000, 0x0000, 0x0000, 0x0000, 0x0000, 0x0000, 0x0000, 0x0000, 0x0000, 0x0000,
  0x0000, 0x0000, 0x0000, 0x0000, 0x0000, 0x0000, 0x0000, 0x0000, 0x0000, 0x0000, 0x0000, 0x0000,
  0x0000, 0x0000, 0x0000, 0x0000, 0x0000, 0x0000, 0x0000, 0x0000, 0x0000, 0x0000, 0x0000, 0x0000,
  0x0000, 0x0000, 0x0000, 0x0000, 0x0000, 0x0000, 0x0000, 0x0000, 0x0000, 0x0000, 0x0000, 0x0000,
  0x0000, 0x0000, 0x0000, 0x0000, 0x0000, 0x0000, 0x0000, 0x0000, 0x0000, 0x0000, 0x0000, 0x0000,
  0x0000, 0x0000, 0x0000, 0x0000, 0x0000, 0x0000, 0x0000, 0x0000, 0x0000, 0x0000, 0x0000, 0x0000,
  0x0000, 0x0000, 0x0000, 0x0000, 0x0000, 0x0000, 0x0000, 0x0000, 0x0000, 0x0000, 0x0000, 0x0000,
  0x0000, 0x0000, 0x0000, 0x0000, 0x0000, 0x0000, 0x0000, 0x0000, 0x0000, 0x0000, 0x0000, 0x0000,
  0x0000, 0x0000, 0x0000, 0x0000, 0x0000, 0x0000, 0x0000, 0x0000, 0x0000, 0x0000, 0x0000, 0x0000,
  0x0000, 0x0000, 0x0000, 0x0000, 0x0000, 0x0000, 0x0000, 0x0000, 0x0000, 0x0000, 0x0000, 0x0000,
  0x0000, 0x0000, 0x0000, 0x0000, 0x0000, 0x0842, 0x0842, 0x0000, 0x0000, 0x0000, 0x0000, 0x0000,
  0x0000, 0x0000, 0x0000, 0x0000, 0x0000, 0x0000, 0x0000, 0x0000, 0x0000, 0x0000, 0x0000, 0x0000,
  0x0000, 0x0000, 0x0000, 0x0000, 0x0000, 0x0000, 0x0000, 0x0000, 0x0000, 0x0000, 0x0000, 0x0000,
  0x0000, 0x0000, 0x0000, 0x0000, 0x0000, 0x0000, 0x0000, 0x0000, 0x0000, 0x0000, 0x0000, 0x0000,
  0x0000, 0x0000, 0x0000, 0x0000, 0x0000, 0x0000, 0x0000, 0x0000, 0x0000, 0x0000, 0x0000, 0x0000,
  0x0000, 0x0000, 0x0000, 0x0000, 0x0000, 0x0000, 0x0000, 0x0000, 0x0000, 0x0000, 0x0000, 0x0000,
  0x0000, 0x0000, 0x0000, 0x0000, 0x0000, 0x0000, 0x0000, 0x0000, 0x0000, 0x0000, 0x0000, 0x0000,
  0x0000, 0x0000, 0x0000, 0x0000, 0x0000, 0x0000, 0x0000, 0x0000, 0x0000, 0x0000, 0x0000, 0x0000,
  0x0000, 0x0000, 0x0000, 0x0000, 0x0000, 0x0000, 0x0000, 0x0000, 0x0000, 0x0000, 0x0000, 0x0000,
  0x0000, 0x0000, 0x0000, 0x0000, 0x0000, 0x0000, 0x0000, 0x0000, 0x0000, 0x0000, 0x0000, 0x0000,
  0x0000, 0x0000, 0x0000, 0x0000, 0x0000, 0x0000, 0x0000, 0x0000, 0x0000, 0x0000, 0x0000, 0x0000,
  0x0000, 0x0000, 0x0000, 0x0000, 0x0000, 0x0000, 0x0000, 0x0000, 0x0000, 0x0000, 0x0000, 0x0000,
  0x0000, 0x0000, 0x0000, 0x0000, 0x0000, 0x0000, 0x0000, 0x0000, 0x0000, 0x0000, 0x0000, 0x0000,
  0x0000, 0x0000, 0x0000, 0x0000, 0x0000, 0x0842, 0x4AAC, 0x0842, 0x0000, 0x0000, 0x0000, 0x0000,
  0x0000, 0x0000, 0x0000, 0x0000, 0x0000, 0x0000, 0x0000, 0x0000, 0x0000, 0x0000, 0x0000, 0x0000,
  0x0000, 0x0000, 0x0000, 0x0000, 0x0000, 0x0000, 0x0000, 0x0000, 0x0000, 0x0000, 0x0000, 0x0000,
  0x0000, 0x0000, 0x0000, 0x0000, 0x0000, 0x0000, 0x0000, 0x0000, 0x0000, 0x0000, 0x0000, 0x0000,
  0x0000, 0x0000, 0x0000, 0x0000, 0x0000, 0x0000, 0x0000, 0x0000, 0x0000, 0x0000, 0x0000, 0x0000,
  0x0000, 0x0000, 0x0000, 0x0000, 0x0000, 0x0000, 0x0000, 0x0000, 0x0000, 0x0000, 0x0000, 0x0000,
  0x0000, 0x0000, 0x0000, 0x0000, 0x0000, 0x0000, 0x0000, 0x0000, 0x0000, 0x0000, 0x0000, 0x0000,
  0x0000, 0x0000, 0x0000, 0x0000, 0x0000, 0x0000, 0x0000, 0x0000, 0x0000, 0x0000, 0x0000, 0x0000,
  0x0000, 0x0000, 0x0000, 0x0000, 0x0000, 0x0000, 0x0000, 0x0000, 0x0000, 0x0000, 0x0000, 0x0000,
  0x0000, 0x0000, 0x0000, 0x0000, 0x0000, 0x0000, 0x0000, 0x0000, 0x0000, 0x0000, 0x0000, 0x0000,
  0x0000, 0x0000, 0x0000, 0x0000, 0x0000, 0x0000, 0x0000, 0x0000, 0x0000, 0x0000, 0x0000, 0x0000,
  0x0000, 0x0000, 0x0000, 0x0000, 0x0000, 0x0000, 0x0000, 0x0000, 0x0000, 0x0000, 0x0000, 0x0000,
  0x0000, 0x0000, 0x0000, 0x0000, 0x0000, 0x0000, 0x0000, 0x0000, 0x0000, 0x0000, 0x0000, 0x0000,
  0x0000, 0x0000, 0x0000, 0x0000, 0x0000, 0x0842, 0x4AAC, 0x0842, 0x0000, 0x0000, 0x0000, 0x0000,
  0x0000, 0x0000, 0x0000, 0x0000, 0x0000, 0x0000, 0x0000, 0x0000, 0x0000, 0x0000, 0x0000, 0x0000,
  0x0000, 0x0000, 0x0000, 0x0000, 0x0000, 0x0000, 0x0000, 0x0000, 0x0000, 0x0000, 0x0000, 0x0000,
  0x0000, 0x0000, 0x0000, 0x0000, 0x0000, 0x0000, 0x0000, 0x0000, 0x0000, 0x0000, 0x0000, 0x0000,
  0x0000, 0x0000, 0x0000, 0x0000, 0x0000, 0x0000, 0x0000, 0x0000, 0x0000, 0x0000, 0x0000, 0x0000,
  0x0000, 0x0000, 0x0000, 0x0000, 0x0000, 0x0000, 0x0000, 0x0000, 0x0000, 0x0000, 0x0000, 0x0000,
  0x0000, 0x0000, 0x0000, 0x0000, 0x0000, 0x0000, 0x0000, 0x0000, 0x0000, 0x0000, 0x0000, 0x0000,
  0x0000, 0x0000, 0x0000, 0x0000, 0x0000, 0x0000, 0x0000, 0x0000, 0x0000, 0x0000, 0x0000, 0x0000,
  0x0000, 0x0000, 0x0000, 0x0000, 0x0000, 0x0000, 0x0000, 0x0000, 0x0000, 0x0000, 0x0000, 0x0000,
  0x0000, 0x0000, 0x0000, 0x0000, 0x0000, 0x0000, 0x0000, 0x0000, 0x0000, 0x0000, 0x0000, 0x0000,
  0x0000, 0x0000, 0x0000, 0x0000, 0x0000, 0x0000, 0x0000, 0x0000, 0x0000, 0x0000, 0x0000, 0x0000,
  0x0000, 0x0000, 0x0000, 0x0000, 0x0000, 0x0000, 0x0000, 0x0000, 0x0000, 0x0000, 0x0000, 0x0000,
  0x0000, 0x0000, 0x0000, 0x0000, 0x0000, 0x0000, 0x0000, 0x0000, 0x0000, 0x0000, 0x0000, 0x0000,
  0x0000, 0x0000, 0x0000, 0x0000, 0x0000, 0x0842, 0x8452, 0x0842, 0x0000, 0x0000, 0x0000, 0x0000,
  0x0000, 0x0000, 0x0000, 0x0000, 0x0000, 0x0000, 0x0000, 0x0000, 0x0000, 0x0000, 0x0000, 0x0000,
  0x0000, 0x0000, 0x0000, 0x0000, 0x0000, 0x0000, 0x0000, 0x0000, 0x0000, 0x0000, 0x0000, 0x0000,
  0x0000, 0x0000, 0x0000, 0x0000, 0x0000, 0x0000, 0x0000, 0x0000, 0x0000, 0x0000, 0x0000, 0x0000,
  0x0000, 0x0000, 0x0000, 0x0000, 0x0000, 0x0000, 0x0000, 0x0000, 0x0000, 0x0000, 0x0000, 0x0000,
  0x0000, 0x0000, 0x0000, 0x0000, 0x0000, 0x0000, 0x0000, 0x0000, 0x0000, 0x0000, 0x0000, 0x0000,
  0x0000, 0x0000, 0x0000, 0x0000, 0x0000, 0x0000, 0x0000, 0x0000, 0x0000, 0x0000, 0x0000, 0x0000,
  0x0000, 0x0000, 0x0000, 0x0000, 0x0000, 0x0000, 0x0000, 0x0000, 0x0000, 0x0000, 0x0000, 0x0000,
  0x0000, 0x0000, 0x0000, 0x0000, 0x0000, 0x0000, 0x0000, 0x0000, 0x0000, 0x0000, 0x0000, 0x0000,
  0x0000, 0x0000, 0x0000, 0x0000, 0x0000, 0x0000, 0x0000, 0x0000, 0x0000, 0x0000, 0x0000, 0x0000,
  0x0000, 0x0000, 0x0000, 0x0000, 0x0000, 0x0000, 0x0000, 0x0000, 0x0000, 0x0000, 0x0000, 0x0000,
  0x0000, 0x0000, 0x0000, 0x0000, 0x0000, 0x0000, 0x0000, 0x0000, 0x0000, 0x0000, 0x0000, 0x0000,
  0x0000, 0x0000, 0x0000, 0x0000, 0x0000, 0x0000, 0x0000, 0x0000, 0x0000, 0x0000, 0x0000, 0x0000,
  0x0000, 0x0000, 0x0000, 0x0000, 0x0000, 0x0842, 0x8452, 0x0842, 0x0000, 0x0000, 0x0000, 0x0000,
  0x0000, 0x0000, 0x0000, 0x0000, 0x0000, 0x0000, 0x0000, 0x0000, 0x0000, 0x0000, 0x0000, 0x0000,
  0x0000, 0x0000, 0x0000, 0x0000, 0x0000, 0x0000, 0x0000, 0x0000, 0x0000, 0x0000, 0x0000, 0x0000,
  0x0000, 0x0000, 0x0000, 0x0000, 0x0000, 0x0000, 0x0000, 0x0000, 0x0000, 0x0000, 0x0000, 0x0000,
  0x0000, 0x0000, 0x0000, 0x0000, 0x0000, 0x0000, 0x0000, 0x0000, 0x0000, 0x0000, 0x0000, 0x0000,
  0x0000, 0x0000, 0x0000, 0x0000, 0x0000, 0x0000, 0x0000, 0x0000, 0x0000, 0x0000, 0x0000, 0x0000,
  0x0000, 0x0000, 0x0000, 0x0000, 0x0000, 0x0000, 0x0000, 0x0000, 0x0000, 0x0000, 0x0000, 0x0000,
  0x0000, 0x0000, 0x0000, 0x0000, 0x0000, 0x0000, 0x0000, 0x0000, 0x0000, 0x0000, 0x0000, 0x0000,
  0x0000, 0x0000, 0x0000, 0x0000, 0x0000, 0x0000, 0x0000, 0x0000, 0x0000, 0x0000, 0x0000, 0x0000,
  0x0000, 0x0000, 0x0000, 0x0000, 0x0000, 0x0000, 0x0000, 0x0000, 0x0000, 0x0000, 0x0000, 0x0000,
  0x0000, 0x0000, 0x0000, 0x0000, 0x0000, 0x0000, 0x0000, 0x0000, 0x0000, 0x0000, 0x0000, 0x0000,
  0x0000, 0x0000, 0x0000, 0x0000, 0x0000, 0x0000, 0x0000, 0x0000, 0x0000, 0x0000, 0x0000, 0x0000,
  0x0000, 0x0000, 0x0000, 0x0000, 0x0000, 0x0000, 0x0000, 0x0000, 0x0000, 0x0000, 0x0000, 0x0000,
  0x0000, 0x0000, 0x0000, 0x0000, 0x0000, 0x0842, 0x0842, 0x0000, 0x0000, 0x0000, 0x0000, 0x0000,
  0x0000, 0x0000, 0x0000, 0x0000, 0x0000, 0x0000, 0x0000, 0x0000, 0x0000, 0x0000, 0x0000, 0x0000,
  0x0000, 0x0000, 0x0000, 0x0000, 0x0000, 0x0000, 0x0000, 0x0000, 0x0000, 0x0000, 0x0000, 0x0000,
  0x0000, 0x0000, 0x0000, 0x0000, 0x0000, 0x0000, 0x0000, 0x0000, 0x0000, 0x0000, 0x0000, 0x0000,
  0x0000, 0x0000, 0x0000, 0x0000, 0x0000, 0x0000, 0x0000, 0x0000, 0x0000, 0x0000, 0x0000, 0x0000,
  0x0000, 0x0000, 0x0000, 0x0000, 0x0000, 0x0000, 0x0000, 0x0000, 0x0000, 0x0000, 0x0000, 0x0000,
  0x0000, 0x0000, 0x0000, 0x0000, 0x0000, 0x0000, 0x0000, 0x0000, 0x0000, 0x0000, 0x0000, 0x0000,
  0x0000, 0x0000, 0x0000, 0x0000, 0x0000, 0x0000, 0x0000, 0x0000, 0x0000, 0x0000, 0x0000, 0x0000,
  0x0000, 0x0000, 0x0000, 0x0000, 0x0000, 0x0000, 0x0000, 0x0000, 0x0000, 0x0000, 0x0000, 0x0000,
  0x0000, 0x0000, 0x0000, 0x0000, 0x0000, 0x0000, 0x0000, 0x0000, 0x0000, 0x0000, 0x0000, 0x0000,
  0x0000, 0x0000, 0x0000, 0x0000, 0x0000, 0x0000, 0x0000, 0x0000, 0x0000, 0x0000, 0x0000, 0x0000,
  0x0000, 0x0000, 0x0000, 0x0000, 0x0000, 0x0000, 0x0000, 0x0000, 0x0000, 0x0000, 0x0000, 0x0000,
  0x0000, 0x0000, 0x0000, 0x0000, 0x0000, 0x0000, 0x0000, 0x0000, 0x0000, 0x0000, 0x0000, 0x0000,
  0x0000, 0x0000, 0x0000, 0x0000, 0x0000, 0x0842, 0x0842, 0x0000, 0x0000, 0x0000, 0x0000, 0x0000,
  0x0000, 0x0000, 0x0000, 0x0000, 0x0000, 0x0000, 0x0000, 0x0000, 0x0000, 0x0000, 0x0000, 0x0000,
  0x0000, 0x0000, 0x0000, 0x0000, 0x0000, 0x0000, 0x0000, 0x0000, 0x0000, 0x0000, 0x0000, 0x0000,
  0x0000, 0x0000, 0x0000, 0x0000, 0x0000, 0x0000, 0x0000, 0x0000, 0x0000, 0x0000, 0x0000, 0x0000,
  0x0000, 0x0000, 0x0000, 0x0000, 0x0000, 0x0000, 0x0000, 0x0000, 0x0000, 0x0000, 0x0000, 0x0000,
  0x0000, 0x0000, 0x0000, 0x0000, 0x0000, 0x0000, 0x0000, 0x0000, 0x0000, 0x0000, 0x0000, 0x0000,
  0x0000, 0x0000, 0x0000, 0x0000, 0x0000, 0x0000, 0x0000, 0x0000, 0x0000, 0x0000, 0x0000, 0x0000,
  0x0000, 0x0000, 0x0000, 0x0000, 0x0000, 0x0000, 0x0000, 0x0000, 0x0000, 0x0000, 0x0000, 0x0000,
  0x0000, 0x0000, 0x0000, 0x0000, 0x0000, 0x0000, 0x0000, 0x0000, 0x0000, 0x0000, 0x0000, 0x0000,
  0x0000, 0x0000, 0x0000, 0x0000, 0x0000, 0x0000, 0x0000, 0x0000, 0x0000, 0x0000, 0x0000, 0x0000,
  0x0000, 0x0000, 0x0000, 0x0000, 0x0000, 0x0000, 0x0000, 0x0000, 0x0000, 0x0000, 0x0000, 0x0000,
  0x0000, 0x0000, 0x0000, 0x0000, 0x0000, 0x0000, 0x0000, 0x0000, 0x0000, 0x0000, 0x0000, 0x0000,
  0x0000, 0x0000, 0x0000, 0x0000, 0x0000, 0x0000, 0x0000, 0x0000, 0x0000, 0x0000, 0x0000, 0x0000,
  0x0000, 0x0000, 0x0000, 0x0000, 0x0000, 0x0842, 0x0842, 0x0000, 0x0000, 0x0000, 0x0000, 0x0000,
  0x0000, 0x0000, 0x0000, 0x0000, 0x0000, 0x0000, 0x0000, 0x0000, 0x0000, 0x0000, 0x0000, 0x0000,
  0x0000, 0x0000, 0x0000, 0x0000, 0x0000, 0x0000, 0x0000, 0x0000, 0x0000, 0x0000, 0x0000, 0x0000,
  0x0000, 0x0000, 0x0000, 0x0000, 0x0000, 0x0000, 0x0000, 0x0000, 0x0000, 0x0000, 0x0000, 0x0000,
  0x0000, 0x0000, 0x0000, 0x0000, 0x0000, 0x0000, 0x0000, 0x0000, 0x0000, 0x0000, 0x0000, 0x0000,
  0x0000, 0x0000, 0x0000, 0x0000, 0x0000, 0x0000, 0x0000, 0x0000, 0x0000, 0x0000, 0x0000, 0x0000,
  0x0000, 0x0000, 0x0000, 0x0000, 0x0000, 0x0000, 0x0000, 0x0000, 0x0000, 0x0000, 0x0000, 0x0000,
  0x0000, 0x0000, 0x0000, 0x0000, 0x0000, 0x0000, 0x0000, 0x0000, 0x0000, 0x0000, 0x0000, 0x0000,
  0x0000, 0x0000, 0x0000, 0x0000, 0x0000, 0x0000, 0x0000, 0x0000, 0x0000, 0x0000, 0x0000, 0x0000,
  0x0000, 0x0000, 0x0000, 0x0000, 0x0000, 0x0000, 0x0000, 0x0000, 0x0000, 0x0000, 0x0000, 0x0000,
  0x0000, 0x0000, 0x0000, 0x0000, 0x0000, 0x0000, 0x0000, 0x0000, 0x0000, 0x0000, 0x0000, 0x0000,
  0x0000, 0x0000, 0x0000, 0x0000, 0x0000, 0x0000, 0x0000, 0x0000, 0x0000, 0x0000, 0x0000, 0x0000,
  0x0000, 0x0000, 0x0000, 0x0000, 0x0000, 0x0000, 0x0000, 0x0000, 0x0000, 0x0000, 0x0000, 0x0000,
  0x0000, 0x0000, 0x0000, 0x0000, 0x0000, 0x0842, 0x0842, 0x0000, 0x0000, 0x0000, 0x0000, 0x0000,
  0x0000, 0x0000, 0x0000, 0x0000, 0x0000, 0x0000, 0x0000, 0x0000, 0x0000, 0x0000, 0x0000, 0x0000,
  0x0000, 0x0000, 0x0000, 0x0000, 0x0000, 0x0000, 0x0000, 0x0000, 0x0000, 0x0000, 0x0000, 0x0000,
  0x0000, 0x0000, 0x0000, 0x0000, 0x0000, 0x0000, 0x0000, 0x0000, 0x0000, 0x0000, 0x0000, 0x0000,
  0x0000, 0x0000, 0x0000, 0x0000, 0x0000, 0x0000, 0x0000, 0x0000, 0x0000, 0x0000, 0x0000, 0x0000,
  0x0000, 0x0000, 0x0000, 0x0000, 0x0000, 0x0000, 0x0000, 0x0000, 0x0000, 0x0000, 0x0000, 0x0000,
  0x0000, 0x0000, 0x0000, 0x0000, 0x0000, 0x0000, 0x0000, 0x0000, 0x0000, 0x0000, 0x0000, 0x0000,
  0x0000, 0x0000, 0x0000, 0x0000, 0x0000, 0x0000, 0x0000, 0x0000, 0x0000, 0x0000, 0x0000, 0x0000,
  0x0000, 0x0000, 0x0000, 0x0000, 0x0000, 0x0000, 0x0000, 0x0000, 0x0000, 0x0000, 0x0000, 0x0000,
  0x0000, 0x0000, 0x0000, 0x0000, 0x0000, 0x0000, 0x0000, 0x0000, 0x0000, 0x0000, 0x0000, 0x0000,
  0x0000, 0x0000, 0x0000, 0x0000, 0x0000, 0x0000, 0x0000, 0x0000, 0x0000, 0x0000, 0x0000, 0x0000,
  0x0000, 0x0000, 0x0000, 0x0000, 0x0000, 0x0000, 0x0000, 0x0000, 0x0000, 0x0000, 0x0000, 0x0000,
  0x0000, 0x0000, 0x0000, 0x0000, 0x0000, 0x0000, 0x0000, 0x0000, 0x0000, 0x0000, 0x0000, 0x0000,
  0x0000, 0x0000, 0x0000, 0x0000, 0x0000, 0x0842, 0x0842, 0x0000, 0x0000, 0x0000, 0x0000, 0x0000,
  0x0000, 0x0000, 0x0000, 0x0000, 0x0000, 0x0000, 0x0000, 0x0000, 0x0000, 0x0000, 0x0000, 0x0000,
  0x0000, 0x0000, 0x0000, 0x0000, 0x0000, 0x0000, 0x0000, 0x0000, 0x0000, 0x0000, 0x0000, 0x0000,
  0x0000, 0x0000, 0x0000, 0x0000, 0x0000, 0x0000, 0x0000, 0x0000, 0x0000, 0x0000, 0x0000, 0x0000,
  0x0000, 0x0000, 0x0000, 0x0000, 0x0000, 0x0000, 0x0000, 0x0000, 0x0000, 0x0000, 0x0000, 0x0000,
  0x0000, 0x0000, 0x0000, 0x0000, 0x0000, 0x0000, 0x0000, 0x0000, 0x0000, 0x0000, 0x0000, 0x0000,
  0x0000, 0x0000, 0x0000, 0x0000, 0x0000, 0x0000, 0x0000, 0x0000, 0x0000, 0x0000, 0x0000, 0x0000,
  0x0000, 0x0000, 0x0000, 0x0000, 0x0000, 0x0000, 0x0000, 0x0000, 0x0000, 0x0000, 0x0000, 0x0000,
  0x0000, 0x0000, 0x0000, 0x0000, 0x0000, 0x0000, 0x0000, 0x0000, 0x0000, 0x0000, 0x0000, 0x0000,
  0x0000, 0x0000, 0x0000, 0x0000, 0x0000, 0x0000, 0x0000, 0x0000, 0x0000, 0x0000, 0x0000, 0x0000,
  0x0000, 0x0000, 0x0000, 0x0000, 0x0000, 0x0000, 0x0000, 0x0000, 0x0000, 0x0000, 0x0000, 0x0000,
  0x0000, 0x0000, 0x0000, 0x0000, 0x0000, 0x0000, 0x0000, 0x0000, 0x0000, 0x0000, 0x0000, 0x0000,
  0x0000, 0x0000, 0x0000, 0x0000, 0x0000, 0x0000, 0x0000, 0x0000, 0x0000, 0x0000, 0x0000, 0x0000,
  0x0000, 0x0000, 0x0000, 0x0000, 0x0000, 0x0842, 0x0842, 0x0000, 0x0000, 0x0000, 0x0000, 0x0000,
  0x0000, 0x0000, 0x0000, 0x0000, 0x0000, 0x0000, 0x0000, 0x0000, 0x0000, 0x0000, 0x0000, 0x0000,
  0x0000, 0x0000, 0x0000, 0x0000, 0x0000, 0x0000, 0x0000, 0x0000, 0x0000, 0x0000, 0x0000, 0x0000,
  0x0000, 0x0000, 0x0000, 0x0000, 0x0000, 0x0000, 0x0000, 0x0000, 0x0000, 0x0000, 0x0000, 0x0000,
  0x0000, 0x0000, 0x0000, 0x0000, 0x0000, 0x0000, 0x0000, 0x0000, 0x0000, 0x0000, 0x0000, 0x0000,
  0x0000, 0x0000, 0x0000, 0x0000, 0x0000, 0x0000, 0x0000, 0x0000, 0x0000, 0x0000, 0x0000, 0x0000,
  0x0000, 0x0000, 0x0000, 0x0000, 0x0000, 0x0000, 0x0000, 0x0000, 0x0000, 0x0000, 0x0000, 0x0000,
  0x0000, 0x0000, 0x0000, 0x0000, 0x0000, 0x0000, 0x0000, 0x0000, 0x0000, 0x0000, 0x0000, 0x0000,
  0x0000, 0x0000, 0x0000, 0x0000, 0x0000, 0x0000, 0x0000, 0x0000, 0x0000, 0x0000, 0x0000, 0x0000,
  0x0000, 0x0000, 0x0000, 0x0000, 0x0000, 0x0000, 0x0000, 0x0000, 0x0000, 0x0000, 0x0000, 0x0000,
  0x0000, 0x0000, 0x0000, 0x0000, 0x0000, 0x0000, 0x0000, 0x0000, 0x0000, 0x0000, 0x0000, 0x0000,
  0x0000, 0x0000, 0x0000, 0x0000, 0x0000, 0x0000, 0x0000, 0x0000, 0x0000, 0x0000, 0x0000, 0x0000,
  0x0000, 0x0000, 0x0000, 0x0000, 0x0000, 0x0000, 0x0000, 0x0000, 0x0000, 0x0000, 0x0000, 0x0000,
  0x0000, 0x0000, 0x0842, 0x0842, 0x0000, 0x0842, 0x0842, 0x0000, 0x0000, 0x0000, 0x0000, 0x0000,
  0x0000, 0x0000, 0x0000, 0x0000, 0x0000, 0x0000, 0x0000, 0x0000, 0x0000, 0x0000, 0x0000, 0x0000,
  0x0000, 0x0000, 0x0000, 0x0000, 0x0000, 0x0000, 0x0000, 0x0000, 0x0000, 0x0000, 0x0000, 0x0000,
  0x0000, 0x0000, 0x0000, 0x0000, 0x0000, 0x0000, 0x0000, 0x0000, 0x0000, 0x0000, 0x0000, 0x0000,
  0x0000, 0x0000, 0x0000, 0x0000, 0x0000, 0x0000, 0x0000, 0x0000, 0x0000, 0x0000, 0x0000, 0x0000,
  0x0000, 0x0000, 0x0000, 0x0000, 0x0000, 0x0000, 0x0000, 0x0000, 0x0000, 0x0000, 0x0000, 0x0000,
  0x0000, 0x0000, 0x0000, 0x0000, 0x0000, 0x0000, 0x0000, 0x0000, 0x0000, 0x0000, 0x0000, 0x0000,
  0x0000, 0x0000, 0x0000, 0x0000, 0x0000, 0x0000, 0x0000, 0x0000, 0x0000, 0x0000, 0x0000, 0x0000,
  0x0000, 0x0000, 0x0000, 0x0000, 0x0000, 0x0000, 0x0000, 0x0000, 0x0000, 0x0000, 0x0000, 0x0000,
  0x0000, 0x0000, 0x0000, 0x0000, 0x0000, 0x0000, 0x0000, 0x0000, 0x0000, 0x0000, 0x0000, 0x0000,
  0x0000, 0x0000, 0x0000, 0x0000, 0x0000, 0x0000, 0x0000, 0x0000, 0x0000, 0x0000, 0x0000, 0x0000,
  0x0000, 0x0000, 0x0000, 0x0000, 0x0000, 0x0000, 0x0000, 0x0000, 0x0000, 0x0000, 0x0000, 0x0000,
  0x0000, 0x0000, 0x0000, 0x0000, 0x0000, 0x0000, 0x0000, 0x0842, 0x0000, 0x0000, 0x0000, 0x0000,
  0x0000, 0x0000, 0x0842, 0x0842, 0x0000, 0x0842, 0x0842, 0x0000, 0x0000, 0x0000, 0x0000, 0x0000,
  0x0000, 0x0000, 0x0000, 0x0000, 0x0000, 0x0000, 0x0000, 0x0000, 0x0000, 0x0000, 0x0000, 0x0000,
  0x0000, 0x0000, 0x0000, 0x0000, 0x0000, 0x0000, 0x0000, 0x0000, 0x0000, 0x0000, 0x0000, 0x0000,
  0x0000, 0x0000, 0x0000, 0x0000, 0x0000, 0x0000, 0x0000, 0x0000, 0x0000, 0x0000, 0x0000, 0x0000,
  0x0000, 0x0000, 0x0000, 0x0000, 0x0842, 0x0000, 0x0000, 0x0000, 0x0842, 0x0842, 0x0000, 0x0000,
  0x0000, 0x0000, 0x0000, 0x0000, 0x0000, 0x0000, 0x0000, 0x0000, 0x0000, 0x0000, 0x0000, 0x0000,
  0x0000, 0x0000, 0x0000, 0x0000, 0x0000, 0x0000, 0x0000, 0x0000, 0x0000, 0x0000, 0x0000, 0x0000,
  0x0000, 0x0000, 0x0000, 0x0000, 0x0000, 0x0000, 0x0000, 0x0000, 0x0000, 0x0000, 0x0000, 0x0000,
  0x0000, 0x0000, 0x0000, 0x0000, 0x0000, 0x0000, 0x0000, 0x0000, 0x0000, 0x0000, 0x0000, 0x0000,
  0x0000, 0x0000, 0x0000, 0x0000, 0x0000, 0x0000, 0x0000, 0x0000, 0x0000, 0x0000, 0x0000, 0x0000,
  0x0000, 0x0000, 0x0000, 0x0000, 0x0000, 0x0000, 0x0000, 0x0000, 0x0000, 0x0000, 0x0000, 0x0000,
  0x0000, 0x0000, 0x0000, 0x0000, 0x0000, 0x0000, 0x0000, 0x0000, 0x0000, 0x0000, 0x0842, 0x0842,
  0x0000, 0x0000, 0x0000, 0x0000, 0x0000, 0x0842, 0x0842, 0x0842, 0x0842, 0x0000, 0x0000, 0x0000,
  0x0000, 0x0842, 0x8452, 0x0842, 0x0000, 0x0842, 0x0842, 0x0000, 0x0000, 0x0842, 0x0842, 0x0000,
  0x0000, 0x0000, 0x0000, 0x0000, 0x0000, 0x0000, 0x0000, 0x0000, 0x0000, 0x0000, 0x0000, 0x0000,
  0x0000, 0x0000, 0x0000, 0x0000, 0x0000, 0x0000, 0x0000, 0x0000, 0x0000, 0x0000, 0x0000, 0x0000,
  0x0000, 0x0000, 0x0000, 0x0000, 0x0000, 0x0000, 0x0000, 0x0000, 0x0000, 0x0000, 0x0000, 0x0000,
  0x0000, 0x0000, 0x0000, 0x0000, 0x0842, 0x0842, 0x0000, 0x0000, 0x0842, 0x8452, 0x0842, 0x0000,
  0x0000, 0x0000, 0x0000, 0x0000, 0x0000, 0x0000, 0x0000, 0x0000, 0x0000, 0x0000, 0x0000, 0x0000,
  0x0000, 0x0000, 0x0000, 0x0000, 0x0000, 0x0000, 0x0000, 0x0000, 0x0000, 0x0000, 0x0000, 0x0000,
  0x0000, 0x0000, 0x0000, 0x0000, 0x0000, 0x0000, 0x0000, 0x0000, 0x0000, 0x0000, 0x0000, 0x0000,
  0x0000, 0x0000, 0x0000, 0x0000, 0x0000, 0x0000, 0x0000, 0x0000, 0x0000, 0x0000, 0x0000, 0x0000,
  0x0000, 0x0000, 0x0000, 0x0000, 0x0000, 0x0000, 0x0000, 0x0000, 0x0000, 0x0000, 0x0000, 0x0000,
  0x0000, 0x0000, 0x0000, 0x0000, 0x0000, 0x0000, 0x0000, 0x0000, 0x0000, 0x0000, 0x0000, 0x0000,
  0x0000, 0x0000, 0x0000, 0x0000, 0x0000, 0x0000, 0x0000, 0x0000, 0x0000, 0x0842, 0x0842, 0xB5F8,
  0x0842, 0x0842, 0x0000, 0x0000, 0x0842, 0x8452, 0x8452, 0x4AAC, 0x4AAC, 0x0842, 0x0000, 0x0000,
  0x0000, 0x0842, 0x8452, 0x0842, 0x0000, 0x0842, 0x0842, 0x0000, 0x0842, 0xB5F8, 0x2146, 0x0842,
  0x0000, 0x0000, 0x0000, 0x0000, 0x0000, 0x0842, 0x0000, 0x0000, 0x0000, 0x0000, 0x0000, 0x0000,
  0x0000, 0x0000, 0x0000, 0x0000, 0x0000, 0x0000, 0x0000, 0x0000, 0x0000, 0x0000, 0x0000, 0x0000,
  0x0000, 0x0000, 0x0000, 0x0000, 0x0000, 0x0000, 0x0000, 0x0000, 0x0000, 0x0000, 0x0000, 0x0000,
  0x0000, 0x0000, 0x0000, 0x0000, 0x0000, 0x0842, 0x0842, 0x0000, 0x0000, 0x0842, 0x8452, 0x0842,
  0x0000, 0x0000, 0x0000, 0x0000, 0x0000, 0x0000, 0x0000, 0x0000, 0x0000, 0x0000, 0x0000, 0x0000,
  0x0000, 0x0000, 0x0000, 0x0000, 0x0000, 0x0000, 0x0000, 0x0000, 0x0000, 0x0000, 0x0000, 0x0000,
  0x0000, 0x0000, 0x0000, 0x0000, 0x0000, 0x0000, 0x0000, 0x0000, 0x0000, 0x0000, 0x0000, 0x0000,
  0x0000, 0x0000, 0x0000, 0x0000, 0x0000, 0x0000, 0x0000, 0x0000, 0x0000, 0x0000, 0x0000, 0x0000,
  0x0000, 0x0000, 0x0000, 0x0000, 0x0000, 0x0000, 0x0000, 0x0000, 0x0000, 0x0000, 0x0000, 0x0000,
  0x0000, 0x0000, 0x0000, 0x0000, 0x0000, 0x0000, 0x0000, 0x0000, 0x0000, 0x0000, 0x0000, 0x0000,
  0x0000, 0x0000, 0x0000, 0x0000, 0x0000, 0x0000, 0x0000, 0x0000, 0x0000, 0x0000, 0x0842, 0x2146,
  0x2146, 0xEF7D, 0x0842, 0x0842, 0x4AAC, 0x8452, 0x8452, 0x4AAC, 0xB5F8, 0x0842, 0x0000, 0x0000,
  0x0000, 0x0000, 0x0842, 0x0842, 0x0000, 0x0842, 0x0842, 0x0000, 0x0842, 0x4AAC, 0xB5F8, 0xB5F8,
  0x0842, 0x0842, 0x0000, 0x0000, 0x0842, 0xB5F8, 0x0842, 0x0000, 0x0000, 0x0000, 0x0000, 0x0000,
  0x0000, 0x0000, 0x0000, 0x0000, 0x0000, 0x0000, 0x0000, 0x0000, 0x0000, 0x0000, 0x0000, 0x0000,
  0x0000, 0x0000, 0x0000, 0x0000, 0x0000, 0x0000, 0x0000, 0x0000, 0x0000, 0x0000, 0x0000, 0x0000,
  0x0000, 0x0000, 0x0000, 0x0000, 0x0000, 0x0000, 0x0842, 0x0842, 0x0000, 0x0000, 0x0842, 0x8452,
  0x0842, 0x0000, 0x0000, 0x0000, 0x0000, 0x0000, 0x0000, 0x0000, 0x0000, 0x0000, 0x0000, 0x0000,
  0x0000, 0x0000, 0x0000, 0x0000, 0x0000, 0x0000, 0x0000, 0x0000, 0x0000, 0x0000, 0x0000, 0x0000,
  0x0000, 0x0000, 0x0000, 0x0000, 0x0000, 0x0000, 0x0000, 0x0000, 0x0000, 0x0000, 0x0000, 0x0000,
  0x0000, 0x0000, 0x0000, 0x0000, 0x0000, 0x0000, 0x0000, 0x0000, 0x0000, 0x0000, 0x0000, 0x0000,
  0x0000, 0x0000, 0x0000, 0x0000, 0x0000, 0x0000, 0x0000, 0x0000, 0x0000, 0x0000, 0x0000, 0x0000,
  0x0000, 0x0000, 0x0000, 0x0000, 0x0000, 0x0000, 0x0000, 0x0000, 0x0000, 0x0000, 0x0000, 0x0000,
  0x0000, 0x0000, 0x0000, 0x0000, 0x0000, 0x0000, 0x0000, 0x0000, 0x0000, 0x0000, 0x0842, 0x0842,
  0x8452, 0x0842, 0xE6F9, 0x8452, 0x8452, 0x8452, 0x4AAC, 0x4AAC, 0xB5F8, 0x0842, 0x0000, 0x0000,
  0x0000, 0x0000, 0x0842, 0x0842, 0x0000, 0x0842, 0x0842, 0x0000, 0x0842, 0x4AAC, 0xEF7D, 0xB5F8,
  0xB5F8, 0xB5F8, 0x0842, 0x0842, 0x8452, 0x0842, 0x0000, 0x0000, 0x0000, 0x0000, 0x0000, 0x0000,
  0x0000, 0x0000, 0x0000, 0x0000, 0x0000, 0x0000, 0x0000, 0x0000, 0x0000, 0x0000, 0x0000, 0x0000,
  0x0000, 0x0000, 0x0000, 0x0000, 0x0000, 0x0000, 0x0000, 0x0000, 0x0000, 0x0000, 0x0000, 0x0000,
  0x0000, 0x0000, 0x0000, 0x0000, 0x0000, 0x0000, 0x0000, 0x0842, 0x0842, 0x0000, 0x0000, 0x0842,
  0x8452, 0x0842, 0x0000, 0x0000, 0x0000, 0x0000, 0x0000, 0x0000, 0x0000, 0x0000, 0x0000, 0x0000,
  0x0000, 0x0000, 0x0000, 0x0000, 0x0000, 0x0000, 0x0000, 0x0000, 0x0000, 0x0000, 0x0000, 0x0000,
  0x0000, 0x0000, 0x0000, 0x0000, 0x0000, 0x0000, 0x0000, 0x0000, 0x0000, 0x0000, 0x0000, 0x0000,
  0x0000, 0x0000, 0x0000, 0x0000, 0x0000, 0x0000, 0x0000, 0x0000, 0x0000, 0x0000, 0x0000, 0x0000,
  0x0000, 0x0000, 0x0000, 0x0000, 0x0000, 0x0000, 0x0000, 0x0000, 0x0000, 0x0000, 0x0000, 0x0000,
  0x0000, 0x0000, 0x0000, 0x0000, 0x0000, 0x0000, 0x0000, 0x0000, 0x0000, 0x0000, 0x0000, 0x0000,
  0x0000, 0x0000, 0x0000, 0x0000, 0x0000, 0x0000, 0x0000, 0x0000, 0x0000, 0x0000, 0x0000, 0x0842,
  0xB5F8, 0x2146, 0x8452, 0x8452, 0x8452, 0x8452, 0x4AAC, 0xB5F8, 0xB5F8, 0x0842, 0x0000, 0x0000,
  0x0000, 0x0000, 0x0842, 0x0842, 0x0000, 0x0842, 0x0842, 0x0000, 0x0842, 0x0842, 0x8452, 0xB5F8,
  0xB5F8, 0x8452, 0x8452, 0x8452, 0x0842, 0x0000, 0x0000, 0x0000, 0x0000, 0x0000, 0x0000, 0x0000,
  0x0000, 0x0000, 0x0000, 0x0000, 0x0000, 0x0000, 0x0000, 0x0000, 0x0000, 0x0000, 0x0000, 0x0000,
  0x0000, 0x0000, 0x0000, 0x0000, 0x0000, 0x0000, 0x0000, 0x0000, 0x0000, 0x0000, 0x0000, 0x0000,
  0x0000, 0x0000, 0x0000, 0x0000, 0x0000, 0x0000, 0x0000, 0x0000, 0x0842, 0x0842, 0x0000, 0x0000,
  0x0842, 0x8452, 0x0842, 0x0000, 0x0000, 0x0000, 0x0000, 0x0000, 0x0000, 0x0000, 0x0000, 0x0000,
  0x0000, 0x0000, 0x0842, 0x0842, 0x0842, 0x0842, 0x0842, 0x0842, 0x0000, 0x0000, 0x0842, 0x0842,
  0x0842, 0x0000, 0x0000, 0x0000, 0x0000, 0x0000, 0x0000, 0x0000, 0x0000, 0x0000, 0x0000, 0x0000,
  0x0000, 0x0000, 0x0000, 0x0000, 0x0000, 0x0000, 0x0000, 0x0000, 0x0000, 0x0000, 0x0000, 0x0000,
  0x0000, 0x0000, 0x0000, 0x0000, 0x0000, 0x0000, 0x0000, 0x0000, 0x0000, 0x0000, 0x0000, 0x0000,
  0x0000, 0x0000, 0x0000, 0x0000, 0x0000, 0x0000, 0x0000, 0x0000, 0x0000, 0x0000, 0x0000, 0x0000,
  0x0000, 0x0000, 0x0000, 0x0000, 0x0000, 0x0000, 0x0000, 0x0000, 0x0000, 0x0000, 0x0000, 0x0842,
  0xB5F8, 0x8452, 0x0842, 0x8452, 0x4AAC, 0x4AAC, 0xB5F8, 0xB5F8, 0xB5F8, 0x0842, 0x0000, 0x0000,
  0x0000, 0x0000, 0x0842, 0x0842, 0x0000, 0x0842, 0x0842, 0x0000, 0x0000, 0x0842, 0x8452, 0xB5F8,
  0xB5F8, 0x4AAC, 0x8452, 0x4AAC, 0x0842, 0x0000, 0x0000, 0x0000, 0x0000, 0x0000, 0x0000, 0x0000,
  0x0000, 0x0000, 0x0000, 0x0000, 0x0000, 0x0000, 0x0000, 0x0000, 0x0000, 0x0000, 0x0000, 0x0000,
  0x0000, 0x0000, 0x0000, 0x0000, 0x0000, 0x0000, 0x0000, 0x0000, 0x0000, 0x0000, 0x0000, 0x0000,
  0x0000, 0x0000, 0x0000, 0x0000, 0x0000, 0x0000, 0x0000, 0x0000, 0x0000, 0x0842, 0x0842, 0x0842,
  0x0000, 0x0842, 0x8452, 0x0842, 0x0000, 0x0000, 0x0000, 0x0000, 0x0000, 0x0000, 0x0000, 0x0000,
  0x0000, 0x0842, 0x8452, 0x8452, 0xB5F8, 0x8452, 0xE6F9, 0xE6F9, 0x0842, 0x0842, 0xB5F8, 0x8452,
  0x4AAC, 0x0842, 0x0000, 0x0000, 0x0000, 0x0000, 0x0000, 0x0000, 0x0000, 0x0000, 0x0000, 0x0000,
  0x0000, 0x0000, 0x0000, 0x0000, 0x0000, 0x0000, 0x0000, 0x0000, 0x0000, 0x0000, 0x0000, 0x0000,
  0x0000, 0x0000, 0x0000, 0x0000, 0x0000, 0x0000, 0x0000, 0x0000, 0x0000, 0x0000, 0x0000, 0x0000,
  0x0000, 0x0000, 0x0000, 0x0000, 0x0000, 0x0000, 0x0000, 0x0000, 0x0000, 0x0000, 0x0000, 0x0000,
  0x0000, 0x0000, 0x0000, 0x0000, 0x0000, 0x0000, 0x0000, 0x0000, 0x0000, 0x0000, 0x0000, 0x0842,
  0x8452, 0x8452, 0x8452, 0x8452, 0x4AAC, 0xEF7D, 0xB5F8, 0xB5F8, 0x0842, 0x0000, 0x0000, 0x0000,
  0x0000, 0x0000, 0x0842, 0x0842, 0x0000, 0x0842, 0x8452, 0x0842, 0x0000, 0x0842, 0x8452, 0x8452,
  0x8452, 0x8452, 0x2146, 0xB5F8, 0xEF7D, 0x0842, 0x0000, 0x0000, 0x0000, 0x0000, 0x0000, 0x0000,
  0x0000, 0x0000, 0x0000, 0x0000, 0x0000, 0x0000, 0x0000, 0x0000, 0x0000, 0x0000, 0x0000, 0x0000,
  0x0000, 0x0000, 0x0000, 0x0000, 0x0000, 0x0000, 0x0000, 0x0000, 0x0000, 0x0000, 0x0000, 0x0000,
  0x0000, 0x0000, 0x0000, 0x0000, 0x0000, 0x0000, 0x0000, 0x0000, 0x0000, 0x0000, 0x0842, 0x8452,
  0x0842, 0x0000, 0x0842, 0x8452, 0x0842, 0x0000, 0x0000, 0x0000, 0x0000, 0x0000, 0x0000, 0x0000,
  0x0842, 0x4AAC, 0xE6F9, 0xE6F9, 0x4AAC, 0x8452, 0xB5F8, 0x0842, 0xB5F8, 0xB5F8, 0x0842, 0x8452,
  0x8452, 0x0842, 0x0000, 0x0000, 0x0000, 0x0000, 0x0000, 0x0000, 0x0000, 0x0000, 0x0000, 0x0000,
  0x0000, 0x0000, 0x0000, 0x0000, 0x0000, 0x0000, 0x0000, 0x0000, 0x0000, 0x0000, 0x0000, 0x0000,
  0x0000, 0x0000, 0x0000, 0x0000, 0x0000, 0x0000, 0x0000, 0x0000, 0x0000, 0x0000, 0x0000, 0x0000,
  0x0000, 0x0000, 0x0000, 0x0000, 0x0000, 0x0000, 0x0000, 0x0000, 0x0000, 0x0000, 0x0000, 0x0000,
  0x0000, 0x0000, 0x0000, 0x0000, 0x0000, 0x0000, 0x0000, 0x0000, 0x0000, 0x0000, 0x0000, 0x0842,
  0x8452, 0x8452, 0x8452, 0x4AAC, 0x2146, 0xB5F8, 0xB5F8, 0xB5F8, 0x0842, 0x0000, 0x0000, 0x0000,
  0x0000, 0x0000, 0x0842, 0x0842, 0x0000, 0x0842, 0x8452, 0x0842, 0x0000, 0x0000, 0x0842, 0x8452,
  0x8452, 0xE6F9, 0xB5F8, 0xB5F8, 0xB5F8, 0x0842, 0x0000, 0x0000, 0x0000, 0x0000, 0x0000, 0x0000,
  0x0000, 0x0000, 0x0000, 0x0000, 0x0000, 0x0000, 0x0000, 0x0000, 0x0000, 0x0000, 0x0000, 0x0000,
  0x0000, 0x0000, 0x0000, 0x0000, 0x0000, 0x0000, 0x0000, 0x0000, 0x0000, 0x0000, 0x0000, 0x0000,
  0x0000, 0x0000, 0x0000, 0x0000, 0x0000, 0x0000, 0x0000, 0x0000, 0x0000, 0x0000, 0x0842, 0x8452,
  0x8452, 0x0842, 0x0000, 0x0842, 0x8452, 0x0842, 0x0000, 0x0000, 0x0000, 0x0000, 0x0000, 0x0842,
  0x8452, 0x8452, 0x8452, 0x8452, 0xB5F8, 0xE6F9, 0x8452, 0xB5F8, 0x8452, 0xB5F8, 0xB5F8, 0x8452,
  0x0842, 0x0000, 0x0000, 0x0000, 0x0000, 0x0000, 0x0000, 0x0000, 0x0000, 0x0000, 0x0000, 0x0000,
  0x0000, 0x0000, 0x0000, 0x0000, 0x0000, 0x0000, 0x0000, 0x0000, 0x0000, 0x0000, 0x0000, 0x0000,
  0x0000, 0x0000, 0x0000, 0x0000, 0x0000, 0x0000, 0x0000, 0x0000, 0x0000, 0x0000, 0x0000, 0x0000,
  0x0000, 0x0000, 0x0000, 0x0000, 0x0000, 0x0000, 0x0000, 0x0000, 0x0000, 0x0000, 0x0000, 0x0000,
  0x0000, 0x0000, 0x0000, 0x0000, 0x0000, 0x0000, 0x0000, 0x0000, 0x0000, 0x0000, 0x0842, 0x8452,
  0x8452, 0x4AAC, 0x4AAC, 0xEF7D, 0x8452, 0x8452, 0xB5F8, 0x0842, 0x0842, 0x0000, 0x0000, 0x0000,
  0x0000, 0x0000, 0x0842, 0x0842, 0x0000, 0x0842, 0x8452, 0x0842, 0x0000, 0x0000, 0x0842, 0x0842,
  0x8452, 0x8452, 0xB5F8, 0xB5F8, 0xB5F8, 0x8452, 0x0842, 0x0000, 0x0000, 0x0000, 0x0000, 0x0000,
  0x0000, 0x0000, 0x0000, 0x0000, 0x0000, 0x0000, 0x0000, 0x0000, 0x0000, 0x0000, 0x0000, 0x0000,
  0x0000, 0x0000, 0x0000, 0x0000, 0x0000, 0x0000, 0x0000, 0x0000, 0x0000, 0x0000, 0x0000, 0x0000,
  0x0000, 0x0000, 0x0000, 0x0000, 0x0000, 0x0000, 0x0000, 0x0000, 0x0000, 0x0000, 0x0000, 0x0842,
  0x4AAC, 0x8452, 0x0842, 0x0000, 0x0842, 0x8452, 0x0842, 0x0000, 0x0000, 0x0000, 0x0842, 0x8452,
  0x8452, 0x8452, 0x8452, 0x2146, 0xB5F8, 0xB5F8, 0xE6F9, 0x8452, 0x8452, 0x4AAC, 0x8452, 0xB5F8,
  0x0842, 0x0000, 0x0000, 0x0000, 0x0000, 0x0000, 0x0000, 0x0000, 0x0000, 0x0000, 0x0000, 0x0000,
  0x0000, 0x0000, 0x0000, 0x0000, 0x0000, 0x0000, 0x0000, 0x0000, 0x0000, 0x0000, 0x0000, 0x0000,
  0x0000, 0x0000, 0x0000, 0x0000, 0x0000, 0x0000, 0x0000, 0x0000, 0x0000, 0x0000, 0x0000, 0x0000,
  0x0000, 0x0000, 0x0000, 0x0000, 0x0000, 0x0000, 0x0000, 0x0000, 0x0000, 0x0000, 0x0000, 0x0000,
  0x0000, 0x0000, 0x0000, 0x0000, 0x0000, 0x0000, 0x0000, 0x0000, 0x0000, 0x0842, 0xB5F8, 0x8452,
  0x8452, 0x4AAC, 0x0842, 0x8452, 0x8452, 0x4AAC, 0x0842, 0x8452, 0x0842, 0x0842, 0x0000, 0x0000,
  0x0000, 0x0000, 0x0842, 0x0842, 0x0842, 0x0842, 0x4AAC, 0x0842, 0x0000, 0x0842, 0x4AAC, 0x0842,
  0x0842, 0x8452, 0x8452, 0x8452, 0xEF7D, 0x8452, 0xB5F8, 0x0842, 0x0000, 0x0000, 0x0000, 0x0000,
  0x0000, 0x0000, 0x0000, 0x0000, 0x0000, 0x0000, 0x0000, 0x0000, 0x0000, 0x0000, 0x0000, 0x0000,
  0x0000, 0x0000, 0x0000, 0x0000, 0x0000, 0x0000, 0x0000, 0x0000, 0x0000, 0x0000, 0x0000, 0x0000,
  0x0000, 0x0000, 0x0000, 0x0000, 0x0000, 0x0000, 0x0000, 0x0000, 0x0000, 0x0000, 0x0000, 0x0000,
  0x0842, 0x8452, 0x8452, 0x0842, 0x0000, 0x0842, 0x8452, 0x0842, 0x0842, 0x0842, 0x0842, 0x8452,
  0x8452, 0x8452, 0x8452, 0xB5F8, 0x4AAC, 0xB5F8, 0xB5F8, 0xE6F9, 0x8452, 0x4AAC, 0x8452, 0x0842,
  0x0842, 0x0000, 0x0000, 0x0000, 0x0000, 0x0000, 0x0000, 0x0000, 0x0000, 0x0000, 0x0000, 0x0000,
  0x0000, 0x0000, 0x0000, 0x0000, 0x0000, 0x0000, 0x0000, 0x0000, 0x0000, 0x0000, 0x0000, 0x0000,
  0x0000, 0x0000, 0x0000, 0x0000, 0x0000, 0x0000, 0x0000, 0x0000, 0x0000, 0x0000, 0x0000, 0x0000,
  0x0000, 0x0000, 0x0000, 0x0000, 0x0000, 0x0000, 0x0000, 0x0000, 0x0000, 0x0000, 0x0000, 0x0000,
  0x0000, 0x0000, 0x0000, 0x0000, 0x0000, 0x0000, 0x0000, 0x0000, 0x0000, 0x0842, 0x8452, 0x4AAC,
  0x4AAC, 0x8452, 0x8452, 0x8452, 0x0842, 0x0842, 0x8452, 0x0842, 0x0842, 0x0842, 0x0000, 0x0000,
  0x0000, 0x0842, 0x8452, 0x0842, 0x0842, 0x0842, 0x4AAC, 0x0842, 0x0000, 0x0842, 0x0842, 0x0842,
  0x0842, 0x0842, 0x0842, 0x0842, 0x8452, 0x8452, 0x0842, 0x0000, 0x0000, 0x0000, 0x0000, 0x0000,
  0x0000, 0x0000, 0x0000, 0x0000, 0x0000, 0x0000, 0x0000, 0x0000, 0x0000, 0x0000, 0x0000, 0x0000,
  0x0000, 0x0000, 0x0000, 0x0000, 0x0000, 0x0000, 0x0000, 0x0000, 0x0000, 0x0000, 0x0000, 0x0000,
  0x0000, 0x0000, 0x0000, 0x0000, 0x0000, 0x0000, 0x0000, 0x0000, 0x0000, 0x0000, 0x0000, 0x0000,
  0x0000, 0x0842, 0x4AAC, 0x2146, 0x0842, 0x2146, 0x0842, 0xE6F9, 0xE6F9, 0xE6F9, 0x0842, 0x8452,
  0x8452, 0x0842, 0x580B, 0x580B, 0x8452, 0x8452, 0xB5F8, 0xB5F8, 0x8452, 0xB5F8, 0x0842, 0x8452,
  0x4AAC, 0x0842, 0x0000, 0x0000, 0x0000, 0x0000, 0x0000, 0x0000, 0x0000, 0x0000, 0x0000, 0x0000,
  0x0000, 0x0000, 0x0000, 0x0000, 0x0000, 0x0000, 0x0000, 0x0000, 0x0000, 0x0000, 0x0000, 0x0000,
  0x0000, 0x0000, 0x0000, 0x0000, 0x0000, 0x0000, 0x0000, 0x0000, 0x0000, 0x0000, 0x0000, 0x0000,
  0x0000, 0x0000, 0x0000, 0x0000, 0x0000, 0x0000, 0x0000, 0x0000, 0x0000, 0x0000, 0x0000, 0x0000,
  0x0000, 0x0000, 0x0000, 0x0000, 0x0000, 0x0000, 0x0000, 0x0000, 0x0000, 0x0000, 0x0842, 0x0842,
  0x0842, 0x0842, 0x0842, 0x0842, 0xB5F8, 0x0842, 0x4AAC, 0x8452, 0x0842, 0x0000, 0x0000, 0x0000,
  0x0000, 0x0842, 0x8452, 0x8452, 0x0842, 0x0842, 0x0842, 0x0842, 0x0000, 0x0842, 0x0842, 0x4AAC,
  0x0842, 0x0000, 0x0000, 0x0000, 0x0842, 0x0842, 0x0842, 0x0000, 0x0000, 0x0000, 0x0000, 0x0000,
  0x0000, 0x0000, 0x0000, 0x0000, 0x0000, 0x0000, 0x0000, 0x0000, 0x0000, 0x0000, 0x0000, 0x0000,
  0x0000, 0x0000, 0x0000, 0x0000, 0x0000, 0x0000, 0x0000, 0x0000, 0x0000, 0x0000, 0x0000, 0x0000,
  0x0000, 0x0000, 0x0000, 0x0000, 0x0000, 0x0000, 0x0000, 0x0000, 0x0000, 0x0000, 0x0000, 0x0000,
  0x0000, 0x0000, 0x0842, 0x0842, 0x8452, 0x0842, 0x0842, 0xB5F8, 0xB5F8, 0xB5F8, 0x4AAC, 0x4AAC,
  0x0842, 0x0842, 0x0842, 0x0842, 0x0842, 0x0842, 0x0842, 0x0842, 0x0842, 0x0842, 0x0842, 0x0842,
  0x0842, 0x0842, 0x0842, 0x0842, 0x0000, 0x0000, 0x0000, 0x0000, 0x0000, 0x0000, 0x0000, 0x0000,
  0x0000, 0x0000, 0x0000, 0x0000, 0x0000, 0x0000, 0x0000, 0x0000, 0x0000, 0x0000, 0x0000, 0x0000,
  0x0000, 0x0000, 0x0000, 0x0000, 0x0000, 0x0000, 0x0000, 0x0000, 0x0000, 0x0000, 0x0000, 0x0000,
  0x0000, 0x0000, 0x0000, 0x0000, 0x0000, 0x0000, 0x0000, 0x0000, 0x0000, 0x0000, 0x0000, 0x0000,
  0x0000, 0x0000, 0x0000, 0x0000, 0x0000, 0x0000, 0x0000, 0x0000, 0x0000, 0x0000, 0x0000, 0x0000,
  0x0000, 0x0000, 0x0000, 0x0000, 0x0842, 0x4AAC, 0x8452, 0x2146, 0x8452, 0x0842, 0x0000, 0x0000,
  0x0000, 0x0842, 0x0842, 0x0842, 0x0842, 0x0842, 0x0842, 0x0842, 0x0842, 0x0842, 0x0842, 0xB5F8,
  0x0842, 0x0842, 0x0842, 0x0842, 0x0842, 0x0842, 0x0842, 0x0842, 0x0842, 0x0842, 0x0842, 0x0000,
  0x0000, 0x0000, 0x0000, 0x0000, 0x0000, 0x0000, 0x0000, 0x0000, 0x0000, 0x0000, 0x0000, 0x0000,
  0x0000, 0x0000, 0x0000, 0x0000, 0x0000, 0x0000, 0x0000, 0x0000, 0x0000, 0x0000, 0x0000, 0x0000,
  0x0000, 0x0000, 0x0000, 0x0000, 0x0000, 0x0000, 0x0000, 0x0000, 0x0000, 0x0000, 0x0000, 0x0000,
  0x0000, 0x0000, 0x0842, 0x0842, 0x0842, 0x0842, 0x8452, 0x8452, 0x8452, 0x8452, 0x8452, 0x4AAC,
  0xE6F9, 0x8452, 0x8452, 0xE6F9, 0x8452, 0x8452, 0xE6F9, 0xB5F8, 0xE6F9, 0xE6F9, 0xE6F9, 0xB5F8,
  0xE6F9, 0xE6F9, 0x0842, 0x0842, 0x0842, 0x0842, 0x0842, 0x0000, 0x0000, 0x0000, 0x0000, 0x0000,
  0x0000, 0x0000, 0x0000, 0x0000, 0x0000, 0x0000, 0x0000, 0x0000, 0x0000, 0x0000, 0x0000, 0x0000,
  0x0000, 0x0000, 0x0000, 0x0000, 0x0000, 0x0000, 0x0000, 0x0000, 0x0000, 0x0000, 0x0000, 0x0000,
  0x0000, 0x0000, 0x0000, 0x0000, 0x0000, 0x0000, 0x0000, 0x0000, 0x0000, 0x0000, 0x0000, 0x0000,
  0x0000, 0x0000, 0x0000, 0x0000, 0x0000, 0x0000, 0x0000, 0x0000, 0x0000, 0x0000, 0x0000, 0x0000,
  0x0000, 0x0000, 0x0000, 0x0000, 0x0842, 0x4AAC, 0x8452, 0x8452, 0x8452, 0x0842, 0x0000, 0x0000,
  0x0842, 0xB5F8, 0xE6F9, 0xE6F9, 0xE6F9, 0xE6F9, 0xE6F9, 0xE6F9, 0xE6F9, 0xE6F9, 0x8452, 0x8452,
  0x8452, 0xE6F9, 0xE6F9, 0xE6F9, 0xE6F9, 0xE6F9, 0x8452, 0x8452, 0x8452, 0x8452, 0x0842, 0x0842,
  0x0000, 0x0000, 0x0000, 0x0000, 0x0000, 0x0000, 0x0000, 0x0000, 0x0000, 0x0000, 0x0000, 0x0000,
  0x0000, 0x0000, 0x0000, 0x0000, 0x0000, 0x0000, 0x0000, 0x0000, 0x0000, 0x0000, 0x0000, 0x0000,
  0x0000, 0x0000, 0x0000, 0x0000, 0x0000, 0x0000, 0x0000, 0x0000, 0x0000, 0x0000, 0x0000, 0x0000,
  0x0000, 0x0000, 0x0842, 0x0842, 0x8452, 0x8452, 0x8452, 0x0842, 0x2146, 0x0842, 0x8452, 0x2146,
  0x8452, 0x8452, 0x4AAC, 0x8452, 0x8452, 0x8452, 0x8452, 0x8452, 0x8452, 0x8452, 0x8452, 0x8452,
  0xB5F8, 0xB5F8, 0xE6F9, 0x0842, 0x0842, 0x0842, 0x0842, 0x0842, 0x0000, 0x0000, 0x0000, 0x0000,
  0x0000, 0x0000, 0x0000, 0x0000, 0x0000, 0x0000, 0x0000, 0x0000, 0x0000, 0x0000, 0x0000, 0x0000,
  0x0000, 0x0000, 0x0000, 0x0000, 0x0000, 0x0000, 0x0000, 0x0000, 0x0000, 0x0000, 0x0000, 0x0000,
  0x0000, 0x0000, 0x0000, 0x0000, 0x0000, 0x0000, 0x0000, 0x0000, 0x0000, 0x0000, 0x0000, 0x0000,
  0x0000, 0x0000, 0x0000, 0x0000, 0x0000, 0x0000, 0x0000, 0x0000, 0x0000, 0x0000, 0x0000, 0x0000,
  0x0000, 0x0000, 0x0842, 0x0842, 0x0842, 0x0842, 0x0842, 0x0842, 0x4AAC, 0xB5F8, 0x0842, 0x0842,
  0x8452, 0xB5F8, 0x8452, 0x8452, 0x8452, 0x8452, 0x8452, 0x8452, 0xB5F8, 0x8452, 0x8452, 0x8452,
  0x8452, 0x8452, 0x8452, 0x8452, 0xE6F9, 0xE6F9, 0xE6F9, 0xE6F9, 0x0842, 0x0842, 0x0842, 0x0842,
  0x0842, 0x0842, 0x0842, 0x0000, 0x0000, 0x0000, 0x0000, 0x0000, 0x0000, 0x0000, 0x0000, 0x0000,
  0x0000, 0x0000, 0x0000, 0x0000, 0x0000, 0x0000, 0x0000, 0x0000, 0x0000, 0x0000, 0x0000, 0x0000,
  0x0000, 0x0000, 0x0000, 0x0000, 0x0000, 0x0000, 0x0000, 0x0000, 0x0842, 0x0842, 0x0842, 0x0842,
  0x0842, 0x0842, 0x8452, 0x8452, 0x8452, 0x0842, 0x0842, 0x9192, 0x580B, 0x0842, 0xE6F9, 0xE6F9,
  0xE6F9, 0x0842, 0xE6F9, 0xE6F9, 0xE6F9, 0xE6F9, 0xE6F9, 0xE6F9, 0x0842, 0x8452, 0x8452, 0x8452,
  0x8452, 0xB5F8, 0xB5F8, 0x4AAC, 0x4AAC, 0xE6F9, 0x8452, 0xEF7D, 0x0842, 0x0000, 0x0000, 0x0000,
  0x0000, 0x0000, 0x0000, 0x0000, 0x0000, 0x0000, 0x0000, 0x0000, 0x0000, 0x0000, 0x0000, 0x0000,
  0x0000, 0x0000, 0x0000, 0x0000, 0x0000, 0x0000, 0x0000, 0x0000, 0x0000, 0x0000, 0x0000, 0x0000,
  0x0000, 0x0000, 0x0000, 0x0000, 0x0000, 0x0000, 0x0000, 0x0000, 0x0842, 0x0842, 0x0000, 0x0000,
  0x0000, 0x0000, 0x0000, 0x0000, 0x0000, 0x0000, 0x0000, 0x0000, 0x0000, 0x0000, 0x0000, 0x0000,
  0x0842, 0x0842, 0x0842, 0x0842, 0x8452, 0x0842, 0x0842, 0x0842, 0x0842, 0x0842, 0x0842, 0x0842,
  0x0842, 0x0842, 0x0842, 0x0842, 0x0842, 0x0842, 0x0842, 0x0842, 0x0842, 0x0842, 0x0842, 0x8452,
  0x8452, 0x8452, 0x8452, 0x8452, 0x8452, 0xE6F9, 0xE6F9, 0xE6F9, 0x0842, 0x4AAC, 0x8452, 0x8452,
  0x4AAC, 0x8452, 0x4AAC, 0x0842, 0x0842, 0x0842, 0x0000, 0x0000, 0x0000, 0x0000, 0x0000, 0x0000,
  0x0000, 0x0000, 0x0000, 0x0000, 0x0000, 0x0000, 0x0000, 0x0000, 0x0000, 0x0000, 0x0000, 0x0000,
  0x0000, 0x0000, 0x0000, 0x0842, 0x0842, 0x0842, 0x0842, 0x0842, 0x8452, 0x8452, 0x8452, 0x8452,
  0x8452, 0x038E, 0x038E, 0x038E, 0x038E, 0x580B, 0x580B, 0x580B, 0x580B, 0x0842, 0xE6F9, 0x8452,
  0x8452, 0x8452, 0xB5F8, 0xE6F9, 0xE6F9, 0xE6F9, 0xE6F9, 0xE6F9, 0xE6F9, 0xE6F9, 0xE6F9, 0x2146,
  0x8452, 0x8452, 0xB5F8, 0x0842, 0x4AAC, 0x0842, 0x4AAC, 0x0842, 0x0842, 0x0842, 0x0000, 0x0000,
  0x0000, 0x0000, 0x0000, 0x0000, 0x0000, 0x0000, 0x0000, 0x0000, 0x0000, 0x0000, 0x0000, 0x0000,
  0x0000, 0x0000, 0x0000, 0x0000, 0x0000, 0x0000, 0x0000, 0x0000, 0x0000, 0x0000, 0x0000, 0x0000,
  0x0000, 0x0000, 0x0000, 0x0000, 0x0000, 0x0000, 0x0000, 0x0842, 0x8452, 0x4AAC, 0x0842, 0x0842,
  0x0842, 0x0842, 0x0000, 0x0000, 0x0000, 0x0000, 0x0000, 0x0000, 0x0842, 0x0842, 0x0842, 0x0842,
  0x0842, 0xE6F9, 0xE6F9, 0xE6F9, 0xE6F9, 0xE6F9, 0xE6F9, 0xE6F9, 0xE6F9, 0xE6F9, 0xE6F9, 0xE6F9,
  0xE6F9, 0xE6F9, 0x8452, 0x580B, 0x580B, 0x580B, 0xE6F9, 0xE6F9, 0xE6F9, 0xE6F9, 0xE6F9, 0xE6F9,
  0x0842, 0x8452, 0x8452, 0x8452, 0x8452, 0x8452, 0x8452, 0xE6F9, 0xE6F9, 0x2146, 0x2146, 0x2146,
  0x4AAC, 0x8452, 0x8452, 0x8452, 0x4AAC, 0x4AAC, 0x0842, 0x0842, 0x0842, 0x0842, 0x0842, 0x0842,
  0x0842, 0x0842, 0x0842, 0x0842, 0x0842, 0x0842, 0x0842, 0x0842, 0x0842, 0x0842, 0x0842, 0x0842,
  0x0842, 0x0842, 0x0842, 0x8452, 0x8452, 0x8452, 0x8452, 0x8452, 0x8452, 0x4AAC, 0x4AAC, 0x4AAC,
  0x4AAC, 0x038E, 0x038E, 0x038E, 0x4AAC, 0x580B, 0x580B, 0x580B, 0x580B, 0xE6F9, 0x8452, 0x8452,
  0x8452, 0x8452, 0x8452, 0xE6F9, 0xE6F9, 0xE6F9, 0xE6F9, 0xE6F9, 0xE6F9, 0xE6F9, 0xE6F9, 0xE6F9,
  0xE6F9, 0xE6F9, 0x0842, 0x0842, 0xE6F9, 0xE6F9, 0xE6F9, 0xE6F9, 0xE6F9, 0xE6F9, 0x0842, 0x0842,
  0x0000, 0x0000, 0x0000, 0x0000, 0x0000, 0x0000, 0x0000, 0x0000, 0x0000, 0x0000, 0x0000, 0x0000,
  0x0000, 0x0000, 0x0000, 0x0000, 0x0000, 0x0000, 0x0000, 0x0000, 0x0000, 0x0000, 0x0000, 0x0000,
  0x0000, 0x0000, 0x0000, 0x0000, 0x0000, 0x0000, 0x0842, 0x2146, 0xB5F8, 0x2146, 0x4AAC, 0x4AAC,
  0x8452, 0x4AAC, 0x0842, 0x0842, 0x0842, 0x0000, 0x0000, 0x0842, 0x8452, 0x8452, 0x8452, 0x2146,
  0xE6F9, 0xE6F9, 0xE6F9, 0xE6F9, 0x4AAC, 0xE6F9, 0x4AAC, 0xE6F9, 0x4AAC, 0xE6F9, 0x4AAC, 0xE6F9,
  0xE6F9, 0xE6F9, 0xB5F8, 0x580B, 0x580B, 0x580B, 0xE6F9, 0xE6F9, 0xE6F9, 0xE6F9, 0xE6F9, 0xE6F9,
  0xE6F9, 0xE6F9, 0x0842, 0xB5F8, 0x8452, 0x8452, 0x8452, 0x8452, 0xE6F9, 0xE6F9, 0x2146, 0x4AAC,
  0x2146, 0x2146, 0x2146, 0x8452, 0x4AAC, 0x2146, 0x8452, 0x8452, 0x8452, 0x8452, 0x8452, 0x8452,
  0x4AAC, 0x4AAC, 0x8452, 0x8452, 0x8452, 0x2146, 0x8452, 0x8452, 0x8452, 0x2146, 0x8452, 0x8452,
  0x8452, 0x0842, 0x8452, 0x4AAC, 0x4AAC, 0x4AAC, 0x2146, 0x4AAC, 0x4AAC, 0x4AAC, 0x4AAC, 0x2146,
  0x038E, 0x038E, 0x038E, 0x038E, 0x580B, 0x580B, 0x580B, 0x580B, 0xE6F9, 0xE6F9, 0xE6F9, 0xE6F9,
  0x4AAC, 0xE6F9, 0xE6F9, 0xE6F9, 0xE6F9, 0xE6F9, 0xE6F9, 0xE6F9, 0x0842, 0xE6F9, 0x4AAC, 0xE6F9,
  0xE6F9, 0xE6F9, 0xE6F9, 0xE6F9, 0xE6F9, 0xE6F9, 0xE6F9, 0xE6F9, 0x4AAC, 0x8452, 0x8452, 0xE6F9,
  0x0842, 0x0842, 0x0842, 0x0000, 0x0000, 0x0000, 0x0000, 0x0000, 0x0000, 0x0000, 0x0000, 0x0000,
  0x0000, 0x0000, 0x0000, 0x0000, 0x0000, 0x0000, 0x0000, 0x0000, 0x0000, 0x0000, 0x0000, 0x0000,
  0x0000, 0x0000, 0x0000, 0x0000, 0x0000, 0x0000, 0x0842, 0x8452, 0x8452, 0x8452, 0x8452, 0x8452,
  0xB5F8, 0x8452, 0x8452, 0x4AAC, 0x4AAC, 0x0842, 0x0842, 0x0842, 0x8452, 0x8452, 0x8452, 0x0842,
  0xE6F9, 0xE6F9, 0xE6F9, 0xB5F8, 0x4AAC, 0xE6F9, 0x4AAC, 0xB5F8, 0xB5F8, 0xE6F9, 0x8452, 0xE6F9,
  0xE6F9, 0xE6F9, 0x580B, 0x580B, 0x580B, 0x580B, 0xE6F9, 0xE6F9, 0xE6F9, 0xE6F9, 0xE6F9, 0xE6F9,
  0xE6F9, 0xE6F9, 0xE6F9, 0xE6F9, 0x0842, 0x8452, 0x8452, 0x8452, 0x8452, 0xB5F8, 0xE6F9, 0x4AAC,
  0x4AAC, 0x2146, 0x2146, 0x2146, 0x0842, 0x4AAC, 0x4AAC, 0x4AAC, 0x2146, 0x4AAC, 0x4AAC, 0x4AAC,
  0x0842, 0x4AAC, 0x4AAC, 0x4AAC, 0x0842, 0x4AAC, 0x4AAC, 0x4AAC, 0x4AAC, 0x4AAC, 0x4AAC, 0x4AAC,
  0x4AAC, 0x4AAC, 0x4AAC, 0x4AAC, 0x4AAC, 0x4AAC, 0x4AAC, 0x4AAC, 0x4AAC, 0x2146, 0x2146, 0x2146,
  0x038E, 0x038E, 0x038E, 0x038E, 0x580B, 0x580B, 0x580B, 0x580B, 0xE6F9, 0xE6F9, 0xE6F9, 0xE6F9,
  0xE6F9, 0xE6F9, 0xE6F9, 0xE6F9, 0xE6F9, 0xE6F9, 0xE6F9, 0xE6F9, 0x4AAC, 0x4AAC, 0x4AAC, 0x4AAC,
  0x4AAC, 0x2146, 0xE6F9, 0xE6F9, 0xE6F9, 0xE6F9, 0xE6F9, 0x0842, 0xE6F9, 0xE6F9, 0x8452, 0x8452,
  0x8452, 0xE6F9, 0xE6F9, 0x0842, 0x0842, 0x0842, 0x0000, 0x0000, 0x0000, 0x0000, 0x0000, 0x0000,
  0x0000, 0x0000, 0x0000, 0x0000, 0x0000, 0x0000, 0x0000, 0x0000, 0x0000, 0x0000, 0x0000, 0x0000,
  0x0000, 0x0000, 0x0000, 0x0000, 0x0000, 0x0000, 0x0842, 0x8452, 0x8452, 0x2146, 0x8452, 0x8452,
  0x8452, 0x2146, 0x8452, 0x8452, 0x8452, 0x4AAC, 0x0842, 0x8452, 0x8452, 0x8452, 0x8452, 0x0842,
  0xE6F9, 0xE6F9, 0xE6F9, 0xE6F9, 0xE6F9, 0xB5F8, 0x8452, 0x4AAC, 0x8452, 0x4AAC, 0xE6F9, 0xE6F9,
  0xE6F9, 0x8452, 0x580B, 0x580B, 0x580B, 0xE6F9, 0xE6F9, 0x8452, 0xE6F9, 0xE6F9, 0xE6F9, 0xE6F9,
  0xE6F9, 0xE6F9, 0xE6F9, 0xE6F9, 0xE6F9, 0x0842, 0x8452, 0x8452, 0x8452, 0xE6F9, 0x8452, 0x4AAC,
  0x2146, 0x2146, 0x2146, 0x2146, 0x0842, 0x4AAC, 0x4AAC, 0x2146, 0x4AAC, 0x4AAC, 0x4AAC, 0x4AAC,
  0x4AAC, 0x4AAC, 0x2146, 0x2146, 0x0842, 0x4AAC, 0x2146, 0x2146, 0x0842, 0x4AAC, 0x4AAC, 0x4AAC,
  0x0842, 0x4AAC, 0x2146, 0x2146, 0x2146, 0x4AAC, 0x4AAC, 0x4AAC, 0x2146, 0x2146, 0x2146, 0x0842,
  0x038E, 0x038E, 0x038E, 0x4AAC, 0x580B, 0x580B, 0x580B, 0x580B, 0xE6F9, 0xE6F9, 0xE6F9, 0xE6F9,
  0xE6F9, 0xE6F9, 0xE6F9, 0xE6F9, 0xE6F9, 0xE6F9, 0xE6F9, 0x4AAC, 0x4AAC, 0x0842, 0x9703, 0x0842,
  0x2146, 0x4AAC, 0x4AAC, 0x8452, 0x4AAC, 0x4AAC, 0x0842, 0xE6F9, 0xE6F9, 0xB5F8, 0xE6F9, 0x4AAC,
  0xE6F9, 0x0842, 0x0842, 0xE6F9, 0x0842, 0x0842, 0x0842, 0x0000, 0x0000, 0x0000, 0x0000, 0x0000,
  0x0000, 0x0000, 0x0000, 0x0000, 0x0000, 0x0000, 0x0000, 0x0000, 0x0000, 0x0000, 0x0000, 0x0000,
  0x0000, 0x0000, 0x0000, 0x0000, 0x0000, 0x0000, 0x0842, 0x8452, 0x8452, 0x8452, 0x8452, 0x8452,
  0x8452, 0x2146, 0x8452, 0x8452, 0x0842, 0x4AAC, 0x0842, 0x8452, 0x4AAC, 0x4AAC, 0x4AAC, 0xE6F9,
  0xE6F9, 0xE6F9, 0xE6F9, 0x4AAC, 0x8452, 0x4AAC, 0xE6F9, 0x4AAC, 0xE6F9, 0x2146, 0xE6F9, 0xE6F9,
  0xE6F9, 0x2146, 0x580B, 0x3006, 0x580B, 0x0842, 0xE6F9, 0xE6F9, 0xE6F9, 0xE6F9, 0xE6F9, 0xE6F9,
  0xE6F9, 0xE6F9, 0xE6F9, 0xE6F9, 0xE6F9, 0xE6F9, 0xE6F9, 0x0842, 0x0842, 0x0842, 0xE6F9, 0x0842,
  0x0842, 0x0842, 0x0842, 0x0842, 0xE6F9, 0xE6F9, 0x0842, 0xE6F9, 0x0842, 0x0842, 0x0842, 0x0842,
  0x0842, 0x0842, 0xE6F9, 0x0842, 0x0842, 0x4AAC, 0x0842, 0x0842, 0x0842, 0x0842, 0x0842, 0x0842,
  0x0842, 0x0842, 0x0842, 0x0842, 0x0842, 0x0842, 0x0842, 0x0842, 0xE6F9, 0x0842, 0x0842, 0x038E,
  0x038E, 0x038E, 0x038E, 0x580B, 0x580B, 0x580B, 0x580B, 0x0842, 0xE6F9, 0xE6F9, 0xE6F9, 0xE6F9,
  0xE6F9, 0xE6F9, 0xE6F9, 0xE6F9, 0xE6F9, 0xB5F8, 0x4AAC, 0x4AAC, 0x2146, 0x9703, 0x9703, 0x9703,
  0x9703, 0x9703, 0x9703, 0x9703, 0x8452, 0x4AAC, 0x4AAC, 0x4AAC, 0x4AAC, 0x4AAC, 0x0842, 0x4AAC,
  0x8452, 0x8452, 0x8452, 0x8452, 0x8452, 0x8452, 0x8452, 0x0842, 0x0842, 0x0000, 0x0000, 0x0000,
  0x0000, 0x0000, 0x0000, 0x0000, 0x0000, 0x0000, 0x0000, 0x0000, 0x0000, 0x0000, 0x0000, 0x0000,
  0x0000, 0x0000, 0x0000, 0x0000, 0x0000, 0x0000, 0x0842, 0x8452, 0x8452, 0x8452, 0x8452, 0x8452,
  0x8452, 0x8452, 0x4AAC, 0x8452, 0x0842, 0x8452, 0x0842, 0x4AAC, 0x4AAC, 0x4AAC, 0x4AAC, 0xE6F9,
  0xE6F9, 0xB5F8, 0xE6F9, 0xE6F9, 0xE6F9, 0xE6F9, 0xE6F9, 0xE6F9, 0xE6F9, 0xE6F9, 0xE6F9, 0x2146,
  0x8452, 0x4AAC, 0x8452, 0x4AAC, 0x4AAC, 0x8452, 0x8452, 0x8452, 0xE6F9, 0xE6F9, 0xE6F9, 0xE6F9,
  0xE6F9, 0xE6F9, 0xE6F9, 0xE6F9, 0xE6F9, 0xE6F9, 0xE6F9, 0xE6F9, 0xE6F9, 0xE6F9, 0xE6F9, 0xE6F9,
  0xE6F9, 0xE6F9, 0xB5F8, 0xE6F9, 0xE6F9, 0xE6F9, 0xE6F9, 0xE6F9, 0xE6F9, 0xE6F9, 0xE6F9, 0xE6F9,
  0xE6F9, 0xE6F9, 0xE6F9, 0xE6F9, 0xE6F9, 0xE6F9, 0xE6F9, 0xE6F9, 0xE6F9, 0xE6F9, 0xE6F9, 0xE6F9,
  0xE6F9, 0xB5F8, 0xE6F9, 0xE6F9, 0xE6F9, 0xE6F9, 0xE6F9, 0xE6F9, 0xE6F9, 0xE6F9, 0x0842, 0x038E,
  0x038E, 0x038E, 0x038E, 0x580B, 0x580B, 0x580B, 0x580B, 0xE6F9, 0xE6F9, 0xE6F9, 0xE6F9, 0xE6F9,
  0xE6F9, 0xE6F9, 0xE6F9, 0xE6F9, 0xE6F9, 0x4AAC, 0x4AAC, 0x2146, 0x9703, 0x9703, 0x9703, 0x9703,
  0xD7EF, 0xD7EF, 0xD7EF, 0xD7EF, 0x9703, 0x9703, 0x9703, 0x9703, 0x0842, 0x4AAC, 0x4AAC, 0x4AAC,
  0xB5F8, 0x0842, 0x0842, 0x0842, 0x0842, 0x0842, 0x0842, 0x0842, 0x8452, 0x0842, 0x0000, 0x0000,
  0x0000, 0x0000, 0x0000, 0x0000, 0x0000, 0x0000, 0x0000, 0x0000, 0x0000, 0x0000, 0x0000, 0x0000,
  0x0000, 0x0000, 0x0000, 0x0000, 0x0000, 0x0000, 0x0842, 0x2146, 0x4AAC, 0x4AAC, 0x4AAC, 0x4AAC,
  0x8452, 0x8452, 0x8452, 0x8452, 0x0842, 0x2146, 0x0842, 0x4AAC, 0x4AAC, 0x4AAC, 0x4AAC, 0x4AAC,
  0x8452, 0x8452, 0x8452, 0x8452, 0x8452, 0x8452, 0x8452, 0x8452, 0x8452, 0x8452, 0x4AAC, 0x4AAC,
  0x4AAC, 0x4AAC, 0x4AAC, 0x4AAC, 0x4AAC, 0x4AAC, 0x4AAC, 0x4AAC, 0x8452, 0x8452, 0x8452, 0x8452,
  0x8452, 0x8452, 0x8452, 0x8452, 0x8452, 0x8452, 0x8452, 0x8452, 0x8452, 0x8452, 0x8452, 0x8452,
  0x8452, 0x8452, 0x8452, 0xB5F8, 0x8452, 0x8452, 0x8452, 0x8452, 0x8452, 0x8452, 0x8452, 0x8452,
  0x8452, 0x8452, 0xE6F9, 0x8452, 0x8452, 0x8452, 0x8452, 0x8452, 0xB5F8, 0x8452, 0x8452, 0x8452,
  0x8452, 0xE6F9, 0xE6F9, 0xE6F9, 0xE6F9, 0xE6F9, 0xE6F9, 0xE6F9, 0xE6F9, 0xE6F9, 0xE6F9, 0x038E,
  0x038E, 0x038E, 0x8452, 0x580B, 0x580B, 0x580B, 0x0842, 0xE6F9, 0x8452, 0xE6F9, 0xE6F9, 0xE6F9,
  0xE6F9, 0xE6F9, 0x8452, 0x8452, 0x0842, 0x4AAC, 0x4AAC, 0x9703, 0x9703, 0x9703, 0x9703, 0x9703,
  0xD7EF, 0x9703, 0xD7EF, 0xD7EF, 0xD7EF, 0x9703, 0x9703, 0xD7EF, 0x9703, 0x9703, 0x9703, 0x4AAC,
  0x8452, 0x8452, 0x4402, 0xD7EF, 0xD7EF, 0xD7EF, 0xD7EF, 0xE6F9, 0x9703, 0x8452, 0x0842, 0x0000,
  0x0000, 0x0000, 0x0000, 0x0000, 0x0000, 0x0000, 0x0000, 0x0000, 0x0000, 0x0000, 0x0000, 0x0000,
  0x0000, 0x0000, 0x0000, 0x0000, 0x0000, 0x0000, 0x0842, 0x2146, 0x4AAC, 0x2146, 0x4AAC, 0x4AAC,
  0x4AAC, 0x4AAC, 0x2146, 0x0842, 0x0842, 0x2146, 0x0842, 0x4AAC, 0x0842, 0x0842, 0x0842, 0x4AAC,
  0x8452, 0xE6F9, 0xE6F9, 0xB5F8, 0xB5F8, 0xB5F8, 0xB5F8, 0xE6F9, 0xB5F8, 0x0842, 0x4AAC, 0x4AAC,
  0x4AAC, 0x4AAC, 0x4AAC, 0x4AAC, 0x4AAC, 0x4AAC, 0x4AAC, 0x8452, 0x0842, 0xE6F9, 0xE6F9, 0xB5F8,
  0xE6F9, 0xE6F9, 0xE6F9, 0xB5F8, 0xB5F8, 0xE6F9, 0xE6F9, 0xE6F9, 0xE6F9, 0xE6F9, 0xE6F9, 0xE6F9,
  0xE6F9, 0xE6F9, 0x8452, 0xE6F9, 0xE6F9, 0xE6F9, 0xE6F9, 0xE6F9, 0xB5F8, 0xE6F9, 0xE6F9, 0xE6F9,
  0xE6F9, 0xE6F9, 0xB5F8, 0xE6F9, 0xE6F9, 0xE6F9, 0x8452, 0xE6F9, 0xE6F9, 0xE6F9, 0xE6F9, 0xE6F9,
  0x8452, 0xE6F9, 0xE6F9, 0xE6F9, 0x8452, 0x4AAC, 0x4AAC, 0xE6F9, 0xE6F9, 0xE6F9, 0x0842, 0x038E,
  0x8452, 0x038E, 0x8452, 0x580B, 0x580B, 0x580B, 0x0842, 0xE6F9, 0xE6F9, 0xE6F9, 0xE6F9, 0xE6F9,
  0xE6F9, 0xE6F9, 0xE6F9, 0xB5F8, 0x2146, 0x4AAC, 0x9703, 0x9703, 0x9703, 0x9703, 0x9703, 0xD7EF,
  0xD7EF, 0xD7EF, 0x9703, 0x9703, 0x9703, 0xD7EF, 0xE6F9, 0xE6F9, 0xE6F9, 0xD7EF, 0xD7EF, 0x9703,
  0x4AAC, 0xB5F8, 0xB5F8, 0x9703, 0xD7EF, 0xD7EF, 0xD7EF, 0xE6F9, 0xD7EF, 0x2146, 0x8452, 0x0842,
  0x0000, 0x0000, 0x0000, 0x0000, 0x0000, 0x0000, 0x0000, 0x0000, 0x0000, 0x0000, 0x0000, 0x0000,
  0x0000, 0x0000, 0x0000, 0x0000, 0x0000, 0x0000, 0x0842, 0x2146, 0x4AAC, 0x2146, 0x4AAC, 0x2146,
  0x2146, 0x4AAC, 0x2146, 0x4AAC, 0x4AAC, 0x2146, 0x0842, 0x4AAC, 0x0842, 0x4AAC, 0x4AAC, 0x4AAC,
  0x0842, 0x4AAC, 0x4AAC, 0x4AAC, 0x4AAC, 0x4AAC, 0x4AAC, 0x4AAC, 0x4AAC, 0x0842, 0xE6F9, 0x0842,
  0x4AAC, 0x4AAC, 0x4AAC, 0x4AAC, 0x4AAC, 0x4AAC, 0x4AAC, 0x4AAC, 0x0842, 0xE6F9, 0x0842, 0xE6F9,
  0x0842, 0xE6F9, 0xE6F9, 0xE6F9, 0x0842, 0x0842, 0x0842, 0x0842, 0x0842, 0xE6F9, 0xE6F9, 0xE6F9,
  0xE6F9, 0xE6F9, 0x8452, 0xE6F9, 0xE6F9, 0xE6F9, 0xE6F9, 0x2146, 0xE6F9, 0xE6F9, 0xE6F9, 0xE6F9,
  0xE6F9, 0xE6F9, 0x8452, 0x0842, 0xE6F9, 0xE6F9, 0xE6F9, 0xE6F9, 0xE6F9, 0xE6F9, 0xE6F9, 0xE6F9,
  0xB5F8, 0xE6F9, 0xE6F9, 0xE6F9, 0xE6F9, 0xE6F9, 0xE6F9, 0xE6F9, 0xE6F9, 0xE6F9, 0x0842, 0x038E,
  0x038E, 0x038E, 0x038E, 0x580B, 0x580B, 0x580B, 0x580B, 0xE6F9, 0xE6F9, 0xE6F9, 0xE6F9, 0xE6F9,
  0xE6F9, 0xE6F9, 0xE6F9, 0xE6F9, 0x2146, 0x4AAC, 0x4402, 0x9703, 0x9703, 0x9703, 0xD7EF, 0x9703,
  0x9703, 0x9703, 0x9703, 0x9703, 0xD7EF, 0xD7EF, 0xD7EF, 0xE6F9, 0xE6F9, 0xE6F9, 0xE6F9, 0x9703,
  0x0842, 0x4AAC, 0x8452, 0x9703, 0x4402, 0xD7EF, 0xD7EF, 0xE6F9, 0xE6F9, 0xD7EF, 0x9703, 0x9703,
  0x0842, 0x0000, 0x0000, 0x0000, 0x0000, 0x0000, 0x0000, 0x0000, 0x0000, 0x0000, 0x0000, 0x0000,
  0x0000, 0x0000, 0x0000, 0x0000, 0x0000, 0x0000, 0x0842, 0x4AAC, 0x4AAC, 0x2146, 0x2146, 0x2146,
  0x2146, 0x2146, 0x2146, 0x4AAC, 0x4AAC, 0x2146, 0x0842, 0x4AAC, 0x0842, 0x4AAC, 0x4AAC, 0x4AAC,
  0x0842, 0x4AAC, 0x4AAC, 0x4AAC, 0x4AAC, 0x4AAC, 0x4AAC, 0x4AAC, 0x2146, 0xE6F9, 0xE6F9, 0x0842,
  0x4AAC, 0x4AAC, 0x4AAC, 0x4AAC, 0x4AAC, 0x4AAC, 0x4AAC, 0x4AAC, 0xE6F9, 0xE6F9, 0xE6F9, 0xE6F9,
  0xE6F9, 0xE6F9, 0xE6F9, 0xE6F9, 0x580B, 0x580B, 0x580B, 0x9192, 0x580B, 0x9192, 0x580B, 0x0842,
  0xE6F9, 0xE6F9, 0x8452, 0xE6F9, 0xE6F9, 0xE6F9, 0xE6F9, 0xE6F9, 0x4AAC, 0xE6F9, 0xE6F9, 0xE6F9,
  0xE6F9, 0x8452, 0x4AAC, 0xE6F9, 0xE6F9, 0xE6F9, 0x8452, 0xE6F9, 0xE6F9, 0xE6F9, 0xE6F9, 0xE6F9,
  0xE6F9, 0xE6F9, 0xE6F9, 0xE6F9, 0xE6F9, 0xE6F9, 0xE6F9, 0xE6F9, 0xE6F9, 0xE6F9, 0xE6F9, 0x038E,
  0x038E, 0x038E, 0x038E, 0x580B, 0x580B, 0x580B, 0x580B, 0xE6F9, 0xE6F9, 0xE6F9, 0x038E, 0x038E,
  0x038E, 0x038E, 0xE6F9, 0xE6F9, 0x4AAC, 0x4AAC, 0x0842, 0x9703, 0x9703, 0x9703, 0x9703, 0x9703,
  0x9703, 0x9703, 0x9703, 0xD7EF, 0xD7EF, 0xD7EF, 0xD7EF, 0xD7EF, 0xE6F9, 0xE6F9, 0xE6F9, 0xD7EF,
  0x9703, 0x4AAC, 0x4AAC, 0xB5F8, 0x9703, 0x9703, 0xD7EF, 0xD7EF, 0xD7EF, 0xD7EF, 0xD7EF, 0x0842,
  0x9703, 0x0842, 0x0000, 0x0000, 0x0000, 0x0000, 0x0000, 0x0000, 0x0000, 0x0000, 0x0000, 0x0000,
  0x0000, 0x0000, 0x0000, 0x0000, 0x0000, 0x0000, 0x0842, 0x4AAC, 0x4AAC, 0x2146, 0x2146, 0x2146,
  0x2146, 0x2146, 0x2146, 0x0842, 0x0842, 0x2146, 0x0842, 0x2146, 0x4AAC, 0x0842, 0x0842, 0x0842,
  0x4AAC, 0x4AAC, 0x4AAC, 0x4AAC, 0x4AAC, 0x4AAC, 0x4AAC, 0x2146, 0xE6F9, 0xE6F9, 0xE6F9, 0xE6F9,
  0xE6F9, 0xE6F9, 0x580B, 0x580B, 0x580B, 0xE6F9, 0xE6F9, 0xE6F9, 0xE6F9, 0xE6F9, 0xE6F9, 0xE6F9,
  0xE6F9, 0xE6F9, 0xE6F9, 0x9192, 0x9192, 0x580B, 0x580B, 0x580B, 0x0842, 0x0842, 0x0842, 0x8452,
  0x0842, 0xE6F9, 0xB5F8, 0xE6F9, 0xE6F9, 0xE6F9, 0xE6F9, 0xE6F9, 0xE6F9, 0x8452, 0xE6F9, 0xE6F9,
  0xE6F9, 0x4AAC, 0xE6F9, 0xE6F9, 0xE6F9, 0xE6F9, 0x8452, 0xE6F9, 0xE6F9, 0xE6F9, 0xE6F9, 0xE6F9,
  0xE6F9, 0xE6F9, 0xE6F9, 0xE6F9, 0xE6F9, 0xE6F9, 0xE6F9, 0xE6F9, 0xE6F9, 0xE6F9, 0xE6F9, 0x038E,
  0x038E, 0x038E, 0x038E, 0x580B, 0x580B, 0x580B, 0x580B, 0x0842, 0xE6F9, 0x4AAC, 0x4AAC, 0x4AAC,
  0x4AAC, 0x8452, 0xE6F9, 0xE6F9, 0x0842, 0x4AAC, 0x2146, 0x8452, 0x9703, 0x9703, 0x9703, 0xD7EF,
  0x9703, 0xD7EF, 0xD7EF, 0xD7EF, 0xD7EF, 0xD7EF, 0xD7EF, 0xD7EF, 0xD7EF, 0xD7EF, 0xE6F9, 0xD7EF,
  0xD7EF, 0x9703, 0x4AAC, 0x8452, 0x0842, 0x9703, 0x9703, 0x9703, 0xD7EF, 0xD7EF, 0xD7EF, 0xD7EF,
  0x9703, 0x9703, 0x0842, 0x0000, 0x0000, 0x0000, 0x0000, 0x0000, 0x0000, 0x0000, 0x0000, 0x0000,
  0x0000, 0x0000, 0x0000, 0x0000, 0x0000, 0x0000, 0x0842, 0x2146, 0x4AAC, 0x2146, 0x2146, 0x2146,
  0x2146, 0x0842, 0x4AAC, 0x4AAC, 0x4AAC, 0x4AAC, 0x4AAC, 0x0842, 0x0842, 0x0842, 0x0842, 0x8452,
  0x4AAC, 0x4AAC, 0x4AAC, 0x4AAC, 0x4AAC, 0x4AAC, 0x4AAC, 0xE6F9, 0xE6F9, 0xE6F9, 0xE6F9, 0xE6F9,
  0xE6F9, 0x580B, 0x580B, 0x580B, 0x580B, 0xE6F9, 0xE6F9, 0xE6F9, 0xE6F9, 0xE6F9, 0xE6F9, 0xE6F9,
  0xE6F9, 0xE6F9, 0x0842, 0x580B, 0x9192, 0x9192, 0x9192, 0x0842, 0x0842, 0x4AAC, 0x0842, 0x4AAC,
  0x8452, 0xE6F9, 0x8452, 0xE6F9, 0xE6F9, 0xE6F9, 0xE6F9, 0xE6F9, 0xE6F9, 0x0842, 0x0842, 0xE6F9,
  0x0842, 0x0842, 0xE6F9, 0xE6F9, 0xE6F9, 0xE6F9, 0xE6F9, 0x8452, 0x8452, 0xE6F9, 0xE6F9, 0xE6F9,
  0x4AAC, 0xE6F9, 0xE6F9, 0xE6F9, 0xE6F9, 0xE6F9, 0xE6F9, 0xE6F9, 0xE6F9, 0xE6F9, 0xE6F9, 0x038E,
  0x038E, 0x038E, 0x038E, 0x580B, 0x580B, 0x580B, 0x580B, 0x0842, 0xE6F9, 0xE6F9, 0x4AAC, 0x8452,
  0x8452, 0xE6F9, 0xE6F9, 0xE6F9, 0xE6F9, 0x4AAC, 0x4AAC, 0x2146, 0x2146, 0x9703, 0x9703, 0x9703,
  0x9703, 0x9703, 0xD7EF, 0xD7EF, 0xD7EF, 0xD7EF, 0xD7EF, 0xD7EF, 0xD7EF, 0xD7EF, 0xD7EF, 0xD7EF,
  0xD7EF, 0xD7EF, 0x0842, 0x4AAC, 0x8452, 0x0842, 0x9703, 0x9703, 0x9703, 0xD7EF, 0xD7EF, 0xD7EF,
  0x2146, 0x4402, 0x0842, 0x0000, 0x0000, 0x0000, 0x0000, 0x0000, 0x0000, 0x0000, 0x0000, 0x0000,
  0x0000, 0x0000, 0x0000, 0x0000, 0x0000, 0x0000, 0x0842, 0x2146, 0x2146, 0x2146, 0x2146, 0x2146,
  0x2146, 0x0842, 0x4AAC, 0xB5F8, 0x2146, 0x8452, 0xB5F8, 0x4AAC, 0x8452, 0x2146, 0x0842, 0x8452,
  0x4AAC, 0x8452, 0x8452, 0x4AAC, 0x8452, 0x8452, 0x0842, 0xE6F9, 0xE6F9, 0xE6F9, 0xE6F9, 0xE6F9,
  0xE6F9, 0x580B, 0x580B, 0x580B, 0x9192, 0xE6F9, 0xE6F9, 0xE6F9, 0xE6F9, 0xE6F9, 0xE6F9, 0xE6F9,
  0xE6F9, 0x0842, 0x9192, 0x9192, 0x9192, 0x9192, 0x4AAC, 0x4AAC, 0x2146, 0x4AAC, 0x0842, 0x4AAC,
  0x8452, 0xE6F9, 0x8452, 0xE6F9, 0xE6F9, 0xE6F9, 0xE6F9, 0xE6F9, 0x0842, 0x0842, 0x0842, 0x8452,
  0x2146, 0x0842, 0x0842, 0xE6F9, 0xE6F9, 0xE6F9, 0xE6F9, 0xE6F9, 0xE6F9, 0xE6F9, 0xE6F9, 0xE6F9,
  0xE6F9, 0xE6F9, 0xE6F9, 0xE6F9, 0xE6F9, 0xE6F9, 0xE6F9, 0xE6F9, 0xE6F9, 0xE6F9, 0xE6F9, 0x0842,
  0x038E, 0x038E, 0x038E, 0x4AAC, 0x580B, 0x580B, 0x580B, 0x3006, 0xE6F9, 0xE6F9, 0xE6F9, 0xE6F9,
  0xE6F9, 0xE6F9, 0xE6F9, 0xE6F9, 0xB5F8, 0xE6F9, 0x4AAC, 0x4AAC, 0x2146, 0x2146, 0x9703, 0x9703,
  0x4402, 0x4402, 0x9703, 0xD7EF, 0xD7EF, 0xD7EF, 0xD7EF, 0xD7EF, 0xD7EF, 0xD7EF, 0xD7EF, 0x9703,
  0x9703, 0x9703, 0x9703, 0x0842, 0x4AAC, 0x8452, 0x8452, 0x9703, 0x9703, 0x9703, 0x9703, 0x9703,
  0xD7EF, 0x0842, 0x0842, 0x0000, 0x0000, 0x0000, 0x0000, 0x0000, 0x0000, 0x0000, 0x0000, 0x0000,
  0x0000, 0x0000, 0x0000, 0x0000, 0x0000, 0x0000, 0x0842, 0x0842, 0x4AAC, 0x4AAC, 0x0842, 0x0842,
  0x0842, 0x0842, 0x2146, 0x8452, 0x8452, 0x8452, 0x8452, 0x4AAC, 0x2146, 0x8452, 0x0842, 0x4AAC,
  0x4AAC, 0x4AAC, 0x4AAC, 0x4AAC, 0x4AAC, 0x4AAC, 0xE6F9, 0xE6F9, 0xE6F9, 0xE6F9, 0xE6F9, 0xE6F9,
  0xE6F9, 0x580B, 0x580B, 0x580B, 0xE6F9, 0xE6F9, 0xE6F9, 0xE6F9, 0xE6F9, 0xE6F9, 0xE6F9, 0xE6F9,
  0xE6F9, 0x0842, 0x580B, 0x580B, 0x9192, 0x0842, 0x0842, 0x0842, 0x0842, 0x0842, 0x0842, 0x4AAC,
  0x8452, 0xE6F9, 0x8452, 0xE6F9, 0xE6F9, 0xE6F9, 0xE6F9, 0x2146, 0x580B, 0xB5F8, 0x9703, 0xD7EF,
  0x8452, 0x8452, 0xE6F9, 0x0842, 0xE6F9, 0xE6F9, 0x8452, 0xE6F9, 0xE6F9, 0xE6F9, 0xE6F9, 0xE6F9,
  0x8452, 0x8452, 0x8452, 0x8452, 0x8452, 0x8452, 0x8452, 0xB5F8, 0xB5F8, 0xB5F8, 0x8452, 0xB5F8,
  0x038E, 0x038E, 0x038E, 0x038E, 0x580B, 0x580B, 0x580B, 0x580B, 0xE6F9, 0xE6F9, 0xE6F9, 0xE6F9,
  0xE6F9, 0xE6F9, 0xE6F9, 0xE6F9, 0xE6F9, 0xE6F9, 0xE6F9, 0x2146, 0x4AAC, 0x2146, 0x0842, 0x9703,
  0x4402, 0x9703, 0x9703, 0x9703, 0x9703, 0x9703, 0x9703, 0x9703, 0x9703, 0x9703, 0x9703, 0x9703,
  0x9703, 0x9703, 0x9703, 0x4AAC, 0x4AAC, 0x4AAC, 0x8452, 0x0842, 0x9703, 0x9703, 0x9703, 0xD7EF,
  0xD7EF, 0xE6F9, 0x0842, 0x0000, 0x0000, 0x0000, 0x0000, 0x0000, 0x0000, 0x0000, 0x0000, 0x0000,
  0x0000, 0x0000, 0x0000, 0x0000, 0x0000, 0x0000, 0x0000, 0x0000, 0x0842, 0x0842, 0x0000, 0x0000,
  0x0842, 0x0842, 0x2146, 0x8452, 0x0842, 0x8452, 0x8452, 0x8452, 0x2146, 0x8452, 0x0842, 0x4AAC,
  0x4AAC, 0x4AAC, 0x4AAC, 0x0842, 0x4AAC, 0x0842, 0x0842, 0x0842, 0x0842, 0x0842, 0xE6F9, 0xE6F9,
  0xB5F8, 0x4AAC, 0x8452, 0x8452, 0x4AAC, 0xE6F9, 0xE6F9, 0xE6F9, 0xE6F9, 0xE6F9, 0xE6F9, 0xE6F9,
  0xE6F9, 0x0842, 0x580B, 0x580B, 0x580B, 0x0842, 0x8452, 0x8452, 0x0842, 0x0842, 0x0842, 0x0842,
  0x4AAC, 0xE6F9, 0x8452, 0xE6F9, 0xE6F9, 0xE6F9, 0xE6F9, 0x0842, 0x580B, 0x2146, 0xB5F8, 0xD7EF,
  0x2146, 0x580B, 0x580B, 0x8452, 0xE6F9, 0xE6F9, 0xE6F9, 0xE6F9, 0xE6F9, 0xE6F9, 0xE6F9, 0x8452,
  0x0842, 0x0842, 0x0842, 0x0842, 0x0842, 0x0842, 0xB5F8, 0xB5F8, 0xB5F8, 0xB5F8, 0x0842, 0x0842,
  0x0842, 0x0842, 0x038E, 0x0842, 0x0842, 0x580B, 0x580B, 0x0842, 0x0842, 0x0842, 0x8452, 0x8452,
  0xE6F9, 0xE6F9, 0x8452, 0xE6F9, 0xE6F9, 0xE6F9, 0xE6F9, 0xE6F9, 0x4AAC, 0x4AAC, 0x4AAC, 0x0842,
  0x9703, 0x9703, 0x9703, 0x9703, 0x9703, 0x9703, 0x9703, 0x9703, 0x9703, 0x9703, 0x9703, 0x9703,
  0x9703, 0x9703, 0x2146, 0x4AAC, 0x4AAC, 0x4AAC, 0x4AAC, 0x8452, 0x8452, 0x9703, 0x9703, 0x9703,
  0xD7EF, 0xD7EF, 0xE6F9, 0x0842, 0x0000, 0x0000, 0x0000, 0x0000, 0x0000, 0x0000, 0x0000, 0x0000,
  0x0000, 0x0000, 0x0000, 0x0000, 0x0000, 0x0000, 0x0000, 0x0000, 0x0000, 0x0000, 0x0000, 0x0000,
  0x0842, 0x0842, 0x2146, 0x8452, 0x0842, 0x8452, 0x8452, 0x8452, 0x8452, 0x8452, 0x0842, 0x4AAC,
  0x4AAC, 0x4AAC, 0x0842, 0x4AAC, 0x4AAC, 0x4AAC, 0x4AAC, 0x4AAC, 0x4AAC, 0x8452, 0xE6F9, 0xE6F9,
  0x038E, 0x038E, 0x038E, 0x038E, 0x038E, 0x038E, 0x038E, 0xE6F9, 0xE6F9, 0xE6F9, 0xE6F9, 0xE6F9,
  0xE6F9, 0x0842, 0x580B, 0x580B, 0x580B, 0x0842, 0x8452, 0x8452, 0x8452, 0x4AAC, 0x0842, 0x4AAC,
  0x0842, 0xE6F9, 0x8452, 0xE6F9, 0xE6F9, 0xE6F9, 0xE6F9, 0x0842, 0x580B, 0x580B, 0x9703, 0x9703,
  0x8452, 0x580B, 0x580B, 0xE6F9, 0xE6F9, 0xE6F9, 0x8452, 0xE6F9, 0xE6F9, 0xE6F9, 0x8452, 0x0842,
  0x2146, 0x2146, 0x0842, 0x2146, 0x2146, 0x2146, 0x2146, 0x0842, 0x2146, 0x4AAC, 0x2146, 0x2146,
  0x4AAC, 0x4AAC, 0x4AAC, 0x4AAC, 0x2146, 0x2146, 0x2146, 0x2146, 0x2146, 0x2146, 0x4AAC, 0x0842,
  0x8452, 0x8452, 0xE6F9, 0xE6F9, 0xE6F9, 0xE6F9, 0xE6F9, 0xE6F9, 0xE6F9, 0x2146, 0x4AAC, 0x4AAC,
  0x0842, 0x9703, 0x9703, 0x9703, 0x9703, 0x9703, 0x9703, 0x9703, 0x9703, 0x9703, 0x9703, 0x9703,
  0x9703, 0x9703, 0x8452, 0x8452, 0x0842, 0x8452, 0x4AAC, 0x4AAC, 0x8452, 0x8452, 0x9703, 0x9703,
  0xD7EF, 0x9703, 0x9703, 0x0842, 0x0000, 0x0000, 0x0000, 0x0000, 0x0000, 0x0000, 0x0000, 0x0000,
  0x0000, 0x0000, 0x0000, 0x0000, 0x0000, 0x0000, 0x0000, 0x0000, 0x0000, 0x0000, 0x0000, 0x0000,
  0x0842, 0x0842, 0x2146, 0x8452, 0x8452, 0x8452, 0x8452, 0x8452, 0x8452, 0x8452, 0x0842, 0x4AAC,
  0x4AAC, 0x4AAC, 0x4AAC, 0x4AAC, 0x4AAC, 0x4AAC, 0x4AAC, 0x4AAC, 0x4AAC, 0x8452, 0xE6F9, 0x4AAC,
  0x038E, 0x038E, 0x038E, 0x038E, 0x038E, 0x038E, 0x038E, 0x038E, 0xE6F9, 0xE6F9, 0xE6F9, 0xE6F9,
  0xE6F9, 0x0842, 0x580B, 0x580B, 0x580B, 0x0842, 0x4AAC, 0x0842, 0x0842, 0x4AAC, 0x0842, 0x4AAC,
  0x0842, 0xE6F9, 0x8452, 0xE6F9, 0xE6F9, 0xE6F9, 0xE6F9, 0xE6F9, 0x0842, 0x8452, 0x9703, 0xB5F8,
  0x9703, 0x0842, 0x2146, 0xE6F9, 0xE6F9, 0xE6F9, 0x8452, 0xE6F9, 0x8452, 0x8452, 0x8452, 0x2146,
  0x4AAC, 0x4AAC, 0x4AAC, 0x2146, 0x2146, 0x2146, 0x2146, 0x2146, 0x0842, 0x8452, 0x4AAC, 0x4AAC,
  0x4AAC, 0x4AAC, 0x4AAC, 0x4AAC, 0x4AAC, 0x4AAC, 0x4AAC, 0x4AAC, 0x4AAC, 0x4AAC, 0x4AAC, 0x4AAC,
  0x2146, 0x8452, 0xE6F9, 0xE6F9, 0xE6F9, 0xE6F9, 0xE6F9, 0xE6F9, 0xE6F9, 0xE6F9, 0xE6F9, 0x4AAC,
  0x4AAC, 0x2146, 0x9703, 0x9703, 0x9703, 0x9703, 0x9703, 0x9703, 0x9703, 0x9703, 0x9703, 0x9703,
  0x9703, 0x4AAC, 0x4AAC, 0x0842, 0x9703, 0xD7EF, 0x0842, 0x0842, 0x4AAC, 0x8452, 0xB5F8, 0x0842,
  0x8452, 0xD7EF, 0x9703, 0x0842, 0x0842, 0x0000, 0x0000, 0x0000, 0x0000, 0x0000, 0x0000, 0x0000,
  0x0000, 0x0000, 0x0000, 0x0000, 0x0000, 0x0000, 0x0000, 0x0000, 0x0000, 0x0000, 0x0000, 0x0000,
  0x0842, 0x0842, 0x2146, 0x4AAC, 0x4AAC, 0x4AAC, 0x4AAC, 0x4AAC, 0x2146, 0x4AAC, 0x0842, 0x4AAC,
  0x4AAC, 0x4AAC, 0x0842, 0x4AAC, 0x4AAC, 0x4AAC, 0x4AAC, 0x4AAC, 0x4AAC, 0x8452, 0xE6F9, 0xE6F9,
  0x038E, 0x038E, 0x038E, 0x038E, 0x038E, 0x038E, 0x038E, 0x038E, 0x038E, 0xE6F9, 0xE6F9, 0xE6F9,
  0xE6F9, 0xB5F8, 0x580B, 0x580B, 0x580B, 0x0842, 0x0842, 0x0842, 0x0842, 0x0842, 0x0842, 0x4AAC,
  0x0842, 0xE6F9, 0xE6F9, 0xE6F9, 0xE6F9, 0xE6F9, 0xE6F9, 0xE6F9, 0xE6F9, 0x2146, 0x8452, 0x9703,
  0x9703, 0x4AAC, 0xE6F9, 0xE6F9, 0xE6F9, 0xE6F9, 0xE6F9, 0x8452, 0xB5F8, 0x2146, 0x4AAC, 0x2146,
  0x8452, 0x2146, 0x4AAC, 0x4AAC, 0x4AAC, 0x4AAC, 0x4AAC, 0x2146, 0x0842, 0x0842, 0x4AAC, 0x4AAC,
  0x4AAC, 0x4AAC, 0x4AAC, 0x8452, 0x4AAC, 0x4AAC, 0x8452, 0x4AAC, 0x4AAC, 0x4AAC, 0x4AAC, 0x4AAC,
  0x4AAC, 0x0842, 0x8452, 0xE6F9, 0xE6F9, 0xE6F9, 0xE6F9, 0xE6F9, 0xE6F9, 0xE6F9, 0xE6F9, 0xE6F9,
  0x4AAC, 0x4AAC, 0x2146, 0x9703, 0x0842, 0x9703, 0x0842, 0x0842, 0x9703, 0x0842, 0x0842, 0x0842,
  0x8452, 0x8452, 0x0842, 0x9703, 0x9703, 0xD7EF, 0xE6F9, 0xE6F9, 0x0842, 0x4AAC, 0x8452, 0xB5F8,
  0x0842, 0x0842, 0x8452, 0x0842, 0x0842, 0x0000, 0x0000, 0x0000, 0x0000, 0x0000, 0x0000, 0x0000,
  0x0000, 0x0000, 0x0000, 0x0000, 0x0000, 0x0000, 0x0000, 0x0842, 0x0842, 0x0842, 0x0842, 0x0842,
  0x0842, 0x0842, 0x2146, 0x4AAC, 0x2146, 0x4AAC, 0x4AAC, 0x4AAC, 0x2146, 0x4AAC, 0x0842, 0x4AAC,
  0x4AAC, 0x4AAC, 0x4AAC, 0x4AAC, 0x4AAC, 0x4AAC, 0x4AAC, 0x4AAC, 0x4AAC, 0x8452, 0xE6F9, 0x8452,
  0x038E, 0x038E, 0x038E, 0x038E, 0x038E, 0x038E, 0x038E, 0x038E, 0x038E, 0x038E, 0xE6F9, 0xE6F9,
  0xE6F9, 0x0842, 0x580B, 0x580B, 0x580B, 0x0842, 0x4AAC, 0x0842, 0x8452, 0x8452, 0x0842, 0x4AAC,
  0x4AAC, 0xE6F9, 0x8452, 0x4AAC, 0x4AAC, 0x4AAC, 0xE6F9, 0xE6F9, 0xE6F9, 0x0842, 0x4402, 0x0842,
  0x0842, 0xE6F9, 0xE6F9, 0xE6F9, 0xE6F9, 0xE6F9, 0x8452, 0x8452, 0x4AAC, 0x4AAC, 0x4AAC, 0x4AAC,
  0x4AAC, 0x4AAC, 0x0842, 0x4AAC, 0x4AAC, 0x4AAC, 0x4AAC, 0x4AAC, 0x2146, 0x2146, 0x0842, 0x4AAC,
  0x4AAC, 0x4AAC, 0x4AAC, 0x4AAC, 0x4AAC, 0x4AAC, 0x4AAC, 0x4AAC, 0x4AAC, 0x8452, 0x4AAC, 0x4AAC,
  0x4AAC, 0x2146, 0x0842, 0x8452, 0xE6F9, 0xE6F9, 0xE6F9, 0xE6F9, 0xE6F9, 0xE6F9, 0xE6F9, 0xE6F9,
  0xE6F9, 0x4AAC, 0x4AAC, 0x4AAC, 0x4AAC, 0x8452, 0x4AAC, 0x8452, 0x4AAC, 0x4AAC, 0x8452, 0x8452,
  0x8452, 0x4AAC, 0x0842, 0x9703, 0x9703, 0x9703, 0xE6F9, 0xE6F9, 0xE6F9, 0x0842, 0x4AAC, 0x4AAC,
  0x0842, 0x0842, 0x0842, 0x0842, 0x0842, 0x0000, 0x0000, 0x0000, 0x0000, 0x0000, 0x0000, 0x0000,
  0x0000, 0x0000, 0x0000, 0x0000, 0x0000, 0x0000, 0x0000, 0x0842, 0x4AAC, 0x8452, 0x4AAC, 0x4AAC,
  0x0842, 0x0842, 0x0842, 0x2146, 0x2146, 0x2146, 0x2146, 0x2146, 0x2146, 0x4AAC, 0x0842, 0x4AAC,
  0x4AAC, 0x4AAC, 0x4AAC, 0x4AAC, 0x4AAC, 0x4AAC, 0x4AAC, 0x4AAC, 0x4AAC, 0x8452, 0xE6F9, 0xE6F9,
  0x4AAC, 0xB5F8, 0x4AAC, 0x4AAC, 0x4AAC, 0x4AAC, 0x038E, 0x038E, 0x038E, 0x4AAC, 0xE6F9, 0xE6F9,
  0xE6F9, 0x580B, 0x580B, 0x580B, 0x580B, 0x0842, 0x4AAC, 0x4AAC, 0x4AAC, 0x8452, 0x2146, 0x0842,
  0x8452, 0xE6F9, 0xE6F9, 0xE6F9, 0xB5F8, 0xE6F9, 0xE6F9, 0xE6F9, 0xE6F9, 0xE6F9, 0x0842, 0x0842,
  0x4AAC, 0xE6F9, 0xE6F9, 0xE6F9, 0xE6F9, 0x8452, 0x8452, 0x2146, 0x4AAC, 0x4AAC, 0x4AAC, 0x4AAC,
  0x4AAC, 0x4AAC, 0x0842, 0x4AAC, 0x4AAC, 0x4AAC, 0x4AAC, 0x4AAC, 0x4AAC, 0x2146, 0x2146, 0x2146,
  0x0842, 0x0842, 0x0842, 0x0842, 0x0842, 0x0842, 0x0842, 0x2146, 0x2146, 0x4AAC, 0x4AAC, 0x4AAC,
  0x4AAC, 0x4AAC, 0x4AAC, 0x4AAC, 0x8452, 0xE6F9, 0xE6F9, 0xE6F9, 0x8452, 0xE6F9, 0xE6F9, 0xE6F9,
  0xE6F9, 0xE6F9, 0x4AAC, 0x4AAC, 0x4AAC, 0x4AAC, 0x4AAC, 0x4AAC, 0x4AAC, 0x4AAC, 0x4AAC, 0x4AAC,
  0x4AAC, 0x4AAC, 0x0842, 0x9703, 0xD7EF, 0x9703, 0xD7EF, 0x9703, 0x9703, 0x4AAC, 0x4AAC, 0x0842,
  0x9703, 0x9703, 0x9703, 0x2146, 0x0842, 0x0000, 0x0000, 0x0000, 0x0000, 0x0000, 0x0000, 0x0000,
  0x0000, 0x0000, 0x0000, 0x0000, 0x0000, 0x0000, 0x0842, 0x2146, 0x4AAC, 0x4AAC, 0x8452, 0x8452,
  0x4AAC, 0x4AAC, 0x2146, 0x2146, 0x2146, 0x2146, 0x2146, 0x2146, 0x4AAC, 0x4AAC, 0x0842, 0x4AAC,
  0x4AAC, 0x4AAC, 0x4AAC, 0x4AAC, 0x4AAC, 0x4AAC, 0x4AAC, 0x4AAC, 0x4AAC, 0x8452, 0xE6F9, 0xE6F9,
  0x038E, 0x038E, 0x038E, 0x038E, 0x038E, 0x038E, 0x038E, 0x038E, 0x038E, 0x038E, 0x4AAC, 0xE6F9,
  0xE6F9, 0x580B, 0x580B, 0x580B, 0x580B, 0x0842, 0x0842, 0x0842, 0x0842, 0x0842, 0x0842, 0x4AAC,
  0x8452, 0xE6F9, 0x8452, 0xE6F9, 0x4AAC, 0x8452, 0xE6F9, 0xE6F9, 0xE6F9, 0xE6F9, 0xE6F9, 0xE6F9,
  0xE6F9, 0xE6F9, 0xE6F9, 0xE6F9, 0x8452, 0x8452, 0x0842, 0x4AAC, 0x580B, 0x8452, 0x2146, 0x4AAC,
  0x4AAC, 0x4AAC, 0x4AAC, 0x2146, 0x4AAC, 0x4AAC, 0x4AAC, 0x4AAC, 0x4AAC, 0x4AAC, 0x2146, 0x2146,
  0x2146, 0x2146, 0x2146, 0x0842, 0x0842, 0x0842, 0x0842, 0x2146, 0x2146, 0x2146, 0x4AAC, 0x4AAC,
  0x4AAC, 0x4AAC, 0x4AAC, 0x4AAC, 0x0842, 0x8452, 0xE6F9, 0xB5F8, 0x4AAC, 0xE6F9, 0xE6F9, 0xE6F9,
  0xE6F9, 0xE6F9, 0xE6F9, 0x0842, 0x4AAC, 0x4AAC, 0x4AAC, 0x4AAC, 0x4AAC, 0x4AAC, 0x4AAC, 0x0842,
  0x4AAC, 0x4AAC, 0x4AAC, 0x9703, 0x9703, 0x9703, 0x4402, 0x9703, 0x9703, 0x4AAC, 0x8452, 0x9703,
  0xD7EF, 0xD7EF, 0xD7EF, 0xD7EF, 0x0842, 0x0000, 0x0000, 0x0000, 0x0000, 0x0000, 0x0000, 0x0000,
  0x0000, 0x0000, 0x0000, 0x0000, 0x0000, 0x0000, 0x0842, 0xB5F8, 0x4AAC, 0x2146, 0x8452, 0x4AAC,
  0x4AAC, 0x4AAC, 0x2146, 0x4AAC, 0x4AAC, 0x4AAC, 0x2146, 0x2146, 0x0842, 0x4AAC, 0x0842, 0x4AAC,
  0x4AAC, 0x4AAC, 0x0842, 0x0842, 0x4AAC, 0x4AAC, 0x0842, 0x0842, 0x0842, 0x4AAC, 0xE6F9, 0xE6F9,
  0xE6F9, 0x038E, 0x038E, 0x038E, 0xE6F9, 0xE6F9, 0x038E, 0xE6F9, 0x8452, 0x038E, 0xE6F9, 0xE6F9,
  0xE6F9, 0xB5F8, 0x580B, 0x580B, 0x580B, 0x0842, 0x0842, 0x0842, 0x0842, 0x0842, 0x0842, 0x2146,
  0x0842, 0x8452, 0x8452, 0x8452, 0x8452, 0x8452, 0x8452, 0x8452, 0x8452, 0x8452, 0xB5F8, 0x8452,
  0x8452, 0x8452, 0x8452, 0x8452, 0x8452, 0x2146, 0x4AAC, 0x4AAC, 0x4AAC, 0x4AAC, 0x4AAC, 0x2146,
  0x2146, 0x2146, 0x0842, 0x2146, 0x4AAC, 0x4AAC, 0x4AAC, 0x4AAC, 0x4AAC, 0x4AAC, 0x4AAC, 0x4AAC,
  0x4AAC, 0x2146, 0x0842, 0x8452, 0x8452, 0x8452, 0x8452, 0x8452, 0x0842, 0x2146, 0x2146, 0x4AAC,
  0x4AAC, 0x4AAC, 0x4AAC, 0x4AAC, 0x4AAC, 0x2146, 0x8452, 0xE6F9, 0xE6F9, 0xE6F9, 0xE6F9, 0xE6F9,
  0xE6F9, 0xE6F9, 0xE6F9, 0xE6F9, 0xE6F9, 0xE6F9, 0xE6F9, 0xE6F9, 0xE6F9, 0xE6F9, 0xE6F9, 0xE6F9,
  0xE6F9, 0x4AAC, 0x4AAC, 0x4AAC, 0x9703, 0x9703, 0x9703, 0x9703, 0x0842, 0x8452, 0x0842, 0xD7EF,
  0xD7EF, 0xD7EF, 0xD7EF, 0x0842, 0x0000, 0x0000, 0x0000, 0x0000, 0x0000, 0x0000, 0x0000, 0x0000,
  0x0000, 0x0000, 0x0000, 0x0000, 0x0000, 0x0000, 0x0842, 0x8452, 0x8452, 0x8452, 0x8452, 0x8452,
  0xB5F8, 0x0842, 0x2146, 0x2146, 0x2146, 0x2146, 0x2146, 0x2146, 0x2146, 0x4AAC, 0x0842, 0x4AAC,
  0x4AAC, 0x4AAC, 0x4AAC, 0x4AAC, 0x4AAC, 0x2146, 0x0842, 0xB5F8, 0xB5F8, 0xE6F9, 0xE6F9, 0xE6F9,
  0xE6F9, 0xB5F8, 0x580B, 0x580B, 0xE6F9, 0xE6F9, 0xE6F9, 0xE6F9, 0xE6F9, 0xE6F9, 0xE6F9, 0xE6F9,
  0xE6F9, 0x0842, 0x580B, 0x580B, 0x580B, 0x0842, 0x4AAC, 0x8452, 0x0842, 0x0842, 0x0842, 0x4AAC,
  0x0842, 0x0842, 0x0842, 0x0842, 0x0842, 0x0842, 0x0842, 0x0842, 0x0842, 0x0842, 0x8452, 0x0842,
  0x0842, 0x0842, 0x0842, 0x0842, 0x0842, 0x0842, 0x0842, 0x0842, 0x0842, 0x4AAC, 0x0842, 0x0842,
  0x0842, 0x0842, 0x0842, 0x0842, 0x0842, 0x4AAC, 0x4AAC, 0x4AAC, 0x4AAC, 0x4AAC, 0x4AAC, 0x0842,
  0x4AAC, 0x0842, 0x8452, 0x0842, 0x0842, 0x0842, 0x8452, 0x8452, 0x8452, 0x4AAC, 0x2146, 0x0842,
  0x4AAC, 0x4AAC, 0x4AAC, 0x4AAC, 0x4AAC, 0x4AAC, 0x4AAC, 0x8452, 0x8452, 0xE6F9, 0xE6F9, 0xE6F9,
  0xE6F9, 0xB5F8, 0xE6F9, 0xB5F8, 0x4AAC, 0x8452, 0x8452, 0x8452, 0x8452, 0xB5F8, 0xB5F8, 0x8452,
  0xB5F8, 0xE6F9, 0x2146, 0x4AAC, 0x4AAC, 0x2146, 0x4AAC, 0x0842, 0x4AAC, 0x8452, 0x9703, 0x9703,
  0xD7EF, 0xD7EF, 0xD7EF, 0x0842, 0x0000, 0x0000, 0x0000, 0x0000, 0x0000, 0x0000, 0x0000, 0x0000,
  0x0000, 0x0000, 0x0000, 0x0000, 0x0000, 0x0000, 0x0842, 0x8452, 0x8452, 0x8452, 0x8452, 0x8452,
  0x8452, 0x0842, 0x2146, 0x2146, 0x4AAC, 0x2146, 0x4AAC, 0x4AAC, 0x2146, 0x0842, 0x0842, 0x4AAC,
  0x4AAC, 0x4AAC, 0x4AAC, 0x4AAC, 0x4AAC, 0x4AAC, 0x0842, 0xB5F8, 0xE6F9, 0xE6F9, 0xE6F9, 0xE6F9,
  0xE6F9, 0x9192, 0x580B, 0x580B, 0xE6F9, 0xE6F9, 0xE6F9, 0xE6F9, 0xE6F9, 0xE6F9, 0xE6F9, 0xE6F9,
  0xE6F9, 0x0842, 0x580B, 0x580B, 0x580B, 0x580B, 0x2146, 0x4AAC, 0x4AAC, 0x4AAC, 0x0842, 0x8452,
  0x0842, 0x2146, 0x2146, 0x2146, 0x4AAC, 0x4AAC, 0x0842, 0x4AAC, 0x2146, 0x4AAC, 0x4AAC, 0x0842,
  0x4AAC, 0x4AAC, 0x2146, 0x0842, 0x2146, 0x4AAC, 0x4AAC, 0x4AAC, 0x0842, 0x4AAC, 0x2146, 0x2146,
  0x0842, 0x4AAC, 0x4AAC, 0x4AAC, 0x4AAC, 0x2146, 0x0842, 0x4AAC, 0x4AAC, 0x4AAC, 0x4AAC, 0x0842,
  0x2146, 0x8452, 0x0842, 0x2146, 0x4AAC, 0x8452, 0x8452, 0x8452, 0x8452, 0x8452, 0x0842, 0x4AAC,
  0x0842, 0x4AAC, 0x4AAC, 0x4AAC, 0x4AAC, 0x4AAC, 0x4AAC, 0x2146, 0x8452, 0xE6F9, 0xE6F9, 0xE6F9,
  0xE6F9, 0xE6F9, 0xE6F9, 0xE6F9, 0x4AAC, 0xB5F8, 0xE6F9, 0xE6F9, 0xE6F9, 0xE6F9, 0xE6F9, 0xE6F9,
  0xE6F9, 0xB5F8, 0xE6F9, 0x4AAC, 0x4AAC, 0x4AAC, 0x4AAC, 0x4AAC, 0x4AAC, 0x0842, 0x9703, 0x9703,
  0xD7EF, 0xD7EF, 0xD7EF, 0x0842, 0x0000, 0x0000, 0x0000, 0x0000, 0x0000, 0x0000, 0x0000, 0x0000,
  0x0000, 0x0000, 0x0000, 0x0000, 0x0000, 0x0000, 0x0842, 0x8452, 0x8452, 0x8452, 0x8452, 0x8452,
  0x8452, 0x0842, 0x2146, 0x0842, 0x0842, 0x4AAC, 0x0842, 0x4AAC, 0x2146, 0x0842, 0x0842, 0x4AAC,
  0x4AAC, 0x2146, 0x2146, 0x2146, 0x4AAC, 0x2146, 0x4AAC, 0x8452, 0xB5F8, 0x8452, 0x8452, 0x8452,
  0xB5F8, 0x580B, 0x580B, 0x9192, 0x580B, 0x8452, 0x8452, 0xB5F8, 0xB5F8, 0x8452, 0x8452, 0x8452,
  0xB5F8, 0x2146, 0x580B, 0x580B, 0x580B, 0x580B, 0x3006, 0x0842, 0x0842, 0x0842, 0x8452, 0x0842,
  0x2146, 0x4AAC, 0x4AAC, 0x4AAC, 0x4AAC, 0x4AAC, 0x0842, 0x4AAC, 0x4AAC, 0x4AAC, 0x4AAC, 0x0842,
  0x4AAC, 0x4AAC, 0x4AAC, 0x0842, 0x4AAC, 0x4AAC, 0x4AAC, 0x4AAC, 0x0842, 0x4AAC, 0x4AAC, 0x4AAC,
  0x0842, 0x4AAC, 0x4AAC, 0x4AAC, 0x4AAC, 0x4AAC, 0x4AAC, 0x0842, 0x4AAC, 0x4AAC, 0x4AAC, 0x2146,
  0x0842, 0x8452, 0x4AAC, 0x4AAC, 0x4AAC, 0x4AAC, 0x8452, 0x0842, 0x8452, 0x8452, 0x0842, 0x4AAC,
  0x2146, 0x2146, 0x4AAC, 0x4AAC, 0x4AAC, 0x4AAC, 0x4AAC, 0x4AAC, 0x4AAC, 0x0842, 0xE6F9, 0xE6F9,
  0xE6F9, 0xE6F9, 0xE6F9, 0xE6F9, 0xB5F8, 0x8452, 0x8452, 0xE6F9, 0xE6F9, 0xE6F9, 0xE6F9, 0xE6F9,
  0xE6F9, 0xE6F9, 0xE6F9, 0xE6F9, 0x0842, 0x4AAC, 0x4AAC, 0x4AAC, 0x8452, 0x4AAC, 0x9703, 0x9703,
  0xD7EF, 0xD7EF, 0x0842, 0x0842, 0x0000, 0x0000, 0x0000, 0x0000, 0x0000, 0x0000, 0x0000, 0x0000,
  0x0000, 0x0000, 0x0000, 0x0000, 0x0000, 0x0000, 0x0842, 0x4AAC, 0x4AAC, 0x4AAC, 0x4AAC, 0x4AAC,
  0x4AAC, 0x2146, 0x4AAC, 0x0842, 0x0842, 0x4AAC, 0x0842, 0x4AAC, 0x2146, 0x4AAC, 0x4AAC, 0x4AAC,
  0x4AAC, 0x2146, 0x2146, 0x2146, 0x2146, 0x2146, 0x4AAC, 0x4AAC, 0x8452, 0x8452, 0x8452, 0x8452,
  0x8452, 0x8452, 0x8452, 0x580B, 0x580B, 0x8452, 0x8452, 0x8452, 0x8452, 0x8452, 0x8452, 0x8452,
  0x8452, 0x8452, 0x8452, 0x580B, 0x580B, 0x580B, 0x580B, 0x4AAC, 0x580B, 0x0842, 0x2146, 0x2146,
  0x4AAC, 0x4AAC, 0x4AAC, 0x4AAC, 0x4AAC, 0x4AAC, 0x0842, 0x4AAC, 0x4AAC, 0x4AAC, 0x4AAC, 0x0842,
  0x4AAC, 0x4AAC, 0x4AAC, 0x0842, 0x4AAC, 0x4AAC, 0x4AAC, 0x4AAC, 0x0842, 0x4AAC, 0x4AAC, 0x4AAC,
  0x0842, 0x4AAC, 0x4AAC, 0x4AAC, 0x4AAC, 0x4AAC, 0x4AAC, 0x2146, 0x4AAC, 0x2146, 0x4AAC, 0x2146,
  0x2146, 0x4AAC, 0x0842, 0x4AAC, 0x580B, 0x580B, 0x4AAC, 0x0842, 0x8452, 0x4AAC, 0x0842, 0x4AAC,
  0x4AAC, 0x2146, 0x2146, 0x4AAC, 0x4AAC, 0x4AAC, 0x8452, 0x8452, 0x4AAC, 0x2146, 0x8452, 0x8452,
  0x8452, 0x8452, 0xE6F9, 0x8452, 0x4AAC, 0x8452, 0x8452, 0x8452, 0xE6F9, 0xE6F9, 0xE6F9, 0xE6F9,
  0xE6F9, 0xE6F9, 0x8452, 0xE6F9, 0xE6F9, 0x0842, 0x4AAC, 0x4AAC, 0x8452, 0x9703, 0x9703, 0x9703,
  0x9703, 0xE6F9, 0x0842, 0x0000, 0x0000, 0x0000, 0x0000, 0x0000, 0x0000, 0x0000, 0x0000, 0x0000,
  0x0000, 0x0000, 0x0000, 0x0000, 0x0000, 0x0000, 0x0842, 0x0842, 0x2146, 0x2146, 0x4AAC, 0x4AAC,
  0x4AAC, 0x2146, 0x2146, 0x2146, 0x2146, 0x2146, 0x0842, 0x4AAC, 0x0842, 0x4AAC, 0x4AAC, 0x4AAC,
  0x2146, 0x2146, 0x0842, 0x0842, 0x0842, 0x0842, 0x0842, 0x0842, 0x0842, 0x0842, 0x0842, 0x0842,
  0x0842, 0x0842, 0x0842, 0x0842, 0x0842, 0x0842, 0x2146, 0x0842, 0x0842, 0x0842, 0x0842, 0x0842,
  0x0842, 0x0842, 0x0842, 0x0842, 0x0842, 0x0842, 0x0842, 0x4AAC, 0x2146, 0x2146, 0x2146, 0x4AAC,
  0x4AAC, 0x4AAC, 0x4AAC, 0x8452, 0x0842, 0x4AAC, 0x2146, 0x4AAC, 0x4AAC, 0x4AAC, 0x4AAC, 0x0842,
  0x4AAC, 0x4AAC, 0x4AAC, 0x4AAC, 0x0842, 0x4AAC, 0x4AAC, 0x4AAC, 0x0842, 0x4AAC, 0x4AAC, 0x4AAC,
  0x4AAC, 0x0842, 0x4AAC, 0x4AAC, 0x4AAC, 0x4AAC, 0x4AAC, 0x2146, 0x4AAC, 0x4AAC, 0x4AAC, 0x0842,
  0x4AAC, 0x4AAC, 0x4AAC, 0x4AAC, 0x4AAC, 0x4AAC, 0x4AAC, 0x8452, 0x8452, 0x8452, 0x4AAC, 0x4AAC,
  0x4AAC, 0x4AAC, 0x2146, 0x2146, 0x0842, 0x0842, 0x0842, 0x0842, 0x0842, 0x0842, 0x0842, 0x0842,
  0x0842, 0x0842, 0x0842, 0x8452, 0xB5F8, 0x8452, 0x8452, 0x8452, 0x8452, 0xE6F9, 0xE6F9, 0xE6F9,
  0xE6F9, 0xE6F9, 0xE6F9, 0xE6F9, 0xE6F9, 0xE6F9, 0x0842, 0x4AAC, 0x0842, 0x9703, 0x9703, 0x9703,
  0x9703, 0xD7EF, 0x0842, 0x0000, 0x0000, 0x0000, 0x0000, 0x0000, 0x0000, 0x0000, 0x0000, 0x0000,
  0x0000, 0x0000, 0x0000, 0x0000, 0x0000, 0x0000, 0x0842, 0x0842, 0x2146, 0x2146, 0x2146, 0x2146,
  0x2146, 0x2146, 0x2146, 0x2146, 0x2146, 0x2146, 0x0842, 0x4AAC, 0x4AAC, 0x4AAC, 0x0842, 0x2146,
  0x2146, 0x2146, 0x2146, 0x2146, 0x2146, 0x2146, 0x2146, 0x4AAC, 0x4AAC, 0x2146, 0x2146, 0x2146,
  0x2146, 0x2146, 0x2146, 0x2146, 0x2146, 0x2146, 0x2146, 0x2146, 0x2146, 0x2146, 0x2146, 0x2146,
  0x2146, 0x2146, 0x2146, 0x2146, 0x2146, 0x4AAC, 0x4AAC, 0x4AAC, 0x4AAC, 0x4AAC, 0x4AAC, 0x4AAC,
  0x4AAC, 0x4AAC, 0x4AAC, 0x4AAC, 0x0842, 0x4AAC, 0x4AAC, 0x0842, 0x2146, 0x2146, 0x2146, 0x2146,
  0x2146, 0x2146, 0x2146, 0x2146, 0x0842, 0x2146, 0x2146, 0x2146, 0x4AAC, 0x2146, 0x2146, 0x2146,
  0x2146, 0x0842, 0x4AAC, 0x4AAC, 0x4AAC, 0x4AAC, 0x4AAC, 0x4AAC, 0x4AAC, 0x4AAC, 0x4AAC, 0x4AAC,
  0x4AAC, 0x2146, 0x4AAC, 0x2146, 0x0842, 0x4AAC, 0x0842, 0x8452, 0x8452, 0x0842, 0x4AAC, 0x2146,
  0x4AAC, 0x4AAC, 0x4AAC, 0x4AAC, 0x4AAC, 0x2146, 0x2146, 0x2146, 0x2146, 0x2146, 0x2146, 0x2146,
  0x2146, 0x2146, 0x2146, 0x2146, 0x8452, 0xB5F8, 0x8452, 0x8452, 0x8452, 0x8452, 0x8452, 0xE6F9,
  0xE6F9, 0xE6F9, 0xE6F9, 0xE6F9, 0xE6F9, 0xE6F9, 0x0842, 0x0842, 0x9703, 0x9703, 0x9703, 0x9703,
  0x9703, 0x0842, 0x0000, 0x0000, 0x0000, 0x0000, 0x0000, 0x0000, 0x0000, 0x0000, 0x0000, 0x0000,
  0x0000, 0x0000, 0x0000, 0x0000, 0x0000, 0x0000, 0x0842, 0x4AAC, 0x2146, 0x2146, 0x2146, 0x2146,
  0x2146, 0x2146, 0x2146, 0x2146, 0x2146, 0x2146, 0x0842, 0x4AAC, 0x4AAC, 0x4AAC, 0x4AAC, 0x0842,
  0x4AAC, 0x4AAC, 0x4AAC, 0x0842, 0x0842, 0x0842, 0x4AAC, 0x4AAC, 0x0842, 0x4AAC, 0x0842, 0x4AAC,
  0x0842, 0x4AAC, 0x4AAC, 0x4AAC, 0x4AAC, 0x4AAC, 0x4AAC, 0x4AAC, 0x4AAC, 0x4AAC, 0x4AAC, 0x4AAC,
  0x4AAC, 0x4AAC, 0x4AAC, 0x2146, 0x4AAC, 0x4AAC, 0x4AAC, 0x4AAC, 0x4AAC, 0x4AAC, 0x4AAC, 0x4AAC,
  0x4AAC, 0x4AAC, 0x4AAC, 0x4AAC, 0x0842, 0x0842, 0x4AAC, 0x0842, 0x2146, 0x2146, 0x2146, 0x2146,
  0x0842, 0x2146, 0x2146, 0x2146, 0x0842, 0x2146, 0x2146, 0x2146, 0x2146, 0x0842, 0x2146, 0x2146,
  0x2146, 0x0842, 0x0842, 0x2146, 0x2146, 0x2146, 0x4AAC, 0x4AAC, 0x2146, 0x4AAC, 0x4AAC, 0x4AAC,
  0x2146, 0x4AAC, 0x0842, 0x8452, 0x8452, 0x4AAC, 0x4AAC, 0x4AAC, 0x0842, 0x4AAC, 0x4AAC, 0x4AAC,
  0x4AAC, 0x4AAC, 0x4AAC, 0x4AAC, 0x4AAC, 0x4AAC, 0x4AAC, 0x4AAC, 0x4AAC, 0x4AAC, 0x4AAC, 0x4AAC,
  0x4AAC, 0x4AAC, 0x4AAC, 0x2146, 0x0842, 0x8452, 0xB5F8, 0xB5F8, 0x8452, 0x8452, 0x8452, 0x8452,
  0xE6F9, 0xE6F9, 0xE6F9, 0xE6F9, 0xE6F9, 0xE6F9, 0x0842, 0x0842, 0x9703, 0x9703, 0x9703, 0x9703,
  0x9703, 0x0842, 0x0000, 0x0000, 0x0000, 0x0000, 0x0000, 0x0000, 0x0000, 0x0000, 0x0000, 0x0000,
  0x0000, 0x0000, 0x0000, 0x0000, 0x0000, 0x0000, 0x0842, 0x4AAC, 0x2146, 0x2146, 0x2146, 0x2146,
  0x2146, 0x2146, 0x4AAC, 0x2146, 0x4AAC, 0x2146, 0x0842, 0x4AAC, 0x4AAC, 0x4AAC, 0x4AAC, 0x0842,
  0x4AAC, 0x4AAC, 0x8452, 0x4AAC, 0x8452, 0x8452, 0x4AAC, 0x8452, 0x8452, 0x4AAC, 0x8452, 0x4AAC,
  0x4AAC, 0x0842, 0x4AAC, 0x4AAC, 0x4AAC, 0x4AAC, 0x4AAC, 0x4AAC, 0x4AAC, 0x4AAC, 0x4AAC, 0x4AAC,
  0x4AAC, 0x4AAC, 0x2146, 0x4AAC, 0x4AAC, 0x4AAC, 0x4AAC, 0x4AAC, 0x4AAC, 0x4AAC, 0x580B, 0x4AAC,
  0x2146, 0x4AAC, 0x4AAC, 0x4AAC, 0x4AAC, 0x4AAC, 0x2146, 0x0842, 0x0842, 0x4AAC, 0x4AAC, 0x4AAC,
  0x0842, 0x0842, 0x4AAC, 0x4AAC, 0x4AAC, 0x0842, 0x4AAC, 0x4AAC, 0x4AAC, 0x2146, 0x0842, 0x4AAC,
  0x4AAC, 0x2146, 0x0842, 0x2146, 0x2146, 0x2146, 0x2146, 0x2146, 0x2146, 0x2146, 0x0842, 0x4AAC,
  0x4AAC, 0x4AAC, 0x4AAC, 0x4AAC, 0x0842, 0x0842, 0x4AAC, 0x0842, 0x4AAC, 0x4AAC, 0x4AAC, 0x4AAC,
  0x4AAC, 0x4AAC, 0x2146, 0x2146, 0x2146, 0x0842, 0x0842, 0x0842, 0x2146, 0x8452, 0x0842, 0x0842,
  0x2146, 0x4AAC, 0x4AAC, 0x4AAC, 0x2146, 0x2146, 0xB5F8, 0xB5F8, 0x8452, 0x8452, 0x8452, 0x8452,
  0xE6F9, 0xE6F9, 0xE6F9, 0xE6F9, 0xE6F9, 0xE6F9, 0xE6F9, 0x9703, 0x9703, 0xD7EF, 0x9703, 0x9703,
  0x0842, 0x0842, 0x0000, 0x0000, 0x0000, 0x0000, 0x0000, 0x0000, 0x0000, 0x0000, 0x0000, 0x0000,
  0x0000, 0x0000, 0x0000, 0x0000, 0x0000, 0x0000, 0x0842, 0x2146, 0x4AAC, 0x2146, 0x2146, 0x2146,
  0x2146, 0x2146, 0x4AAC, 0x4AAC, 0x4AAC, 0x0842, 0x0842, 0x0842, 0x4AAC, 0x4AAC, 0x4AAC, 0x0842,
  0x4AAC, 0x4AAC, 0x4AAC, 0x4AAC, 0x4AAC, 0x4AAC, 0x4AAC, 0x4AAC, 0x8452, 0x4AAC, 0x4AAC, 0x2146,
  0x4AAC, 0x0842, 0x4AAC, 0x4AAC, 0x4AAC, 0x4AAC, 0x4AAC, 0x2146, 0x4AAC, 0x4AAC, 0x4AAC, 0x4AAC,
  0x4AAC, 0x4AAC, 0x4AAC, 0x4AAC, 0x4AAC, 0x4AAC, 0x2146, 0x4AAC, 0x580B, 0x580B, 0x580B, 0x2146,
  0x4AAC, 0x4AAC, 0x4AAC, 0x4AAC, 0x4AAC, 0x4AAC, 0x4AAC, 0x4AAC, 0x2146, 0x2146, 0x0842, 0x2146,
  0x0842, 0x0000, 0x0842, 0x0842, 0x0842, 0x0000, 0x0842, 0x0842, 0x0842, 0x0842, 0x0000, 0x0842,
  0x0842, 0x0842, 0x0842, 0x0842, 0x4AAC, 0x2146, 0x2146, 0x2146, 0x2146, 0x2146, 0x2146, 0x2146,
  0x4AAC, 0x4AAC, 0x4AAC, 0x4AAC, 0x4AAC, 0x4AAC, 0x4AAC, 0x4AAC, 0x4AAC, 0x4AAC, 0x4AAC, 0x4AAC,
  0x4AAC, 0x2146, 0x4AAC, 0x4AAC, 0x4AAC, 0x4AAC, 0x4AAC, 0x4AAC, 0x4AAC, 0x4AAC, 0x4AAC, 0x4AAC,
  0x2146, 0x4AAC, 0x4AAC, 0x4AAC, 0x4AAC, 0x2146, 0x2146, 0xB5F8, 0xB5F8, 0x8452, 0x8452, 0x8452,
  0xB5F8, 0x8452, 0x8452, 0xE6F9, 0xE6F9, 0xE6F9, 0xE6F9, 0x0842, 0x0842, 0x8452, 0x580B, 0x8452,
  0x0842, 0x0000, 0x0000, 0x0000, 0x0000, 0x0000, 0x0000, 0x0000, 0x0000, 0x0000, 0x0000, 0x0000,
  0x0000, 0x0000, 0x0000, 0x0000, 0x0000, 0x0000, 0x0842, 0x4AAC, 0x2146, 0x4AAC, 0x2146, 0x2146,
  0x4AAC, 0x0842, 0x0842, 0x0842, 0x0842, 0x0000, 0x0000, 0x0842, 0x8452, 0x8452, 0x8452, 0x0842,
  0x4AAC, 0x4AAC, 0x0842, 0x8452, 0x2146, 0x4AAC, 0x4AAC, 0x4AAC, 0x4AAC, 0x0842, 0x4AAC, 0x4AAC,
  0x4AAC, 0x4AAC, 0x4AAC, 0x4AAC, 0x4AAC, 0x4AAC, 0x4AAC, 0x4AAC, 0x4AAC, 0x4AAC, 0x4AAC, 0x2146,
  0x4AAC, 0x4AAC, 0x4AAC, 0x2146, 0x4AAC, 0x4AAC, 0x4AAC, 0x4AAC, 0x4AAC, 0x4AAC, 0x4AAC, 0x4AAC,
  0x4AAC, 0x4AAC, 0x4AAC, 0x4AAC, 0x0842, 0x2146, 0x4AAC, 0x4AAC, 0x2146, 0x2146, 0x4AAC, 0x0842,
  0x0000, 0x0000, 0x0000, 0x0000, 0x0000, 0x0000, 0x0000, 0x0000, 0x0000, 0x0000, 0x0000, 0x0000,
  0x0000, 0x0000, 0x0000, 0x0000, 0x0842, 0x0842, 0x0842, 0x2146, 0x2146, 0x2146, 0x2146, 0x2146,
  0x2146, 0x2146, 0x4AAC, 0x4AAC, 0x2146, 0x2146, 0x2146, 0x2146, 0x2146, 0x4AAC, 0x4AAC, 0x4AAC,
  0x2146, 0x4AAC, 0x4AAC, 0x4AAC, 0x4AAC, 0x4AAC, 0x4AAC, 0x4AAC, 0x4AAC, 0x4AAC, 0x4AAC, 0x4AAC,
  0x4AAC, 0x4AAC, 0x4AAC, 0x4AAC, 0x4AAC, 0x4AAC, 0x2146, 0x2146, 0x8452, 0x8452, 0x4AAC, 0xB5F8,
  0xB5F8, 0x4AAC, 0x4AAC, 0xB5F8, 0xE6F9, 0x8452, 0x8452, 0xE6F9, 0xE6F9, 0xE6F9, 0xE6F9, 0xE6F9,
  0x0842, 0x0000, 0x0000, 0x0000, 0x0000, 0x0000, 0x0000, 0x0000, 0x0000, 0x0000, 0x0000, 0x0000,
  0x0000, 0x0000, 0x0000, 0x0000, 0x0000, 0x0000, 0x0000, 0x0842, 0x0842, 0x0842, 0x0842, 0x0842,
  0x0842, 0x0000, 0x0000, 0x0000, 0x0000, 0x0000, 0x0000, 0x0000, 0x0842, 0x0842, 0x0842, 0x0842,
  0x0842, 0x4AAC, 0x4AAC, 0x4AAC, 0x4AAC, 0x4AAC, 0x4AAC, 0x0842, 0x4AAC, 0x0842, 0x4AAC, 0x4AAC,
  0x4AAC, 0x4AAC, 0x0842, 0x2146, 0x2146, 0x2146, 0x2146, 0x2146, 0x2146, 0x2146, 0x4AAC, 0x4AAC,
  0x4AAC, 0x4AAC, 0x2146, 0x2146, 0x2146, 0x2146, 0x2146, 0x2146, 0x2146, 0x2146, 0x2146, 0x2146,
  0x2146, 0x2146, 0x2146, 0x2146, 0x4AAC, 0x0842, 0x0842, 0x0842, 0x2146, 0x2146, 0x0842, 0x0000,
  0x0000, 0x0000, 0x0000, 0x0000, 0x0000, 0x0000, 0x0000, 0x0000, 0x0000, 0x0000, 0x0000, 0x0000,
  0x0000, 0x0000, 0x0000, 0x0000, 0x0000, 0x0000, 0x0000, 0x0842, 0x4AAC, 0x2146, 0x2146, 0x2146,
  0x2146, 0x2146, 0x2146, 0x2146, 0x2146, 0x2146, 0x2146, 0x2146, 0x2146, 0x2146, 0x2146, 0x2146,
  0x0842, 0x4AAC, 0x4AAC, 0x4AAC, 0x4AAC, 0x4AAC, 0x4AAC, 0x4AAC, 0x4AAC, 0x4AAC, 0x4AAC, 0x4AAC,
  0x4AAC, 0x4AAC, 0x4AAC, 0x4AAC, 0x4AAC, 0x4AAC, 0x4AAC, 0x2146, 0x2146, 0x8452, 0x8452, 0x8452,
  0x8452, 0x8452, 0x8452, 0x8452, 0x8452, 0x8452, 0x8452, 0x0842, 0xE6F9, 0xE6F9, 0xE6F9, 0x0842,
  0x0000, 0x0000, 0x0000, 0x0000, 0x0000, 0x0000, 0x0000, 0x0000, 0x0000, 0x0000, 0x0000, 0x0000,
  0x0000, 0x0000, 0x0000, 0x0000, 0x0000, 0x0000, 0x0000, 0x0000, 0x0000, 0x0000, 0x0000, 0x0000,
  0x0000, 0x0000, 0x0000, 0x0000, 0x0000, 0x0000, 0x0000, 0x0000, 0x0000, 0x0000, 0x0000, 0x0000,
  0x0842, 0x4AAC, 0x4AAC, 0x0842, 0x0842, 0x0842, 0x0842, 0x0842, 0x0842, 0x0842, 0x0842, 0x4AAC,
  0x0842, 0x0842, 0x0842, 0x0842, 0x0842, 0x0842, 0x0842, 0x0842, 0x0842, 0x0842, 0x0842, 0x0842,
  0x0842, 0x0842, 0x0842, 0x0842, 0x0842, 0x0842, 0x0842, 0x0842, 0x0842, 0x0842, 0x0842, 0x0842,
  0x0842, 0x0842, 0x0842, 0x0842, 0x0842, 0x0842, 0x0842, 0x0842, 0x0842, 0x0842, 0x0000, 0x0000,
  0x0000, 0x0000, 0x0000, 0x0000, 0x0000, 0x0000, 0x0000, 0x0000, 0x0000, 0x0000, 0x0000, 0x0000,
  0x0000, 0x0000, 0x0000, 0x0000, 0x0000, 0x0000, 0x0000, 0x0000, 0x0842, 0x0842, 0x0842, 0x2146,
  0x2146, 0x2146, 0x2146, 0x2146, 0x2146, 0x2146, 0x2146, 0x2146, 0x2146, 0x2146, 0x2146, 0x2146,
  0x2146, 0x4AAC, 0x4AAC, 0x4AAC, 0x4AAC, 0x4AAC, 0x4AAC, 0x4AAC, 0x4AAC, 0x4AAC, 0x4AAC, 0x4AAC,
  0x4AAC, 0x4AAC, 0x4AAC, 0x4AAC, 0x4AAC, 0x4AAC, 0x4AAC, 0x4AAC, 0x2146, 0x2146, 0x8452, 0x8452,
  0x8452, 0x8452, 0x8452, 0x8452, 0x8452, 0x8452, 0x8452, 0x8452, 0x8452, 0x8452, 0x0842, 0x0000,
  0x0000, 0x0000, 0x0000, 0x0000, 0x0000, 0x0000, 0x0000, 0x0000, 0x0000, 0x0000, 0x0000, 0x0000,
  0x0000, 0x0000, 0x0000, 0x0000, 0x0000, 0x0000, 0x0000, 0x0000, 0x0000, 0x0000, 0x0000, 0x0000,
  0x0000, 0x0000, 0x0000, 0x0000, 0x0000, 0x0000, 0x0000, 0x0000, 0x0000, 0x0000, 0x0000, 0x0000,
  0x0000, 0x0842, 0x0842, 0x0000, 0x0000, 0x0000, 0x0000, 0x0000, 0x0000, 0x0000, 0x0842, 0x0842,
  0x0842, 0x0000, 0x0000, 0x0000, 0x0000, 0x0000, 0x0000, 0x0000, 0x0000, 0x0000, 0x0000, 0x0000,
  0x0000, 0x0000, 0x0000, 0x0000, 0x0000, 0x0000, 0x0000, 0x0000, 0x0000, 0x0000, 0x0000, 0x0000,
  0x0000, 0x0000, 0x0000, 0x0000, 0x0000, 0x0000, 0x0000, 0x0000, 0x0000, 0x0000, 0x0000, 0x0000,
  0x0000, 0x0000, 0x0000, 0x0000, 0x0000, 0x0000, 0x0000, 0x0000, 0x0000, 0x0000, 0x0000, 0x0000,
  0x0000, 0x0000, 0x0000, 0x0000, 0x0000, 0x0000, 0x0000, 0x0000, 0x0000, 0x0000, 0x0000, 0x0842,
  0x0842, 0x0842, 0x0842, 0x0842, 0x0842, 0x0842, 0x0842, 0x0842, 0x0842, 0x0842, 0x0842, 0x2146,
  0x2146, 0x2146, 0x4AAC, 0x2146, 0x4AAC, 0x2146, 0x2146, 0x2146, 0x2146, 0x2146, 0x2146, 0x2146,
  0x2146, 0x2146, 0x2146, 0x2146, 0x2146, 0x0842, 0x2146, 0x4AAC, 0x4AAC, 0x2146, 0x8452, 0x8452,
  0x8452, 0x8452, 0x8452, 0x0842, 0x0842, 0x0842, 0x0842, 0x2146, 0x0842, 0x0842, 0x0000, 0x0000,
  0x0000, 0x0842, 0x0842, 0x0842, 0x0842, 0x0000, 0x0000, 0x0000, 0x0000, 0x0000, 0x0000, 0x0000,
  0x0000, 0x0000, 0x0000, 0x0000, 0x0000, 0x0000, 0x0000, 0x0000, 0x0000, 0x0000, 0x0000, 0x0000,
  0x0000, 0x0000, 0x0000, 0x0000, 0x0000, 0x0000, 0x0000, 0x0000, 0x0000, 0x0000, 0x0000, 0x0000,
  0x0000, 0x0000, 0x0000, 0x0000, 0x0000, 0x0000, 0x0000, 0x0000, 0x0000, 0x0000, 0x0000, 0x0000,
  0x0000, 0x0000, 0x0000, 0x0000, 0x0000, 0x0000, 0x0000, 0x0000, 0x0000, 0x0000, 0x0000, 0x0000,
  0x0000, 0x0000, 0x0000, 0x0000, 0x0000, 0x0000, 0x0000, 0x0000, 0x0000, 0x0000, 0x0000, 0x0000,
  0x0000, 0x0000, 0x0000, 0x0000, 0x0000, 0x0000, 0x0000, 0x0000, 0x0000, 0x0000, 0x0000, 0x0000,
  0x0000, 0x0000, 0x0000, 0x0000, 0x0000, 0x0000, 0x0000, 0x0000, 0x0000, 0x0000, 0x0000, 0x0000,
  0x0000, 0x0000, 0x0000, 0x0000, 0x0000, 0x0000, 0x0000, 0x0000, 0x0000, 0x0000, 0x0000, 0x0000,
  0x0000, 0x0000, 0x0000, 0x0000, 0x0000, 0x0000, 0x0000, 0x0000, 0x0000, 0x0000, 0x0000, 0x0842,
  0x0842, 0x2146, 0x2146, 0x2146, 0x2146, 0x2146, 0x2146, 0x2146, 0x2146, 0x2146, 0x2146, 0x2146,
  0x2146, 0x2146, 0x2146, 0x2146, 0x2146, 0x0842, 0x2146, 0x2146, 0x2146, 0xB5F8, 0x8452, 0x8452,
  0x8452, 0xB5F8, 0x4AAC, 0x2146, 0x580B, 0x580B, 0x0842, 0x2146, 0x8452, 0x8452, 0x0842, 0x0842,
  0x0842, 0x8452, 0x4AAC, 0x4AAC, 0x8452, 0x0842, 0x0842, 0x0000, 0x0000, 0x0000, 0x0000, 0x0000,
  0x0000, 0x0000, 0x0000, 0x0000, 0x0000, 0x0000, 0x0000, 0x0000, 0x0000, 0x0000, 0x0000, 0x0000,
  0x0000, 0x0000, 0x0000, 0x0000, 0x0000, 0x0000, 0x0000, 0x0000, 0x0000, 0x0000, 0x0000, 0x0000,
  0x0000, 0x0000, 0x0000, 0x0000, 0x0000, 0x0000, 0x0000, 0x0000, 0x0000, 0x0000, 0x0000, 0x0000,
  0x0000, 0x0000, 0x0000, 0x0000, 0x0000, 0x0000, 0x0000, 0x0000, 0x0000, 0x0000, 0x0000, 0x0000,
  0x0000, 0x0000, 0x0000, 0x0000, 0x0000, 0x0000, 0x0000, 0x0000, 0x0000, 0x0000, 0x0000, 0x0000,
  0x0000, 0x0000, 0x0000, 0x0000, 0x0000, 0x0000, 0x0000, 0x0000, 0x0000, 0x0000, 0x0000, 0x0000,
  0x0000, 0x0000, 0x0000, 0x0000, 0x0000, 0x0000, 0x0000, 0x0000, 0x0000, 0x0000, 0x0000, 0x0000,
  0x0000, 0x0000, 0x0000, 0x0000, 0x0000, 0x0000, 0x0000, 0x0000, 0x0000, 0x0000, 0x0000, 0x0000,
  0x0000, 0x0000, 0x0000, 0x0000, 0x0000, 0x0000, 0x0000, 0x0000, 0x0000, 0x0000, 0x0000, 0x0000,
  0x0000, 0x0842, 0x0842, 0x0842, 0x4AAC, 0x4AAC, 0x4AAC, 0x4AAC, 0x4AAC, 0x4AAC, 0x4AAC, 0x4AAC,
  0x4AAC, 0x4AAC, 0x4AAC, 0x4AAC, 0x4AAC, 0x0842, 0x0842, 0x0842, 0x4AAC, 0xE6F9, 0xE6F9, 0xE6F9,
  0xE6F9, 0xB5F8, 0x0842, 0x8452, 0x580B, 0x0842, 0x0842, 0x0842, 0x8452, 0x8452, 0x0842, 0x8452,
  0x0842, 0x8452, 0x8452, 0x0842, 0x2146, 0x4AAC, 0x2146, 0x0842, 0x0000, 0x0000, 0x0000, 0x0000,
  0x0000, 0x0000, 0x0000, 0x0000, 0x0000, 0x0000, 0x0000, 0x0000, 0x0000, 0x0000, 0x0000, 0x0000,
  0x0000, 0x0000, 0x0000, 0x0000, 0x0000, 0x0000, 0x0000, 0x0000, 0x0000, 0x0000, 0x0000, 0x0000,
  0x0000, 0x0000, 0x0000, 0x0000, 0x0000, 0x0000, 0x0000, 0x0000, 0x0000, 0x0000, 0x0000, 0x0000,
  0x0000, 0x0000, 0x0000, 0x0000, 0x0000, 0x0000, 0x0000, 0x0000, 0x0000, 0x0000, 0x0000, 0x0000,
  0x0000, 0x0000, 0x0000, 0x0000, 0x0000, 0x0000, 0x0000, 0x0000, 0x0000, 0x0000, 0x0000, 0x0000,
  0x0000, 0x0000, 0x0000, 0x0000, 0x0000, 0x0000, 0x0000, 0x0000, 0x0000, 0x0000, 0x0000, 0x0000,
  0x0000, 0x0000, 0x0000, 0x0000, 0x0000, 0x0000, 0x0000, 0x0000, 0x0000, 0x0000, 0x0000, 0x0000,
  0x0000, 0x0000, 0x0000, 0x0000, 0x0000, 0x0000, 0x0000, 0x0000, 0x0000, 0x0000, 0x0000, 0x0000,
  0x0000, 0x0000, 0x0000, 0x0000, 0x0000, 0x0000, 0x0000, 0x0000, 0x0000, 0x0000, 0x0000, 0x0000,
  0x0000, 0x0000, 0x0000, 0x0000, 0x0842, 0x0842, 0x0842, 0x0842, 0x0842, 0x0842, 0x0842, 0x0842,
  0x0842, 0x0842, 0x0842, 0x0842, 0x0842, 0x0842, 0x0842, 0x4AAC, 0xB5F8, 0xB5F8, 0xB5F8, 0xE6F9,
  0xE6F9, 0xE6F9, 0x0842, 0x8452, 0x580B, 0x0842, 0x8452, 0x8452, 0x8452, 0x8452, 0x8452, 0x8452,
  0x8452, 0x8452, 0x4AAC, 0x0842, 0x0842, 0x4AAC, 0x2146, 0x0842, 0x0000, 0x0000, 0x0000, 0x0000,
  0x0000, 0x0000, 0x0000, 0x0000, 0x0000, 0x0000, 0x0000, 0x0000, 0x0000, 0x0000, 0x0000, 0x0000,
  0x0000, 0x0000, 0x0000, 0x0000, 0x0000, 0x0000, 0x0000, 0x0000, 0x0000, 0x0000, 0x0000, 0x0000,
  0x0000, 0x0000, 0x0000, 0x0000, 0x0000, 0x0000, 0x0000, 0x0000, 0x0000, 0x0000, 0x0000, 0x0000,
  0x0000, 0x0000, 0x0000, 0x0000, 0x0000, 0x0000, 0x0000, 0x0000, 0x0000, 0x0000, 0x0000, 0x0000,
  0x0000, 0x0000, 0x0000, 0x0000, 0x0000, 0x0000, 0x0000, 0x0000, 0x0000, 0x0000, 0x0000, 0x0000,
  0x0000, 0x0000, 0x0000, 0x0000, 0x0000, 0x0000, 0x0000, 0x0000, 0x0000, 0x0000, 0x0000, 0x0000,
  0x0000, 0x0000, 0x0000, 0x0000, 0x0000, 0x0000, 0x0000, 0x0000, 0x0000, 0x0000, 0x0000, 0x0000,
  0x0000, 0x0000, 0x0000, 0x0000, 0x0000, 0x0000, 0x0000, 0x0000, 0x0000, 0x0000, 0x0000, 0x0000,
  0x0000, 0x0000, 0x0000, 0x0000, 0x0000, 0x0000, 0x0000, 0x0000, 0x0000, 0x0000, 0x0000, 0x0000,
  0x0000, 0x0000, 0x0000, 0x0000, 0x0000, 0x0000, 0x0000, 0x0000, 0x0000, 0x0000, 0x0000, 0x0000,
  0x0000, 0x0000, 0x0000, 0x0000, 0x0000, 0x0000, 0x0000, 0x0842, 0x4AAC, 0x8452, 0x0842, 0x0842,
  0x0842, 0x0842, 0xB5F8, 0x4AAC, 0x580B, 0x580B, 0x0842, 0x0842, 0x4AAC, 0x4AAC, 0x0842, 0x8452,
  0x0842, 0x8452, 0x4AAC, 0x4AAC, 0x2146, 0x0842, 0x0842, 0x0000, 0x0000, 0x0000, 0x0000, 0x0000,
  0x0000, 0x0000, 0x0000, 0x0000, 0x0000, 0x0000, 0x0000, 0x0000, 0x0000, 0x0000, 0x0000, 0x0000,
  0x0000, 0x0000, 0x0000, 0x0000, 0x0000, 0x0000, 0x0000, 0x0000, 0x0000, 0x0000, 0x0000, 0x0000,
  0x0000, 0x0000, 0x0000, 0x0000, 0x0000, 0x0000, 0x0000, 0x0000, 0x0000, 0x0000, 0x0000, 0x0000,
  0x0000, 0x0000, 0x0000, 0x0000, 0x0000, 0x0000, 0x0000, 0x0000, 0x0000, 0x0000, 0x0000, 0x0000,
  0x0000, 0x0000, 0x0000, 0x0000, 0x0000, 0x0000, 0x0000, 0x0000, 0x0000, 0x0000, 0x0000, 0x0000,
  0x0000, 0x0000, 0x0000, 0x0000, 0x0000, 0x0000, 0x0000, 0x0000, 0x0000, 0x0000, 0x0000, 0x0000,
  0x0000, 0x0000, 0x0000, 0x0000, 0x0000, 0x0000, 0x0000, 0x0000, 0x0000, 0x0000, 0x0000, 0x0000,
  0x0000, 0x0000, 0x0000, 0x0000, 0x0000, 0x0000, 0x0000, 0x0000, 0x0000, 0x0000, 0x0000, 0x0000,
  0x0000, 0x0000, 0x0000, 0x0000, 0x0000, 0x0000, 0x0000, 0x0000, 0x0000, 0x0000, 0x0000, 0x0000,
  0x0000, 0x0000, 0x0000, 0x0000, 0x0000, 0x0000, 0x0000, 0x0000, 0x0000, 0x0000, 0x0000, 0x0000,
  0x0000, 0x0000, 0x0000, 0x0000, 0x0000, 0x0000, 0x0000, 0x0000, 0x0842, 0x0842, 0x4AAC, 0x4AAC,
  0x2146, 0x8452, 0xE6F9, 0x0842, 0x580B, 0x580B, 0x0842, 0x0842, 0x0842, 0x0842, 0x0842, 0x0842,
  0x0842, 0x0842, 0x0842, 0x0842, 0x0842, 0x0842, 0x0842, 0x0000, 0x0000, 0x0000, 0x0000, 0x0000,
  0x0000, 0x0000, 0x0000, 0x0000, 0x0000, 0x0000, 0x0000, 0x0000, 0x0000, 0x0000, 0x0000, 0x0000,
  0x0000, 0x0000, 0x0000, 0x0000, 0x0000, 0x0000, 0x0000, 0x0000, 0x0000, 0x0000, 0x0000, 0x0000,
  0x0000, 0x0000, 0x0000, 0x0000, 0x0000, 0x0000, 0x0000, 0x0000, 0x0000, 0x0000, 0x0000, 0x0000,
  0x0000, 0x0000, 0x0000, 0x0000, 0x0000, 0x0000, 0x0000, 0x0000, 0x0000, 0x0000, 0x0000, 0x0000,
  0x0000, 0x0000, 0x0000, 0x0000, 0x0000, 0x0000, 0x0000, 0x0000, 0x0000, 0x0000, 0x0000, 0x0000,
  0x0000, 0x0000, 0x0000, 0x0000, 0x0000, 0x0000, 0x0000, 0x0000, 0x0000, 0x0000, 0x0000, 0x0000,
  0x0000, 0x0000, 0x0000, 0x0000, 0x0000, 0x0000, 0x0000, 0x0000, 0x0000, 0x0000, 0x0000, 0x0000,
  0x0000, 0x0000, 0x0000, 0x0000, 0x0000, 0x0000, 0x0000, 0x0000, 0x0000, 0x0000, 0x0000, 0x0000,
  0x0000, 0x0000, 0x0000, 0x0000, 0x0000, 0x0000, 0x0000, 0x0000, 0x0000, 0x0000, 0x0000, 0x0000,
  0x0000, 0x0000, 0x0000, 0x0000, 0x0000, 0x0000, 0x0000, 0x0000, 0x0000, 0x0000, 0x0000, 0x0000,
  0x0000, 0x0000, 0x0000, 0x0000, 0x0000, 0x0000, 0x0000, 0x0000, 0x0000, 0x0000, 0x0842, 0x0842,
  0x0842, 0x0842, 0x0842, 0x0842, 0x0842, 0x0842, 0x0842, 0x0000, 0x0000, 0x0000, 0x0000, 0x0000,
  0x0000, 0x0000, 0x0000, 0x0000, 0x0000, 0x0000, 0x0000, 0x0000, 0x0000, 0x0000, 0x0000, 0x0000,
  0x0000, 0x0000, 0x0000, 0x0000, 0x0000, 0x0000, 0x0000, 0x0000, 0x0000, 0x0000, 0x0000, 0x0000,
  0x0000, 0x0000, 0x0000, 0x0000, 0x0000, 0x0000, 0x0000, 0x0000, 0x0000, 0x0000, 0x0000, 0x0000,
  0x0000, 0x0000, 0x0000, 0x0000, 0x0000, 0x0000, 0x0000, 0x0000, 0x0000, 0x0000, 0x0000, 0x0000,
  0x0000, 0x0000, 0x0000, 0x0000, 0x0000, 0x0000, 0x0000, 0x0000, 0x0000, 0x0000, 0x0000, 0x0000,
  0x0000, 0x0000, 0x0000, 0x0000, 0x0000, 0x0000, 0x0000, 0x0000, 0x0000, 0x0000, 0x0000, 0x0000,
  0x0000, 0x0000, 0x0000, 0x0000, 0x0000, 0x0000, 0x0000, 0x0000, 0x0000, 0x0000, 0x0000, 0x0000,
  0x0000, 0x0000, 0x0000, 0x0000, 0x0000, 0x0000, 0x0000, 0x0000, 0x0000, 0x0000, 0x0000, 0x0000,
  0x0000, 0x0000, 0x0000, 0x0000, 0x0000, 0x0000, 0x0000, 0x0000, 0x0000, 0x0000, 0x0000, 0x0000,
  0x0000, 0x0000, 0x0000, 0x0000, 0x0000, 0x0000, 0x0000, 0x0000, 0x0000, 0x0000, 0x0000, 0x0000,
  0x0000, 0x0000, 0x0000, 0x0000, 0x0000, 0x0000, 0x0000, 0x0000, 0x0000, 0x0000, 0x0000, 0x0000,
  0x0000, 0x0000, 0x0000, 0x0000, 0x0000, 0x0000, 0x0000, 0x0000, 0x0000, 0x0000, 0x0000, 0x0000,
  0x0000, 0x0000, 0x0000, 0x0000, 0x0000, 0x0000, 0x0000, 0x0000, 0x0000, 0x0000, 0x0000, 0x0000,
  0x0000, 0x0000, 0x0000, 0x0000, 0x0000, 0x0000, 0x0000, 0x0000, 0x0000, 0x0000, 0x0000, 0x0000,
  0x0000, 0x0000, 0x0000, 0x0000, 0x0000, 0x0000, 0x0000, 0x0000, 0x0000, 0x0000, 0x0000, 0x0000,
  0x0000, 0x0000, 0x0000, 0x0000, 0x0000, 0x0000, 0x0000, 0x0000, 0x0000, 0x0000, 0x0000, 0x0000,
  0x0000, 0x0000, 0x0000, 0x0000, 0x0000, 0x0000, 0x0000, 0x0000, 0x0000, 0x0000, 0x0000, 0x0000,
  0x0000, 0x0000, 0x0000, 0x0000, 0x0000, 0x0000, 0x0000, 0x0000, 0x0000, 0x0000, 0x0000, 0x0000,
  0x0000, 0x0000, 0x0000, 0x0000, 0x0000, 0x0000, 0x0000, 0x0000, 0x0000, 0x0000, 0x0000, 0x0000,
  0x0000, 0x0000, 0x0000, 0x0000, 0x0000, 0x0000, 0x0000, 0x0000, 0x0000, 0x0000, 0x0000, 0x0000,
  0x0000, 0x0000, 0x0000, 0x0000, 0x0000, 0x0000, 0x0000, 0x0000, 0x0000, 0x0000, 0x0000, 0x0000,
  0x0000, 0x0000, 0x0000, 0x0000, 0x0000, 0x0000, 0x0000, 0x0000, 0x0000, 0x0000, 0x0000, 0x0000,
  0x0000, 0x0000, 0x0000, 0x0000, 0x0000, 0x0000, 0x0000, 0x0000, 0x0000, 0x0000, 0x0000, 0x0000,
  0x0000, 0x0000, 0x0000, 0x0000, 0x0000, 0x0000, 0x0000, 0x0000, 0x0000, 0x0000, 0x0000, 0x0000,
  0x0000, 0x0000, 0x0000, 0x0000, 0x0000, 0x0000, 0x0000, 0x0000, 0x0000, 0x0000, 0x0000, 0x0000,
  0x0000, 0x0000, 0x0000, 0x0000, 0x0000, 0x0000, 0x0000, 0x0000, 0x0000, 0x0000, 0x0000, 0x0000,
  0x0000, 0x0000, 0x0000, 0x0000, 0x0000, 0x0000, 0x0000, 0x0000, 0x0000, 0x0000, 0x0000, 0x0000,
  0x0000, 0x0000, 0x0000, 0x0000, 0x0000, 0x0000, 0x0000, 0x0000, 0x0000, 0x0000, 0x0000, 0x0000,
  0x0000, 0x0000, 0x0000, 0x0000, 0x0000, 0x0000, 0x0000, 0x0000, 0x0000, 0x0000, 0x0000, 0x0000,
  0x0000, 0x0000, 0x0000, 0x0000, 0x0000, 0x0000, 0x0000, 0x0000, 0x0000, 0x0000, 0x0000, 0x0000,
  0x0000, 0x0000, 0x0000, 0x0000, 0x0000, 0x0000, 0x0000, 0x0000, 0x0000, 0x0000, 0x0000, 0x0000,
  0x0000, 0x0000, 0x0000, 0x0000, 0x0000, 0x0000, 0x0000, 0x0000, 0x0000, 0x0000, 0x0000, 0x0000,
  0x0000, 0x0000, 0x0000, 0x0000, 0x0000, 0x0000, 0x0000, 0x0000, 0x0000, 0x0000, 0x0000, 0x0000,
  0x0000, 0x0000, 0x0000, 0x0000, 0x0000, 0x0000, 0x0000, 0x0000, 0x0000, 0x0000, 0x0000, 0x0000,
  0x0000, 0x0000, 0x0000, 0x0000, 0x0000, 0x0000, 0x0000, 0x0000, 0x0000, 0x0000, 0x0000, 0x0000,
  0x0000, 0x0000, 0x0000, 0x0000, 0x0000, 0x0000, 0x0000, 0x0000, 0x0000, 0x0000, 0x0000, 0x0000,
  0x0000, 0x0000, 0x0000, 0x0000, 0x0000, 0x0000, 0x0000, 0x0000, 0x0000, 0x0000, 0x0000, 0x0000,
  0x0000, 0x0000, 0x0000, 0x0000, 0x0000, 0x0000, 0x0000, 0x0000, 0x0000, 0x0000, 0x0000, 0x0000,
  0x0000, 0x0000, 0x0000, 0x0000, 0x0000, 0x0000, 0x0000, 0x0000, 0x0000, 0x0000, 0x0000, 0x0000,
  0x0000, 0x0000, 0x0000, 0x0000, 0x0000, 0x0000, 0x0000, 0x0000, 0x0000, 0x0000, 0x0000, 0x0000,
  0x0000, 0x0000, 0x0000, 0x0000, 0x0000, 0x0000, 0x0000, 0x0000, 0x0000, 0x0000, 0x0000, 0x0000,
  0x0000, 0x0000, 0x0000, 0x0000, 0x0000, 0x0000, 0x0000, 0x0000, 0x0000, 0x0000, 0x0000, 0x0000,
  0x0000, 0x0000, 0x0000, 0x0000, 0x0000, 0x0000, 0x0000, 0x0000, 0x0000, 0x0000, 0x0000, 0x0000,
  0x0000, 0x0000, 0x0000, 0x0000, 0x0000, 0x0000, 0x0000, 0x0000, 0x0000, 0x0000, 0x0000, 0x0000,
  0x0000, 0x0000, 0x0000, 0x0000, 0x0000, 0x0000, 0x0000, 0x0000, 0x0000, 0x0000, 0x0000, 0x0000,
  0x0000, 0x0000, 0x0000, 0x0000, 0x0000, 0x0000, 0x0000, 0x0000, 0x0000, 0x0000, 0x0000, 0x0000,
  0x0000, 0x0000, 0x0000, 0x0000, 0x0000, 0x0000, 0x0000, 0x0000, 0x0000, 0x0000, 0x0000, 0x0000,
  0x0000, 0x0000, 0x0000, 0x0000, 0x0000, 0x0000, 0x0000, 0x0000, 0x0000, 0x0000, 0x0000, 0x0000,
  0x0000, 0x0000, 0x0000, 0x0000, 0x0000, 0x0000, 0x0000, 0x0000, 0x0000, 0x0000, 0x0000, 0x0000,
  0x0000, 0x0000, 0x0000, 0x0000, 0x0000, 0x0000, 0x0000, 0x0000, 0x0000, 0x0000, 0x0000, 0x0000,
  0x0000, 0x0000, 0x0000, 0x0000, 0x0000, 0x0000, 0x0000, 0x0000, 0x0000, 0x0000, 0x0000, 0x0000,
  0x0000, 0x0000, 0x0000, 0x0000, 0x0000, 0x0000, 0x0000, 0x0000, 0x0000, 0x0000, 0x0000, 0x0000,
  0x0000, 0x0000, 0x0000, 0x0000, 0x0000, 0x0000, 0x0000, 0x0000, 0x0000, 0x0000, 0x0000, 0x0000,
  0x0000, 0x0000, 0x0000, 0x0000, 0x0000, 0x0000, 0x0000, 0x0000, 0x0000, 0x0000, 0x0000, 0x0000,
  0x0000, 0x0000, 0x0000, 0x0000, 0x0000, 0x0000, 0x0000, 0x0000, 0x0000, 0x0000, 0x0000, 0x0000,
  0x0000, 0x0000, 0x0000, 0x0000, 0x0000, 0x0000, 0x0000, 0x0000, 0x0000, 0x0000, 0x0000, 0x0000,
  0x0000, 0x0000, 0x0000, 0x0000, 0x0000, 0x0000, 0x0000, 0x0000, 0x0000, 0x0000, 0x0000, 0x0000,
  0x0000, 0x0000, 0x0000, 0x0000, 0x0000, 0x0000, 0x0000, 0x0000, 0x0000, 0x0000, 0x0000, 0x0000,
  0x0000, 0x0000, 0x0000, 0x0000, 0x0000, 0x0000, 0x0000, 0x0000, 0x0000, 0x0000, 0x0000, 0x0000,
  0x0000, 0x0000, 0x0000, 0x0000, 0x0000, 0x0000, 0x0000, 0x0000, 0x0000, 0x0000, 0x0000, 0x0000,
  0x0000, 0x0000, 0x0000, 0x0000, 0x0000, 0x0000, 0x0000, 0x0000, 0x0000, 0x0000, 0x0000, 0x0000,
  0x0000, 0x0000, 0x0000, 0x0000, 0x0000, 0x0000, 0x0000, 0x0000, 0x0000, 0x0000, 0x0000, 0x0000,
  0x0000, 0x0000, 0x0000, 0x0000, 0x0000, 0x0000, 0x0000, 0x0000, 0x0000, 0x0000, 0x0000, 0x0000,
  0x0000, 0x0000, 0x0000, 0x0000, 0x0000, 0x0000, 0x0000, 0x0000, 0x0000, 0x0000, 0x0000, 0x0000,
  0x0000, 0x0000, 0x0000, 0x0000, 0x0000, 0x0000, 0x0000, 0x0000, 0x0000, 0x0000, 0x0000, 0x0000,
  0x0000, 0x0000, 0x0000, 0x0000, 0x0000, 0x0000, 0x0000, 0x0000, 0x0000, 0x0000, 0x0000, 0x0000,
  0x0000, 0x0000, 0x0000, 0x0000, 0x0000, 0x0000, 0x0000, 0x0000, 0x0000, 0x0000, 0x0000, 0x0000,
  0x0000, 0x0000, 0x0000, 0x0000, 0x0000, 0x0000, 0x0000, 0x0000, 0x0000, 0x0000, 0x0000, 0x0000,
  0x0000, 0x0000, 0x0000, 0x0000, 0x0000, 0x0000, 0x0000, 0x0000, 0x0000, 0x0000, 0x0000, 0x0000,
  0x0000, 0x0000, 0x0000, 0x0000, 0x0000, 0x0000, 0x0000, 0x0000, 0x0000, 0x0000, 0x0000, 0x0000,
  0x0000, 0x0000, 0x0000, 0x0000, 0x0000, 0x0000, 0x0000, 0x0000, 0x0000, 0x0000, 0x0000, 0x0000,
  0x0000, 0x0000, 0x0000, 0x0000, 0x0000, 0x0000, 0x0000, 0x0000, 0x0000, 0x0000, 0x0000, 0x0000,
  0x0000, 0x0000, 0x0000, 0x0000, 0x0000, 0x0000, 0x0000, 0x0000, 0x0000, 0x0000, 0x0000, 0x0000,
  0x0000, 0x0000, 0x0000, 0x0000, 0x0000, 0x0000, 0x0000, 0x0000, 0x0000, 0x0000, 0x0000, 0x0000,
  0x0000, 0x0000, 0x0000, 0x0000, 0x0000, 0x0000, 0x0000, 0x0000, 0x0000, 0x0000, 0x0000, 0x0000,
  0x0000, 0x0000, 0x0000, 0x0000, 0x0000, 0x0000, 0x0000, 0x0000, 0x0000, 0x0000, 0x0000, 0x0000,
  0x0000, 0x0000, 0x0000, 0x0000, 0x0000, 0x0000, 0x0000, 0x0000, 0x0000, 0x0000, 0x0000, 0x0000,
  0x0000, 0x0000, 0x0000, 0x0000, 0x0000, 0x0000, 0x0000, 0x0000, 0x0000, 0x0000, 0x0000, 0x0000,
  0x0000, 0x0000, 0x0000, 0x0000, 0x0000, 0x0000, 0x0000, 0x0000, 0x0000, 0x0000, 0x0000, 0x0000,
  0x0000, 0x0000, 0x0000, 0x0000, 0x0000, 0x0000, 0x0000, 0x0000, 0x0000, 0x0000, 0x0000, 0x0000,
  0x0000, 0x0000, 0x0000, 0x0000, 0x0000, 0x0000, 0x0000, 0x0000, 0x0000, 0x0000, 0x0000, 0x0000,
  0x0000, 0x0000, 0x0000, 0x0000, 0x0000, 0x0000, 0x0000, 0x0000, 0x0000, 0x0000, 0x0000, 0x0000,
  0x0000, 0x0000, 0x0000, 0x0000, 0x0000, 0x0000, 0x0000, 0x0000, 0x0000, 0x0000, 0x0000, 0x0000,
  0x0000, 0x0000, 0x0000, 0x0000, 0x0000, 0x0000, 0x0000, 0x0000, 0x0000, 0x0000, 0x0000, 0x0000,
  0x0000, 0x0000, 0x0000, 0x0000, 0x0000, 0x0000, 0x0000, 0x0000, 0x0000, 0x0000, 0x0000, 0x0000,
  0x0000, 0x0000, 0x0000, 0x0000, 0x0000, 0x0000, 0x0000, 0x0000, 0x0000, 0x0000, 0x0000, 0x0000,
  0x0000, 0x0000, 0x0000, 0x0000, 0x0000, 0x0000, 0x0000, 0x0000, 0x0000, 0x0000, 0x0000, 0x0000,
  0x0000, 0x0000, 0x0000, 0x0000, 0x0000, 0x0000, 0x0000, 0x0000, 0x0000, 0x0000, 0x0000, 0x0000,
  0x0000, 0x0000, 0x0000, 0x0000, 0x0000, 0x0000, 0x0000, 0x0000, 0x0000, 0x0000, 0x0000, 0x0000,
  0x0000, 0x0000, 0x0000, 0x0000, 0x0000, 0x0000, 0x0000, 0x0000, 0x0000, 0x0000, 0x0000, 0x0000,
  0x0000, 0x0000, 0x0000, 0x0000, 0x0000, 0x0000, 0x0000, 0x0000, 0x0000, 0x0000, 0x0000, 0x0000,
  0x0000, 0x0000, 0x0000, 0x0000, 0x0000, 0x0000, 0x0000, 0x0000, 0x0000, 0x0000, 0x0000, 0x0000,
  0x0000, 0x0000, 0x0000, 0x0000, 0x0000, 0x0000, 0x0000, 0x0000, 0x0000, 0x0000, 0x0000, 0x0000,
  0x0000, 0x0000, 0x0000, 0x0000, 0x0000, 0x0000, 0x0000, 0x0000, 0x0000, 0x0000, 0x0000, 0x0000,
  0x0000, 0x0000, 0x0000, 0x0000, 0x0000, 0x0000, 0x0000, 0x0000, 0x0000, 0x0000, 0x0000, 0x0000,
  0x0000, 0x0000, 0x0000, 0x0000, 0x0000, 0x0000, 0x0000, 0x0000, 0x0000, 0x0000, 0x0000, 0x0000,
  0x0000, 0x0000, 0x0000, 0x0000, 0x0000, 0x0000, 0x0000, 0x0000, 0x0000, 0x0000, 0x0000, 0x0000,
  0x0000, 0x0000, 0x0000, 0x0000, 0x0000, 0x0000, 0x0000, 0x0000, 0x0000, 0x0000, 0x0000, 0x0000,
  0x0000, 0x0000, 0x0000, 0x0000, 0x0000, 0x0000, 0x0000, 0x0000, 0x0000, 0x0000, 0x0000, 0x0000,
  0x0000, 0x0000, 0x0000, 0x0000, 0x0000, 0x0000, 0x0000, 0x0000, 0x0000, 0x0000, 0x0000, 0x0000,
  0x0000, 0x0000, 0x0000, 0x0000, 0x0000, 0x0000, 0x0000, 0x0000, 0x0000, 0x0000, 0x0000, 0x0000,
  0x0000, 0x0000, 0x0000, 0x0000, 0x0000, 0x0000, 0x0000, 0x0000, 0x0000, 0x0000, 0x0000, 0x0000,
  0x0000, 0x0000, 0x0000, 0x0000, 0x0000, 0x0000, 0x0000, 0x0000, 0x0000, 0x0000, 0x0000, 0x0000,
  0x0000, 0x0000, 0x0000, 0x0000, 0x0000, 0x0000, 0x0000, 0x0000, 0x0000, 0x0000, 0x0000, 0x0000,
  0x0000, 0x0000, 0x0000, 0x0000, 0x0000, 0x0000, 0x0000, 0x0000, 0x0000, 0x0000, 0x0000, 0x0000,
  0x0000, 0x0000, 0x0000, 0x0000, 0x0000, 0x0000, 0x0000, 0x0000, 0x0000, 0x0000, 0x0000, 0x0000,
  0x0000, 0x0000, 0x0000, 0x0000, 0x0000, 0x0000, 0x0000, 0x0000, 0x0000, 0x0000, 0x0000, 0x0000,
  0x0000, 0x0000, 0x0000, 0x0000, 0x0000, 0x0000, 0x0000, 0x0000, 0x0000, 0x0000, 0x0000, 0x0000,
  0x0000, 0x0000, 0x0000, 0x0000, 0x0000, 0x0000, 0x0000, 0x0000, 0x0000, 0x0000, 0x0000, 0x0000,
  0x0000, 0x0000, 0x0000, 0x0000, 0x0000, 0x0000, 0x0000, 0x0000, 0x0000, 0x0000, 0x0000, 0x0000,
  0x0000, 0x0000, 0x0000, 0x0000, 0x0000, 0x0000, 0x0000, 0x0000, 0x0000, 0x0000, 0x0000, 0x0000,
  0x0000, 0x0000, 0x0000, 0x0000, 0x0000, 0x0000, 0x0000, 0x0000, 0x0000, 0x0000, 0x0000, 0x0000,
  0x0000, 0x0000, 0x0000, 0x0000, 0x0000, 0x0000, 0x0000, 0x0000, 0x0000, 0x0000, 0x0000, 0x0000,
  0x0000, 0x0000, 0x0000, 0x0000, 0x0000, 0x0000, 0x0000, 0x0000, 0x0000, 0x0000, 0x0000, 0x0000,
  0x0000, 0x0000, 0x0000, 0x0000, 0x0000, 0x0000, 0x0000, 0x0000, 0x0000, 0x0000, 0x0000, 0x0000,
  0x0000, 0x0000, 0x0000, 0x0000, 0x0000, 0x0000, 0x0000, 0x0000, 0x0000, 0x0000, 0x0000, 0x0000,
  0x0000, 0x0000, 0x0000, 0x0000, 0x0000, 0x0000, 0x0000, 0x0000, 0x0000, 0x0000, 0x0000, 0x0000,
  0x0000, 0x0000, 0x0000, 0x0000, 0x0000, 0x0000, 0x0000, 0x0000, 0x0000, 0x0000, 0x0000, 0x0000,
};
